Company Name,Year,n_E_corporate_tier1plus,Corporate_E_share,Verified_E_share,Specificity_E_mean,ESGSentiment_E_Corporate,n_SG_corporate_tier1plus,Corporate_SG_share,Verified_SG_share,Specificity_SG_mean,ESGSentiment_SG_Corporate
AIG,2012,1.0,0.024390243902439025,0.024390243902439025,2.0,1.0,6.0,0.14634146341463414,0.0,1.0,0.5
AIG,2013,1.0,0.045454545454545456,0.0,1.0,1.0,1.0,0.045454545454545456,0.0,1.0,1.0
AIG,2014,1.0,0.011111111111111112,0.011111111111111112,2.0,1.0,2.0,0.022222222222222223,0.0,1.0,1.0
AIG,2015,0.0,0.0,0.0,,,24.0,0.23529411764705882,0.0196078431372549,1.125,0.08333333333333333
AIG,2016,0.0,0.0,0.0,,,3.0,0.03529411764705882,0.0,1.0,0.0
AIG,2017,2.0,0.020833333333333332,0.020833333333333332,2.5,1.0,6.0,0.0625,0.010416666666666666,1.3333333333333333,0.8333333333333334
AIG,2018,0.0,0.0,0.0,,,6.0,0.08,0.0,1.0,0.8333333333333334
AIG,2019,6.0,0.09836065573770492,0.06557377049180328,1.6666666666666667,0.6666666666666666,6.0,0.09836065573770492,0.01639344262295082,1.3333333333333333,0.5
AIG,2020,,0.0,0.0,,,14.0,0.28,0.12,1.5714285714285714,0.6428571428571429
AIG,2021,6.0,0.0625,0.020833333333333332,1.5,0.6666666666666666,25.0,0.2604166666666667,0.041666666666666664,1.2,0.32
AIG,2022,0.0,0.0,0.0,,,14.0,0.175,0.075,1.5,0.6428571428571429
AIG,2023,1.0,0.008928571428571428,0.008928571428571428,3.0,1.0,7.0,0.0625,0.0,1.0,0.42857142857142855
AXA,2016,3.0,0.07142857142857142,0.023809523809523808,1.3333333333333333,0.6666666666666666,10.0,0.23809523809523808,0.023809523809523808,1.1,0.5
AXA,2017,4.0,0.1111111111111111,0.05555555555555555,1.75,1.0,4.0,0.1111111111111111,0.05555555555555555,1.75,0.75
AXA,2018,2.0,0.04878048780487805,0.04878048780487805,2.5,1.0,5.0,0.12195121951219512,0.04878048780487805,1.6,0.8
AXA,2019,4.0,0.09523809523809523,0.07142857142857142,2.25,1.0,4.0,0.09523809523809523,0.047619047619047616,2.0,0.75
AXA,2020,5.0,0.10638297872340426,0.0425531914893617,1.6,1.0,12.0,0.2553191489361702,0.0425531914893617,1.1666666666666667,0.6666666666666666
AXA,2021,11.0,0.1896551724137931,0.10344827586206896,2.0,0.8181818181818182,13.0,0.22413793103448276,0.08620689655172414,1.5384615384615385,0.9230769230769231
AXA,2022,5.0,0.11627906976744186,0.09302325581395349,1.8,0.6,6.0,0.13953488372093023,0.023255813953488372,1.1666666666666667,0.8333333333333334
AXA,2023,2.0,0.1,0.05,1.5,1.0,4.0,0.2,0.05,1.25,0.5
Allianz,2012,1.0,0.02702702702702703,0.02702702702702703,2.0,-1.0,2.0,0.05405405405405406,0.02702702702702703,1.5,1.0
Allianz,2013,2.0,0.04,0.0,1.0,0.0,,0.0,0.0,,
Allianz,2014,2.0,0.019417475728155338,0.0,1.0,0.5,2.0,0.019417475728155338,0.009708737864077669,1.5,0.0
Allianz,2015,3.0,0.03571428571428571,0.03571428571428571,2.0,1.0,6.0,0.07142857142857142,0.023809523809523808,1.3333333333333333,0.3333333333333333
Allianz,2016,2.0,0.05,0.05,2.5,1.0,5.0,0.125,0.025,1.4,0.8
Allianz,2017,2.0,0.045454545454545456,0.0,1.0,1.0,2.0,0.045454545454545456,0.022727272727272728,2.0,1.0
Allianz,2018,6.0,0.1016949152542373,0.0847457627118644,2.1666666666666665,0.5,3.0,0.05084745762711865,0.03389830508474576,2.3333333333333335,0.6666666666666666
Allianz,2019,3.0,0.07142857142857142,0.07142857142857142,2.3333333333333335,0.6666666666666666,5.0,0.11904761904761904,0.023809523809523808,1.4,0.8
Allianz,2020,2.0,0.047619047619047616,0.047619047619047616,3.0,0.5,7.0,0.16666666666666666,0.07142857142857142,1.8571428571428572,0.8571428571428571
Allianz,2021,6.0,0.12244897959183673,0.061224489795918366,1.6666666666666667,0.8333333333333334,9.0,0.1836734693877551,0.10204081632653061,2.0,0.4444444444444444
Allianz,2022,4.0,0.10256410256410256,0.05128205128205128,1.75,0.75,8.0,0.20512820512820512,0.1282051282051282,2.125,0.875
Allianz,2023,2.0,0.05263157894736842,0.02631578947368421,2.0,1.0,9.0,0.23684210526315788,0.10526315789473684,1.8888888888888888,0.6666666666666666
Allstate,2012,0.0,0.0,0.0,,,8.0,0.1568627450980392,0.0784313725490196,2.0,0.75
Allstate,2013,,0.0,0.0,,,9.0,0.1836734693877551,0.04081632653061224,1.4444444444444444,0.5555555555555556
Allstate,2014,,0.0,0.0,,,9.0,0.1836734693877551,0.04081632653061224,1.4444444444444444,0.5555555555555556
Allstate,2015,0.0,0.0,0.0,,,6.0,0.13636363636363635,0.022727272727272728,1.1666666666666667,0.16666666666666666
Allstate,2016,3.0,0.05454545454545454,0.0,1.0,0.6666666666666666,15.0,0.2727272727272727,0.12727272727272726,1.8,0.4666666666666667
Allstate,2017,0.0,0.0,0.0,,,4.0,0.25,0.0,1.0,0.0
Allstate,2018,,0.0,0.0,,,8.0,0.32,0.16,1.75,0.5
Allstate,2019,5.0,0.14705882352941177,0.08823529411764706,2.0,0.4,9.0,0.2647058823529412,0.058823529411764705,1.2222222222222223,0.6666666666666666
Allstate,2020,7.0,0.15555555555555556,0.06666666666666667,1.7142857142857142,0.7142857142857143,11.0,0.24444444444444444,0.06666666666666667,1.5454545454545454,0.36363636363636365
Allstate,2021,5.0,0.09803921568627451,0.058823529411764705,2.0,0.0,14.0,0.27450980392156865,0.0392156862745098,1.2142857142857142,0.5714285714285714
Allstate,2022,7.0,0.09333333333333334,0.06666666666666667,2.0,0.42857142857142855,17.0,0.22666666666666666,0.05333333333333334,1.2941176470588236,0.4117647058823529
Allstate,2023,9.0,0.06474820143884892,0.03597122302158273,1.7777777777777777,0.6666666666666666,25.0,0.17985611510791366,0.07194244604316546,1.68,0.4
China Life,2012,1.0,0.023255813953488372,0.023255813953488372,2.0,1.0,6.0,0.13953488372093023,0.023255813953488372,1.1666666666666667,0.3333333333333333
China Life,2013,3.0,0.06818181818181818,0.045454545454545456,2.3333333333333335,1.0,8.0,0.18181818181818182,0.045454545454545456,1.375,0.875
China Life,2014,2.0,0.05263157894736842,0.0,1.0,1.0,5.0,0.13157894736842105,0.07894736842105263,1.8,0.6
China Life,2015,,0.0,0.0,,,6.0,0.13953488372093023,0.06976744186046512,1.8333333333333333,0.6666666666666666
China Life,2016,1.0,0.017857142857142856,0.0,1.0,1.0,2.0,0.03571428571428571,0.0,1.0,0.5
China Life,2017,,0.0,0.0,,,3.0,0.08108108108108109,0.0,1.0,0.3333333333333333
China Life,2018,1.0,0.011494252873563218,0.0,1.0,1.0,10.0,0.11494252873563218,0.04597701149425287,1.8,0.0
China Life,2019,2.0,0.022988505747126436,0.011494252873563218,1.5,0.5,12.0,0.13793103448275862,0.08045977011494253,1.9166666666666667,0.5833333333333334
China Life,2020,5.0,0.06172839506172839,0.037037037037037035,2.0,0.8,15.0,0.18518518518518517,0.09876543209876543,1.7333333333333334,0.8
China Life,2021,2.0,0.031746031746031744,0.031746031746031744,2.5,0.5,7.0,0.1111111111111111,0.031746031746031744,1.4285714285714286,0.7142857142857143
China Life,2022,2.0,0.045454545454545456,0.022727272727272728,1.5,0.5,4.0,0.09090909090909091,0.0,1.0,0.75
China Life,2023,4.0,0.07547169811320754,0.03773584905660377,1.75,1.0,8.0,0.1509433962264151,0.03773584905660377,1.375,0.875
Chubb,2012,0.0,0.0,0.0,,,0.0,0.0,0.0,,
Chubb,2013,1.0,0.003125,0.0,1.0,0.0,8.0,0.025,0.0,1.0,0.0
Chubb,2014,4.0,0.009685230024213076,0.007263922518159807,2.0,1.0,15.0,0.03631961259079903,0.004842615012106538,1.2666666666666666,0.0
Chubb,2015,0.0,0.0,0.0,,,8.0,0.03278688524590164,0.004098360655737705,1.125,0.0
Chubb,2016,4.0,0.0149812734082397,0.00749063670411985,1.75,0.5,10.0,0.03745318352059925,0.003745318352059925,1.1,0.0
Chubb,2017,10.0,0.026525198938992044,0.013262599469496022,1.6,0.3,8.0,0.021220159151193633,0.007957559681697613,1.5,0.5
Chubb,2018,17.0,0.044270833333333336,0.0234375,1.7647058823529411,0.29411764705882354,12.0,0.03125,0.010416666666666666,1.4166666666666667,0.6666666666666666
Chubb,2019,24.0,0.05542725173210162,0.03233256351039261,1.75,0.4166666666666667,31.0,0.07159353348729793,0.004618937644341801,1.064516129032258,0.3870967741935484
Chubb,2020,17.0,0.03571428571428571,0.012605042016806723,1.411764705882353,0.23529411764705882,31.0,0.06512605042016807,0.018907563025210083,1.3225806451612903,0.25806451612903225
Chubb,2021,40.0,0.078125,0.0390625,1.675,0.35,22.0,0.04296875,0.005859375,1.1818181818181819,0.2727272727272727
Chubb,2022,16.0,0.03800475059382423,0.026128266033254157,1.8125,0.4375,10.0,0.023752969121140142,0.0023752969121140144,1.2,0.3
Chubb,2023,19.0,0.04328018223234624,0.029612756264236904,1.6842105263157894,0.3157894736842105,12.0,0.02733485193621868,0.0,1.0,0.0
Daichi,2012,6.0,0.09090909090909091,0.06060606060606061,1.6666666666666667,0.8333333333333334,13.0,0.19696969696969696,0.10606060606060606,1.5384615384615385,0.46153846153846156
Daichi,2013,4.0,0.027586206896551724,0.006896551724137931,1.5,0.75,15.0,0.10344827586206896,0.013793103448275862,1.1333333333333333,0.4
Daichi,2014,2.0,0.031746031746031744,0.015873015873015872,1.5,0.5,22.0,0.3492063492063492,0.15873015873015872,1.4545454545454546,0.6818181818181818
Daichi,2015,2.0,0.03225806451612903,0.016129032258064516,1.5,0.5,22.0,0.3548387096774194,0.16129032258064516,1.4545454545454546,0.7272727272727273
Daichi,2016,0.0,0.0,0.0,,,11.0,0.1746031746031746,0.047619047619047616,1.2727272727272727,0.45454545454545453
Daichi,2017,0.0,0.0,0.0,,,7.0,0.1794871794871795,0.0,1.0,0.14285714285714285
Daichi,2018,0.0,0.0,0.0,,,36.0,0.29508196721311475,0.04918032786885246,1.1666666666666667,0.5833333333333334
Daichi,2019,0.0,0.0,0.0,,,9.0,0.32142857142857145,0.0,1.0,0.4444444444444444
Daichi,2020,10.0,0.072992700729927,0.021897810218978103,1.3,0.6,26.0,0.1897810218978102,0.072992700729927,1.4230769230769231,0.2692307692307692
Daichi,2021,6.0,0.03260869565217391,0.0,1.0,0.3333333333333333,40.0,0.21739130434782608,0.05434782608695652,1.25,0.4
Daichi,2022,0.0,0.0,0.0,,,5.0,0.06493506493506493,0.025974025974025976,1.6,0.2
Daichi,2023,0.0,0.0,0.0,,,17.0,0.16666666666666666,0.029411764705882353,1.1764705882352942,0.7058823529411765
Generali,2012,,0.0,0.0,,,3.0,0.25,0.08333333333333333,1.3333333333333333,0.6666666666666666
Generali,2013,,0.0,0.0,,,2.0,0.11764705882352941,0.058823529411764705,1.5,0.5
Generali,2014,0.0,0.0,0.0,,,2.0,0.08333333333333333,0.0,1.0,0.5
Generali,2015,1.0,0.045454545454545456,0.0,1.0,0.0,0.0,0.0,0.0,,
Generali,2016,1.0,0.05555555555555555,0.0,1.0,0.0,1.0,0.05555555555555555,0.0,1.0,0.0
Generali,2017,1.0,0.047619047619047616,0.047619047619047616,2.0,0.0,5.0,0.23809523809523808,0.09523809523809523,1.4,0.2
Generali,2018,4.0,0.16,0.16,2.0,0.5,3.0,0.12,0.04,1.6666666666666667,1.0
Generali,2019,6.0,0.18181818181818182,0.15151515151515152,2.0,0.16666666666666666,4.0,0.12121212121212122,0.030303030303030304,1.25,0.5
Generali,2020,3.0,0.1,0.06666666666666667,2.0,0.6666666666666666,6.0,0.2,0.06666666666666667,1.6666666666666667,0.5
Generali,2021,3.0,0.1,0.06666666666666667,2.0,0.6666666666666666,6.0,0.2,0.06666666666666667,1.6666666666666667,0.5
Generali,2022,9.0,0.23684210526315788,0.13157894736842105,1.8888888888888888,0.3333333333333333,5.0,0.13157894736842105,0.07894736842105263,1.6,0.6
Generali,2023,4.0,0.18181818181818182,0.09090909090909091,1.75,0.75,3.0,0.13636363636363635,0.13636363636363635,2.6666666666666665,1.0
MET,2012,,0.0,0.0,,,9.0,0.08823529411764706,0.0196078431372549,1.2222222222222223,0.3333333333333333
MET,2013,,0.0,0.0,,,0.0,0.0,0.0,,
MSAD,2012,6.0,0.07317073170731707,0.024390243902439025,1.5,0.0,1.0,0.012195121951219513,0.0,1.0,1.0
MSAD,2013,1.0,0.03571428571428571,0.0,1.0,1.0,5.0,0.17857142857142858,0.03571428571428571,1.2,0.0
MSAD,2014,1.0,0.03333333333333333,0.0,1.0,1.0,4.0,0.13333333333333333,0.03333333333333333,1.5,0.75
MSAD,2015,8.0,0.04395604395604396,0.02197802197802198,1.5,0.5,34.0,0.18681318681318682,0.03296703296703297,1.3235294117647058,0.2647058823529412
MSAD,2016,4.0,0.028368794326241134,0.02127659574468085,2.0,0.5,9.0,0.06382978723404255,0.02127659574468085,1.3333333333333333,0.3333333333333333
MSAD,2017,7.0,0.04794520547945205,0.0136986301369863,1.4285714285714286,0.7142857142857143,31.0,0.21232876712328766,0.02054794520547945,1.1935483870967742,0.3870967741935484
MSAD,2018,15.0,0.08771929824561403,0.04678362573099415,1.6,0.6666666666666666,32.0,0.1871345029239766,0.029239766081871343,1.21875,0.25
MSAD,2019,23.0,0.17293233082706766,0.08270676691729323,1.565217391304348,0.5652173913043478,32.0,0.24060150375939848,0.05263157894736842,1.25,0.03125
MSAD,2020,11.0,0.07534246575342465,0.0273972602739726,1.3636363636363635,0.45454545454545453,25.0,0.17123287671232876,0.04794520547945205,1.28,0.72
MSAD,2021,18.0,0.11612903225806452,0.05806451612903226,1.6111111111111112,0.5,42.0,0.2709677419354839,0.12903225806451613,1.619047619047619,0.42857142857142855
MSAD,2022,16.0,0.11188811188811189,0.02097902097902098,1.25,0.375,40.0,0.27972027972027974,0.08391608391608392,1.35,0.625
MSAD,2023,17.0,0.13385826771653545,0.05511811023622047,1.4705882352941178,0.6470588235294118,30.0,0.23622047244094488,0.08661417322834646,1.4333333333333333,0.8
Munich RE,2012,4.0,0.09090909090909091,0.045454545454545456,1.5,0.0,,0.0,0.0,,
Munich RE,2013,1.0,0.030303030303030304,0.030303030303030304,2.0,0.0,,0.0,0.0,,
Munich RE,2014,1.0,0.025,0.0,1.0,0.0,0.0,0.0,0.0,,
Munich RE,2015,3.0,0.06521739130434782,0.06521739130434782,2.0,1.0,,0.0,0.0,,
Munich RE,2016,2.0,0.047619047619047616,0.0,1.0,1.0,,0.0,0.0,,
Munich RE,2017,0.0,0.0,0.0,,,1.0,0.017857142857142856,0.017857142857142856,3.0,1.0
Munich RE,2018,0.0,0.0,0.0,,,2.0,0.04081632653061224,0.0,1.0,0.0
Munich RE,2019,9.0,0.15,0.13333333333333333,2.2222222222222223,0.5555555555555556,,0.0,0.0,,
Munich RE,2020,7.0,0.0945945945945946,0.08108108108108109,2.142857142857143,0.5714285714285714,8.0,0.10810810810810811,0.02702702702702703,1.375,0.5
Munich RE,2021,25.0,0.29069767441860467,0.19767441860465115,1.96,0.52,3.0,0.03488372093023256,0.03488372093023256,2.6666666666666665,1.0
Munich RE,2022,11.0,0.13095238095238096,0.08333333333333333,1.9090909090909092,0.7272727272727273,9.0,0.10714285714285714,0.05952380952380952,1.7777777777777777,0.5555555555555556
Munich RE,2023,6.0,0.075,0.0375,1.8333333333333333,0.3333333333333333,1.0,0.0125,0.0125,3.0,1.0
PIC,2012,3.0,0.05172413793103448,0.034482758620689655,2.3333333333333335,0.6666666666666666,5.0,0.08620689655172414,0.0,1.0,1.0
PIC,2013,3.0,0.07317073170731707,0.04878048780487805,2.3333333333333335,0.3333333333333333,4.0,0.0975609756097561,0.0,1.0,0.5
PIC,2014,1.0,0.019230769230769232,0.0,1.0,1.0,7.0,0.1346153846153846,0.057692307692307696,1.4285714285714286,0.8571428571428571
PIC,2015,1.0,0.016666666666666666,0.016666666666666666,3.0,1.0,2.0,0.03333333333333333,0.016666666666666666,1.5,0.5
PIC,2016,4.0,0.058823529411764705,0.029411764705882353,1.75,0.5,14.0,0.20588235294117646,0.10294117647058823,1.5,0.5
PIC,2017,4.0,0.058823529411764705,0.029411764705882353,1.75,0.5,14.0,0.20588235294117646,0.11764705882352941,1.5714285714285714,0.5
PIC,2018,4.0,0.041666666666666664,0.041666666666666664,2.5,0.75,11.0,0.11458333333333333,0.041666666666666664,1.6363636363636365,0.45454545454545453
PIC,2019,4.0,0.03508771929824561,0.017543859649122806,1.75,1.0,11.0,0.09649122807017543,0.03508771929824561,1.5454545454545454,0.7272727272727273
PIC,2020,3.0,0.0375,0.0125,1.3333333333333333,0.6666666666666666,7.0,0.0875,0.05,1.7142857142857142,0.42857142857142855
PIC,2021,2.0,0.031746031746031744,0.031746031746031744,2.5,1.0,3.0,0.047619047619047616,0.047619047619047616,2.0,1.0
PIC,2022,2.0,0.03333333333333333,0.016666666666666666,1.5,1.0,7.0,0.11666666666666667,0.05,1.5714285714285714,0.7142857142857143
PIC,2023,4.0,0.07017543859649122,0.03508771929824561,1.5,0.25,5.0,0.08771929824561403,0.017543859649122806,1.2,0.6
Ping An,2012,6.0,0.05309734513274336,0.035398230088495575,2.1666666666666665,0.8333333333333334,12.0,0.10619469026548672,0.07079646017699115,2.0833333333333335,0.8333333333333334
Ping An,2013,4.0,0.03278688524590164,0.01639344262295082,2.0,1.0,20.0,0.16393442622950818,0.13114754098360656,2.15,0.55
Ping An,2014,2.0,0.015037593984962405,0.007518796992481203,2.0,1.0,17.0,0.12781954887218044,0.06015037593984962,1.6470588235294117,0.47058823529411764
Ping An,2015,,0.0,0.0,,,4.0,0.025806451612903226,0.012903225806451613,1.75,1.0
Ping An,2016,0.0,0.0,0.0,,,1.0,0.01818181818181818,0.01818181818181818,2.0,0.0
Ping An,2017,1.0,0.014925373134328358,0.0,1.0,0.0,3.0,0.04477611940298507,0.029850746268656716,2.3333333333333335,0.6666666666666666
Ping An,2018,1.0,0.014925373134328358,0.0,1.0,0.0,10.0,0.14925373134328357,0.11940298507462686,2.3,0.5
Ping An,2019,6.0,0.07142857142857142,0.023809523809523808,1.3333333333333333,0.8333333333333334,7.0,0.08333333333333333,0.03571428571428571,1.5714285714285714,0.8571428571428571
Ping An,2020,2.0,0.023809523809523808,0.023809523809523808,2.0,0.0,8.0,0.09523809523809523,0.03571428571428571,1.625,0.875
Ping An,2021,10.0,0.10204081632653061,0.07142857142857142,2.0,0.4,11.0,0.11224489795918367,0.02040816326530612,1.2727272727272727,0.5454545454545454
Ping An,2022,5.0,0.05,0.02,1.8,0.4,16.0,0.16,0.06,1.625,0.75
Ping An,2023,7.0,0.05426356589147287,0.03875968992248062,2.0,0.5714285714285714,17.0,0.13178294573643412,0.015503875968992248,1.1764705882352942,0.35294117647058826
Power Corp Canada,2012,0.0,0.0,0.0,,,3.0,0.016483516483516484,0.0,1.0,0.0
Power Corp Canada,2013,3.0,0.018292682926829267,0.018292682926829267,2.3333333333333335,0.3333333333333333,3.0,0.018292682926829267,0.0,1.0,0.0
Power Corp Canada,2014,4.0,0.034782608695652174,0.02608695652173913,2.0,0.25,6.0,0.05217391304347826,0.017391304347826087,1.3333333333333333,0.5
Power Corp Canada,2015,3.0,0.02608695652173913,0.017391304347826087,2.0,0.0,6.0,0.05217391304347826,0.017391304347826087,1.3333333333333333,0.5
Power Corp Canada,2016,5.0,0.034482758620689655,0.027586206896551724,2.0,0.2,10.0,0.06896551724137931,0.013793103448275862,1.4,0.3
Power Corp Canada,2017,6.0,0.049586776859504134,0.04132231404958678,2.1666666666666665,0.0,4.0,0.03305785123966942,0.008264462809917356,1.5,0.5
Power Corp Canada,2018,7.0,0.0660377358490566,0.05660377358490566,2.0,0.2857142857142857,3.0,0.02830188679245283,0.009433962264150943,1.6666666666666667,0.6666666666666666
Power Corp Canada,2019,4.0,0.038834951456310676,0.019417475728155338,1.5,0.0,11.0,0.10679611650485436,0.009708737864077669,1.0909090909090908,0.5454545454545454
Power Corp Canada,2020,3.0,0.03225806451612903,0.021505376344086023,1.6666666666666667,0.3333333333333333,15.0,0.16129032258064516,0.053763440860215055,1.5333333333333334,0.5333333333333333
Power Corp Canada,2021,9.0,0.10465116279069768,0.05813953488372093,1.5555555555555556,0.7777777777777778,5.0,0.05813953488372093,0.023255813953488372,1.8,0.2
Power Corp Canada,2022,13.0,0.09027777777777778,0.034722222222222224,1.3846153846153846,0.6153846153846154,6.0,0.041666666666666664,0.020833333333333332,2.0,0.3333333333333333
Power Corp Canada,2023,4.0,0.056338028169014086,0.04225352112676056,2.25,0.25,7.0,0.09859154929577464,0.04225352112676056,1.7142857142857142,0.8571428571428571
Progressive,2018,2.0,0.010869565217391304,0.010869565217391304,3.0,-1.0,21.0,0.11413043478260869,0.021739130434782608,1.2857142857142858,0.42857142857142855
Progressive,2019,5.0,0.0273224043715847,0.01092896174863388,1.8,-0.2,34.0,0.18579234972677597,0.060109289617486336,1.4411764705882353,0.38235294117647056
Progressive,2021,4.0,0.0213903743315508,0.0213903743315508,2.25,0.75,45.0,0.24064171122994651,0.06417112299465241,1.3333333333333333,0.37777777777777777
Progressive,2022,1.0,0.0036496350364963502,0.0,1.0,1.0,68.0,0.24817518248175183,0.11678832116788321,1.6323529411764706,0.35294117647058826
Progressive,2023,1.0,0.003484320557491289,0.0,1.0,1.0,107.0,0.37282229965156793,0.15331010452961671,1.514018691588785,0.42990654205607476
Prudential Financials,2015,2.0,0.01639344262295082,0.00819672131147541,1.5,1.0,21.0,0.1721311475409836,0.04918032786885246,1.380952380952381,0.7142857142857143
Prudential Financials,2016,4.0,0.03571428571428571,0.0,1.0,0.75,28.0,0.25,0.07142857142857142,1.4285714285714286,0.5357142857142857
Prudential Financials,2017,,0.0,0.0,,,46.0,0.36507936507936506,0.14285714285714285,1.565217391304348,0.717391304347826
Prudential Financials,2018,1.0,0.005917159763313609,0.0,1.0,1.0,103.0,0.6094674556213018,0.2781065088757396,1.6796116504854368,0.6893203883495146
Prudential Financials,2019,2.0,0.034482758620689655,0.017241379310344827,1.5,0.0,16.0,0.27586206896551724,0.034482758620689655,1.125,0.5
Prudential Financials,2020,7.0,0.09333333333333334,0.05333333333333334,1.7142857142857142,0.8571428571428571,25.0,0.3333333333333333,0.09333333333333334,1.44,0.8
Prudential Financials,2021,11.0,0.12643678160919541,0.06896551724137931,1.7272727272727273,0.6363636363636364,34.0,0.39080459770114945,0.1724137931034483,1.7352941176470589,0.5
Prudential Financials,2022,4.0,0.056338028169014086,0.014084507042253521,1.25,0.5,18.0,0.2535211267605634,0.056338028169014086,1.3888888888888888,0.5555555555555556
Prudential Financials,2023,,0.0,0.0,,,17.0,0.3269230769230769,0.09615384615384616,1.411764705882353,0.5294117647058824
Sompo,2012,0.0,0.0,0.0,,,2.0,0.10526315789473684,0.0,1.0,1.0
Sompo,2013,0.0,0.0,0.0,,,3.0,0.1875,0.0,1.0,0.6666666666666666
Sompo,2014,,0.0,0.0,,,6.0,0.2222222222222222,0.037037037037037035,1.1666666666666667,0.16666666666666666
Sompo,2015,,0.0,0.0,,,5.0,0.25,0.1,1.4,0.6
Sompo,2016,5.0,0.054945054945054944,0.03296703296703297,1.6,0.6,21.0,0.23076923076923078,0.12087912087912088,1.619047619047619,0.38095238095238093
Sompo,2017,8.0,0.11428571428571428,0.02857142857142857,1.25,0.75,16.0,0.22857142857142856,0.07142857142857142,1.3125,0.6875
Sompo,2018,2.0,0.022222222222222223,0.0,1.0,1.0,19.0,0.2111111111111111,0.022222222222222223,1.105263157894737,0.631578947368421
Sompo,2019,5.0,0.038461538461538464,0.0,1.0,0.6,26.0,0.2,0.046153846153846156,1.2307692307692308,0.38461538461538464
Sompo,2020,7.0,0.0472972972972973,0.013513513513513514,1.4285714285714286,0.42857142857142855,39.0,0.2635135135135135,0.05405405405405406,1.2307692307692308,0.5897435897435898
Sompo,2021,5.0,0.043859649122807015,0.03508771929824561,2.0,0.0,26.0,0.22807017543859648,0.05263157894736842,1.2307692307692308,0.38461538461538464
Sompo,2022,5.0,0.026881720430107527,0.0,1.0,0.2,55.0,0.2956989247311828,0.07526881720430108,1.309090909090909,0.32727272727272727
Sompo,2023,0.0,0.0,0.0,,,18.0,0.25,0.1111111111111111,1.5,0.5
Swiss RE,2013,,0.0,0.0,,,0.0,0.0,0.0,,
Swiss RE,2014,5.0,0.09259259259259259,0.018518518518518517,1.2,0.8,3.0,0.05555555555555555,0.0,1.0,0.3333333333333333
Swiss RE,2015,2.0,0.045454545454545456,0.0,1.0,0.5,3.0,0.06818181818181818,0.0,1.0,0.6666666666666666
Swiss RE,2016,3.0,0.04477611940298507,0.014925373134328358,1.3333333333333333,0.3333333333333333,1.0,0.014925373134328358,0.0,1.0,0.0
Swiss RE,2017,12.0,0.14634146341463414,0.06097560975609756,1.5,0.5833333333333334,5.0,0.06097560975609756,0.024390243902439025,1.4,0.2
Swiss RE,2018,9.0,0.0967741935483871,0.043010752688172046,1.5555555555555556,0.5555555555555556,2.0,0.021505376344086023,0.0,1.0,0.5
Swiss RE,2019,17.0,0.1559633027522936,0.09174311926605505,2.0588235294117645,0.47058823529411764,4.0,0.03669724770642202,0.01834862385321101,1.75,0.75
Swiss RE,2020,11.0,0.14666666666666667,0.12,2.1818181818181817,0.7272727272727273,1.0,0.013333333333333334,0.0,1.0,0.0
Swiss RE,2021,11.0,0.11702127659574468,0.0851063829787234,2.1818181818181817,0.6363636363636364,9.0,0.09574468085106383,0.031914893617021274,1.5555555555555556,0.4444444444444444
Swiss RE,2022,10.0,0.10416666666666667,0.08333333333333333,2.5,0.7,9.0,0.09375,0.020833333333333332,1.4444444444444444,0.5555555555555556
Swiss RE,2023,13.0,0.17105263157894737,0.10526315789473684,1.8461538461538463,0.7692307692307693,7.0,0.09210526315789473,0.0,1.0,0.8571428571428571
Talanx,2012,0.0,0.0,0.0,,,1.0,0.024390243902439025,0.0,1.0,0.0
Talanx,2013,0.0,0.0,0.0,,,1.0,0.024390243902439025,0.0,1.0,0.0
Talanx,2014,0.0,0.0,0.0,,,1.0,0.017241379310344827,0.017241379310344827,2.0,0.0
Talanx,2015,0.0,0.0,0.0,,,0.0,0.0,0.0,,
Talanx,2016,0.0,0.0,0.0,,,1.0,0.018867924528301886,0.018867924528301886,3.0,-1.0
Talanx,2017,0.0,0.0,0.0,,,1.0,0.023255813953488372,0.0,1.0,1.0
Talanx,2019,2.0,0.05714285714285714,0.05714285714285714,2.5,1.0,3.0,0.08571428571428572,0.02857142857142857,1.6666666666666667,0.6666666666666666
Talanx,2020,4.0,0.09523809523809523,0.09523809523809523,2.75,0.75,2.0,0.047619047619047616,0.0,1.0,0.5
Talanx,2021,5.0,0.13157894736842105,0.07894736842105263,2.2,1.0,1.0,0.02631578947368421,0.0,1.0,1.0
Talanx,2022,6.0,0.12,0.06,2.0,0.6666666666666666,4.0,0.08,0.0,1.0,0.75
Talanx,2023,7.0,0.14893617021276595,0.10638297872340426,2.2857142857142856,1.0,1.0,0.02127659574468085,0.0,1.0,0.0
Tokio Marine,2014,1.0,0.058823529411764705,0.0,1.0,1.0,5.0,0.29411764705882354,0.11764705882352941,1.4,0.6
Tokio Marine,2015,1.0,0.045454545454545456,0.0,1.0,1.0,7.0,0.3181818181818182,0.09090909090909091,1.2857142857142858,0.7142857142857143
Tokio Marine,2016,1.0,0.0625,0.0,1.0,1.0,5.0,0.3125,0.0625,1.2,0.8
Tokio Marine,2017,8.0,0.06611570247933884,0.008264462809917356,1.125,0.75,32.0,0.2644628099173554,0.04132231404958678,1.15625,0.4375
Tokio Marine,2018,1.0,0.01694915254237288,0.0,1.0,0.0,18.0,0.3050847457627119,0.0,1.0,0.5
Tokio Marine,2019,7.0,0.04964539007092199,0.014184397163120567,1.2857142857142858,0.7142857142857143,37.0,0.2624113475177305,0.04964539007092199,1.2702702702702702,0.35135135135135137
Tokio Marine,2020,12.0,0.06282722513089005,0.041884816753926704,2.0833333333333335,0.3333333333333333,31.0,0.16230366492146597,0.020942408376963352,1.1612903225806452,0.41935483870967744
Tokio Marine,2021,15.0,0.08620689655172414,0.04597701149425287,1.6,0.4,37.0,0.21264367816091953,0.040229885057471264,1.2432432432432432,0.3783783783783784
Tokio Marine,2022,21.0,0.1320754716981132,0.050314465408805034,1.4761904761904763,0.6666666666666666,30.0,0.18867924528301888,0.06289308176100629,1.4333333333333333,0.4
Tokio Marine,2023,11.0,0.07913669064748201,0.03597122302158273,1.5454545454545454,0.6363636363636364,26.0,0.18705035971223022,0.04316546762589928,1.2307692307692308,0.4230769230769231
Travelers,2012,8.0,0.07079646017699115,0.05309734513274336,2.125,0.0,13.0,0.11504424778761062,0.061946902654867256,1.5384615384615385,0.6153846153846154
Travelers,2013,4.0,0.056338028169014086,0.028169014084507043,1.75,0.5,11.0,0.15492957746478872,0.08450704225352113,1.9090909090909092,0.36363636363636365
Travelers,2014,4.0,0.05,0.025,1.75,0.25,10.0,0.125,0.0625,1.9,0.2
Travelers,2015,,0.0,0.0,,,14.0,0.0979020979020979,0.04195804195804196,1.5714285714285714,0.35714285714285715
Travelers,2016,3.0,0.02142857142857143,0.014285714285714285,1.6666666666666667,0.6666666666666666,19.0,0.1357142857142857,0.05714285714285714,1.6842105263157894,0.3684210526315789
Travelers,2017,5.0,0.02857142857142857,0.02857142857142857,2.4,0.6,26.0,0.14857142857142858,0.05714285714285714,1.6538461538461537,0.3076923076923077
Travelers,2018,2.0,0.011695906432748537,0.005847953216374269,1.5,0.5,15.0,0.08771929824561403,0.023391812865497075,1.3333333333333333,0.4
Travelers,2019,5.0,0.02717391304347826,0.021739130434782608,1.8,0.2,16.0,0.08695652173913043,0.010869565217391304,1.125,0.3125
Travelers,2020,18.0,0.09183673469387756,0.05612244897959184,1.8888888888888888,0.3888888888888889,33.0,0.1683673469387755,0.05102040816326531,1.3333333333333333,0.5454545454545454
Travelers,2021,10.0,0.056179775280898875,0.028089887640449437,1.6,0.3,27.0,0.15168539325842698,0.03932584269662921,1.2592592592592593,0.4444444444444444
Travelers,2022,6.0,0.031088082901554404,0.015544041450777202,1.8333333333333333,0.8333333333333334,25.0,0.12953367875647667,0.015544041450777202,1.12,0.4
Travelers,2023,4.0,0.018779342723004695,0.004694835680751174,1.25,0.75,10.0,0.046948356807511735,0.018779342723004695,1.4,0.4
Zurich,2012,0.0,0.0,0.0,,,0.0,0.0,0.0,,
Zurich,2013,2.0,0.038461538461538464,0.038461538461538464,3.0,1.0,2.0,0.038461538461538464,0.0,1.0,1.0
Zurich,2014,5.0,0.15151515151515152,0.12121212121212122,2.0,0.8,1.0,0.030303030303030304,0.0,1.0,1.0
Zurich,2015,3.0,0.07894736842105263,0.05263157894736842,2.3333333333333335,1.0,,0.0,0.0,,
Zurich,2016,1.0,0.016666666666666666,0.0,1.0,0.0,0.0,0.0,0.0,,
Zurich,2017,3.0,0.045454545454545456,0.030303030303030304,2.0,0.3333333333333333,11.0,0.16666666666666666,0.015151515151515152,1.1818181818181819,0.5454545454545454
Zurich,2018,4.0,0.07547169811320754,0.03773584905660377,1.75,0.75,12.0,0.22641509433962265,0.07547169811320754,1.3333333333333333,0.5833333333333334
Zurich,2019,5.0,0.07462686567164178,0.05970149253731343,2.0,0.8,16.0,0.23880597014925373,0.1044776119402985,1.5,0.5
Zurich,2020,7.0,0.11290322580645161,0.06451612903225806,2.0,0.7142857142857143,16.0,0.25806451612903225,0.12903225806451613,1.6875,0.875
Zurich,2021,12.0,0.19047619047619047,0.07936507936507936,1.4166666666666667,0.5,9.0,0.14285714285714285,0.015873015873015872,1.2222222222222223,0.5555555555555556
Zurich,2022,11.0,0.1864406779661017,0.1016949152542373,1.6363636363636365,0.8181818181818182,10.0,0.1694915254237288,0.0,1.0,0.6
Zurich,2023,1.0,0.02631578947368421,0.0,1.0,1.0,,0.0,0.0,,
