Company,Year,total_sent,esg_sent,esg_ratio,ESG_n_sent,ESG_share_pos,ESG_share_neg,ESG_share_neu,ESG_sent_index,Corporate_ESG_share,Verified_ESG_share,Specificity_mean,ESGSentiment_Corporate,Verified_ESG_share_allrelevance,Specificity_mean_allrelevance,cluster,cluster_2d_legacy,cluster_3d,Total Assets (Million USD)_x,Total Liabilities (Million USD)_x,Total Equity (Million USD),Leverage,Revenue Growth YoY (%),"Net Income, Adj",ROA,ROE,ROE_sign_flip_risk,Size,Region,Market Capitalization (Million USD),Total Assets (Million USD)_y,Total Liabilities (Million USD)_y,Tobins Q,SR_CEO_Letter
AIG,2012,41,9,0.2195121951219512,9.0,0.5555555555555556,0.2222222222222222,0.2222222222222222,0.3333333333333333,0.1707317073170731,0.024390243902439,1.1428571428571428,0.5714285714285714,0.024390243902439,1.1428571428571428,2.0,2.0,2.0,548633.0,449630.0,99003.0,4.541579548094502,8.6607,6074.5,0.0110720645677529,0.0613567265638415,0,13.215185008793538,N. America,52114.1643,548633.0,449630.0,0.9145351524607525,0
AIG,2013,22,6,0.2727272727272727,6.0,1.0,0.0,0.0,1.0,0.0909090909090909,0.0,1.0,1.0,0.0,1.0,1.0,2.0,1.0,541329.0,440218.0,101111.0,4.353809180010088,-4.7897,6545.0,0.0120906140258511,0.0647308403635608,0,13.201782506077503,N. America,74740.4326,541329.0,440218.0,0.9512855077041872,0
AIG,2014,90,8,0.0888888888888888,8.0,0.625,0.0,0.375,0.625,0.0333333333333333,0.0111111111111111,1.3333333333333333,1.0,0.0111111111111111,1.3333333333333333,1.0,2.0,1.0,515581.0,408309.0,107272.0,3.80629614438064,-4.653,7908.0,0.015338036118476,0.0737191438586024,0,13.153049699096654,N. America,77065.6696,515581.0,408309.0,0.9414130264691678,0
AIG,2015,102,27,0.2647058823529412,27.0,0.1851851851851851,0.037037037037037,0.7777777777777778,0.1481481481481481,0.2352941176470588,0.0196078431372549,1.125,0.0833333333333333,0.0196078431372549,1.125,2.0,1.0,2.0,496842.0,406632.0,90210.0,4.507615563684736,-9.5387,3728.0,0.00750339142021,0.0413257953663673,0,13.116027347090814,N. America,73987.0128,496842.0,406632.0,0.9673477942686004,1
AIG,2016,85,8,0.0941176470588235,8.0,0.5,0.125,0.375,0.375,0.0352941176470588,0.0,1.0,0.0,0.0,1.0,2.0,1.0,2.0,498264.0,421406.0,76858.0,5.4829165473991,-5.9086,-911.3077,-0.0018289655684536,-0.0118570311483515,0,13.118885336024494,N. America,65005.3838,498264.0,421406.0,0.9762121762760304,1
AIG,2017,96,17,0.1770833333333333,17.0,0.4705882352941176,0.0,0.5294117647058824,0.4705882352941176,0.0833333333333333,0.03125,1.625,0.875,0.03125,1.5,1.0,2.0,1.0,498301.0,432593.0,65708.0,6.583566688987642,-7.302,-11200.7692,-0.0224779183666097,-0.1704627929628051,0,13.11895959109068,N. America,53565.0807,498301.0,432593.0,0.9756313567502372,1
AIG,2018,75,7,0.0933333333333333,7.0,0.8571428571428571,0.0,0.1428571428571428,0.8571428571428571,0.08,0.0,1.0,0.8333333333333334,0.0133333333333333,1.1428571428571428,2.0,2.0,2.0,491984.0,434675.0,57309.0,7.584759810849953,-5.5878,1140.6076,0.0023183835246674,0.0199027657087019,0,13.106201474620445,N. America,34153.0776,491984.0,434675.0,0.9529335864580962,1
AIG,2019,61,15,0.2459016393442623,15.0,0.6,0.0,0.4,0.6,0.1967213114754098,0.081967213114754,1.5,0.5833333333333334,0.081967213114754,1.4285714285714286,0.0,2.0,0.0,525064.0,457637.0,67427.0,6.787147581829237,3.0679,2174.962,0.0041422797982722,0.0322565441143755,0,13.171275438905884,N. America,44657.0503,525064.0,457637.0,0.9566339537656362,1
AIG,2020,50,19,0.38,19.0,0.5263157894736842,0.0526315789473684,0.4210526315789473,0.4736842105263157,0.28,0.12,1.5714285714285714,0.6428571428571429,0.12,1.4444444444444444,0.0,0.0,0.0,586481.0,519282.0,67199.0,7.727525707227786,-8.5369,1926.3418,0.003284576652952,0.0286662271759996,0,13.281895550983997,N. America,32618.5877,586481.0,519282.0,0.9410374550923218,1
AIG,2021,96,41,0.4270833333333333,41.0,0.3658536585365853,0.073170731707317,0.5609756097560976,0.2926829268292683,0.3229166666666667,0.0625,1.2580645161290325,0.3870967741935484,0.1041666666666666,1.4054054054054057,0.0,0.0,0.0,596112.0,527200.0,68912.0,7.6503366612491295,8.0118,3107.5823,0.0052130846216818,0.0450949370211284,0,13.298183847855924,N. America,46550.5635,596112.0,527200.0,0.9624878605027244,1
AIG,2022,80,19,0.2375,19.0,0.631578947368421,0.0526315789473684,0.3157894736842105,0.5789473684210527,0.175,0.075,1.5,0.6428571428571429,0.075,1.4375,1.0,2.0,1.0,522228.0,478774.0,43454.0,11.017950016108989,-5.2908,1547.1266,0.002962550073914,0.0356037787085193,0,13.165859553112652,N. America,46426.2583,522228.0,478774.0,1.0056914954770713,0
AIG,2023,112,10,0.0892857142857142,10.0,0.5,0.1,0.4,0.4,0.0714285714285714,0.0089285714285714,1.25,0.5,0.0178571428571428,1.4444444444444444,2.0,2.0,2.0,539306.0,488005.0,51301.0,9.512582600729033,-34.9331,2809.59,0.0052096397963308,0.0547667686789731,0,13.19803840679653,N. America,46668.8945,539306.0,488005.0,0.9914109883813644,0
AXA,2016,42,14,0.3333333333333333,14.0,0.5,0.0,0.5,0.5,0.3095238095238095,0.0476190476190476,1.1538461538461535,0.5384615384615384,0.0476190476190476,1.1538461538461535,0.0,0.0,0.0,941618.2301,861587.5941,80030.636,10.765722192936217,9.7871,7143.4723,0.0075863785042069,0.0892592219309615,0,13.75535519550969,Europe,61197.1627,941618.2301,861587.5941,0.9799988225610288,1
AXA,2017,36,9,0.25,9.0,0.7777777777777778,0.1111111111111111,0.1111111111111111,0.6666666666666667,0.2222222222222222,0.1111111111111111,1.75,0.875,0.1111111111111111,1.6666666666666667,1.0,2.0,1.0,1046100.0,955583.0964,90484.7852,10.560704700661654,8.3106,6219.1157,0.0059450489436956,0.0687310655184049,0,13.860579521331852,Europe,70888.6445,1046100.0,955583.0964,0.9812367277506931,1
AXA,2018,41,9,0.2195121951219512,9.0,0.6666666666666666,0.1111111111111111,0.2222222222222222,0.5555555555555556,0.1707317073170731,0.0975609756097561,1.8571428571428568,0.8571428571428571,0.1219512195121951,1.8888888888888888,1.0,2.0,1.0,1065800.0,981944.8688,83887.0452,11.705560333647323,-20.0929,6368.6222,0.0059754383561643,0.0759190192575766,0,13.87923624884482,Europe,40328.927,1065800.0,981944.8688,0.9591610018765248,1
AXA,2019,42,8,0.1904761904761904,8.0,0.875,0.0,0.125,0.875,0.1904761904761904,0.119047619047619,2.125,0.875,0.119047619047619,2.125,1.0,2.0,1.0,876847.9062,793049.2479,83798.6583,9.463746365256542,24.7752,7299.0605,0.0083242036029166,0.0871023551936749,0,13.684088831228932,Europe,68169.3776,876847.9062,793049.2479,0.9821756081191632,1
AXA,2020,47,20,0.425531914893617,20.0,0.65,0.1,0.25,0.55,0.3617021276595745,0.0851063829787234,1.2941176470588236,0.7647058823529411,0.0851063829787234,1.25,0.0,0.0,0.0,983610.0525,890484.8925,93125.16,9.56223745011552,-14.6057,4711.2414,0.0047897450702396,0.050590424757391,0,13.79898480938175,Europe,57686.8583,983610.0525,890484.8925,0.9639711879622131,1
AXA,2021,58,27,0.4655172413793103,27.0,0.7777777777777778,0.037037037037037,0.1851851851851851,0.7407407407407407,0.4137931034482758,0.1896551724137931,1.75,0.875,0.1896551724137931,1.72,0.0,0.0,0.0,882974.0526,797318.3132,85655.7394,9.30840500338965,10.8681,11785.4357,0.01334743151885,0.1375907298513145,0,13.69105109365037,Europe,72197.2418,882974.0526,797318.3132,0.9847577654627898,1
AXA,2022,43,16,0.3720930232558139,16.0,0.5625,0.0625,0.375,0.5,0.2558139534883721,0.1162790697674418,1.4545454545454546,0.7272727272727273,0.1162790697674418,1.3846153846153846,0.0,0.0,0.0,683744.1827,631163.8837,52580.299,12.003809329802404,-29.1649,5230.5801,0.0076499080099595,0.0994779451520426,0,13.43533912474795,Europe,65632.0739,683744.1827,631163.8837,1.0190886814546056,1
AXA,2023,20,7,0.35,7.0,0.5714285714285714,0.0,0.4285714285714285,0.5714285714285714,0.3,0.1,1.3333333333333333,0.6666666666666666,0.1,1.3333333333333333,0.0,0.0,0.0,712947.564,654972.204,57975.36,11.297423664122135,-5.2418,7411.4424,0.0103954943872983,0.127837798678611,0,13.477163153915033,Europe,74071.1274,712947.564,654972.204,1.0225763691647876,1
Allianz,2012,37,3,0.081081081081081,3.0,0.6666666666666666,0.3333333333333333,0.0,0.3333333333333333,0.081081081081081,0.054054054054054,1.6666666666666667,0.3333333333333333,0.054054054054054,1.6666666666666667,2.0,1.0,2.0,916461.7059,846566.4348,69895.2711,12.11192719445651,9.9158,6949.9789,0.0075834907833654,0.0994341790313193,0,13.72827556241024,Europe,62675.7507,916461.7059,846566.4348,0.9921223981825732,0
Allianz,2013,50,2,0.04,2.0,0.5,0.5,0.0,0.0,0.04,0.0,1.0,0.0,0.0,1.0,2.0,1.0,2.0,981128.717,908255.2309,72873.4861,12.46345247781415,-0.0556,8092.8703,0.0082485306563501,0.1110537005035635,0,13.796458939930028,Europe,81554.4452,981128.717,908255.2309,1.0088479309081315,0
Allianz,2014,103,10,0.0970873786407767,10.0,0.4,0.2,0.4,0.2,0.0388349514563106,0.0097087378640776,1.25,0.25,0.0097087378640776,1.1666666666666667,2.0,1.0,2.0,975002.27,897922.85,77079.42,11.649320272518915,1.4576,8287.4266,0.0084999049284264,0.1075180197256284,0,13.790195078182402,Europe,75493.0715,975002.27,897922.85,0.9983729796854728,1
Allianz,2015,84,12,0.1428571428571428,12.0,0.6666666666666666,0.0,0.3333333333333333,0.6666666666666666,0.1071428571428571,0.0595238095238095,1.5555555555555556,0.5555555555555556,0.0595238095238095,1.5555555555555556,1.0,2.0,1.0,922460.3772,850637.2038,71823.1734,11.843492337251698,6.6311,7726.5812,0.0083760575423878,0.1075778308620376,0,13.73479970242966,Europe,80828.2688,922460.3772,850637.2038,1.0097620403245218,1
Allianz,2016,40,9,0.225,9.0,0.8888888888888888,0.0,0.1111111111111111,0.8888888888888888,0.175,0.075,1.7142857142857142,0.8571428571428571,0.075,1.7142857142857142,1.0,2.0,1.0,932153.3523,858181.9678,73971.3845,11.601539887360092,0.6428,8088.3609,0.0086770710849698,0.1093444573827058,0,13.745252621226747,Europe,75353.7109,932153.3523,858181.9678,1.0014829388282402,1
Allianz,2017,44,7,0.1590909090909091,7.0,0.8571428571428571,0.1428571428571428,0.0,0.7142857142857142,0.0909090909090909,0.0227272727272727,1.5,1.0,0.0227272727272727,1.4,1.0,2.0,1.0,1083500.0,1001100.0,82473.3244,12.138470314893723,-0.3008,8407.5101,0.0077595847715736,0.1019421753781032,0,13.895707099958551,Europe,101039.5078,1083500.0,1001100.0,1.0172030528841718,1
Allianz,2018,59,12,0.2033898305084746,12.0,0.5,0.0,0.5,0.5,0.1525423728813559,0.1186440677966101,2.2222222222222223,0.5555555555555556,0.1186440677966101,2.2222222222222223,1.0,2.0,1.0,1027900.0,954968.5376,72925.1908,13.09518051476939,-4.1315,9204.6198,0.0089547813989687,0.1262200304040891,0,13.843028444001014,Europe,84941.1378,1027900.0,954968.5376,1.0116837001653858,1
Allianz,2019,42,8,0.1904761904761904,8.0,0.75,0.0,0.25,0.75,0.1904761904761904,0.0952380952380952,1.75,0.75,0.0952380952380952,1.75,1.0,2.0,1.0,1135500.0,1048600.0,86872.0356,12.070627708417598,9.8963,9224.8034,0.008124001232937,0.106188410761725,0,13.94258364052775,Europe,102161.9547,1135500.0,1048600.0,1.013440735094672,1
Allianz,2020,42,9,0.2142857142857142,9.0,0.7777777777777778,0.0,0.2222222222222222,0.7777777777777778,0.2142857142857142,0.119047619047619,2.111111111111111,0.7777777777777778,0.119047619047619,2.111111111111111,1.0,2.0,1.0,1295900.0,1192400.0,103418.61,11.529839745477144,-0.6593,8433.5169,0.0065078454356045,0.0815473820427484,0,14.074715992423506,Europe,101097.7668,1295900.0,1192400.0,0.9981462819662013,1
Allianz,2021,49,18,0.3673469387755102,18.0,0.5555555555555556,0.1111111111111111,0.3333333333333333,0.4444444444444445,0.3061224489795918,0.1632653061224489,1.8666666666666667,0.6,0.1836734693877551,1.8823529411764703,0.0,0.0,0.0,1297400.0,1201500.0,95895.1692,12.52930684646,5.8149,11787.2153,0.0090852592107291,0.1229177173191744,0,14.075872819761091,Europe,96515.3727,1297400.0,1201500.0,1.0004743122398645,1
Allianz,2022,39,12,0.3076923076923077,12.0,0.8333333333333334,0.0,0.1666666666666666,0.8333333333333334,0.3076923076923077,0.1794871794871795,2.0,0.8333333333333334,0.1794871794871795,2.0,1.0,2.0,1.0,1002400.0,939528.2182,62911.0585,14.934230016174345,-35.8955,7504.0813,0.0074861146249002,0.1192807986214379,0,13.817907682563996,Europe,86415.5582,1002400.0,939528.2182,1.0234874066241022,1
Allianz,2023,38,12,0.3157894736842105,12.0,0.8333333333333334,0.0833333333333333,0.0833333333333333,0.75,0.2894736842105263,0.131578947368421,1.9090909090909087,0.7272727272727273,0.1578947368421052,2.0,1.0,2.0,1.0,1087800.0,1019700.0,68109.984,14.971373359888032,4.3899,9812.7173,0.0090206998529141,0.144071643006112,0,13.899667865970995,Europe,104790.912,1087800.0,1019700.0,1.0337294649751794,1
Allstate,2012,51,16,0.3137254901960784,16.0,0.4375,0.0,0.5625,0.4375,0.1568627450980392,0.0784313725490196,2.0,0.75,0.1176470588235294,2.1,1.0,0.0,1.0,126947.0,106367.0,20580.0,5.16846452866861,3.0696,2581.0,0.0203313193695006,0.1254130223517978,0,11.751524955502674,N. America,19241.43,126947.0,106367.0,0.9894556783539586,1
Allstate,2013,49,9,0.1836734693877551,9.0,0.5555555555555556,0.0,0.4444444444444444,0.5555555555555556,0.1836734693877551,0.0408163265306122,1.4444444444444444,0.5555555555555556,0.0408163265306122,1.4444444444444444,0.0,2.0,0.0,123520.0,102040.0,21480.0,4.750465549348231,2.4626,3505.0,0.0283759715025906,0.1631750465549348,0,11.724158365258605,N. America,24488.46,123520.0,102040.0,1.0243560556994815,1
Allstate,2014,49,9,0.1836734693877551,9.0,0.5555555555555556,0.0,0.4444444444444444,0.5555555555555556,0.1836734693877551,0.0408163265306122,1.4444444444444444,0.5555555555555556,0.0408163265306122,1.4444444444444444,0.0,2.0,0.0,108479.0,86175.0,22304.0,3.863656743185079,1.9337,3250.7,0.0299661685671881,0.1457451578192252,0,11.594311884842648,N. America,29364.5,108479.0,86175.0,1.0650863300731015,1
Allstate,2015,44,7,0.1590909090909091,7.0,0.1428571428571428,0.1428571428571428,0.7142857142857143,0.0,0.1363636363636363,0.0227272727272727,1.1666666666666667,0.1666666666666666,0.0227272727272727,1.1666666666666667,2.0,1.0,2.0,104656.0,84631.0,20025.0,4.226267166042447,3.1618,2140.0,0.0204479437394893,0.1068664169787765,0,11.558434060200996,N. America,23656.29,104656.0,84631.0,1.0346973895428837,1
Allstate,2016,55,20,0.3636363636363636,20.0,0.6,0.05,0.35,0.5499999999999999,0.3272727272727272,0.1272727272727272,1.6666666666666667,0.5,0.1272727272727272,1.6666666666666667,0.0,0.0,0.0,108610.0,88037.0,20573.0,4.27924950177417,5.2466,1836.5,0.0169091243900193,0.089267486511447,0,11.595518763274082,N. America,27127.92,108610.0,88037.0,1.0603528220237548,1
Allstate,2017,16,10,0.625,10.0,0.0,0.0,1.0,0.0,0.25,0.0,1.0,0.0,0.0625,1.25,2.0,0.0,2.0,112422.0,89871.0,22551.0,3.985233470799521,3.9451,2458.85,0.0218716087598512,0.1090350760498425,0,11.630014926826568,N. America,37172.05,112422.0,89871.0,1.130055060397431,1
Allstate,2018,25,9,0.36,9.0,0.4444444444444444,0.0,0.5555555555555556,0.4444444444444444,0.32,0.16,1.75,0.5,0.16,1.6666666666666667,0.0,0.0,0.0,112249.0,90937.0,21312.0,4.266938813813814,4.4179,1435.93,0.0127923634063555,0.0673765953453453,0,11.62847489687885,N. America,27433.16,112249.0,90937.0,1.0545319780131672,1
Allstate,2019,34,18,0.5294117647058824,18.0,0.5,0.0,0.5,0.5,0.4117647058823529,0.1470588235294117,1.5,0.5714285714285714,0.1470588235294117,1.4666666666666666,0.0,0.0,0.0,119950.0,93952.0,25998.0,3.613816447419032,-1.6993,3057.53,0.0254900375156315,0.1176063543349488,0,11.69483026826784,N. America,35871.55,119950.0,93952.0,1.08231388078366,1
Allstate,2020,45,21,0.4666666666666667,21.0,0.5238095238095238,0.0952380952380952,0.3809523809523809,0.4285714285714286,0.4,0.1333333333333333,1.6111111111111112,0.5,0.1333333333333333,1.55,0.0,0.0,0.0,125987.0,95770.0,30217.0,3.169407949167687,2.0473,4668.121,0.0370524022319763,0.1544865804017606,0,11.743934006007574,N. America,33418.72,125987.0,95770.0,1.025413098176796,0
Allstate,2021,51,21,0.4117647058823529,21.0,0.3809523809523809,0.0,0.6190476190476191,0.3809523809523809,0.3725490196078431,0.0980392156862745,1.4210526315789471,0.4210526315789473,0.0980392156862745,1.4210526315789471,0.0,0.0,0.0,99440.0,74313.0,25127.0,2.9574959207227285,21.2679,4348.9946,0.0437348612228479,0.1730805348827954,0,11.507309726184593,N. America,33059.65,99440.0,74313.0,1.0797732300884957,0
Allstate,2022,75,28,0.3733333333333333,28.0,0.4642857142857143,0.0357142857142857,0.5,0.4285714285714286,0.32,0.12,1.5,0.4166666666666667,0.1333333333333333,1.5185185185185186,0.0,0.0,0.0,97989.0,80626.0,17363.0,4.643552381500893,6.0177,-571.7782,-0.0058351263917378,-0.0329308414444508,0,11.49261050645482,N. America,35662.8,97989.0,80626.0,1.1867536152017064,0
Allstate,2023,139,54,0.3884892086330935,54.0,0.3148148148148148,0.1481481481481481,0.5370370370370371,0.1666666666666666,0.2446043165467626,0.1079136690647482,1.7058823529411764,0.4705882352941176,0.1438848920863309,1.6938775510204085,0.0,0.0,0.0,103362.0,85732.0,17630.0,4.8628474191718665,9.3573,119.8056,0.0011590874789574,0.0067955530346001,0,11.545992668674424,N. America,36674.76,103362.0,85732.0,1.184253013680076,1
China Life,2012,43,10,0.2325581395348837,10.0,0.6,0.0,0.4,0.6,0.1627906976744186,0.0465116279069767,1.2857142857142858,0.4285714285714285,0.0465116279069767,1.25,2.0,2.0,2.0,304557.498,268775.4611,35782.0369,7.511463415320552,0.158,1753.0417,0.0057560287023371,0.0489922277174779,0,12.626615175892612,Asia,95760.3134,304557.498,268775.4611,1.1969358065188729,0
China Life,2013,44,12,0.2727272727272727,12.0,0.8333333333333334,0.0,0.1666666666666666,0.8333333333333334,0.25,0.0909090909090909,1.6363636363636365,0.9090909090909092,0.0909090909090909,1.6363636363636365,1.0,2.0,1.0,325976.6374,289200.3172,36776.3201,7.86376441181781,12.4899,4028.3243,0.0123577086141204,0.1095358178590576,0,12.69458099336365,Asia,75327.6483,325976.6374,289200.3172,1.1182640829952926,0
China Life,2014,38,8,0.2105263157894736,8.0,0.75,0.0,0.25,0.75,0.1842105263157894,0.0789473684210526,1.5714285714285714,0.7142857142857143,0.0789473684210526,1.5,1.0,2.0,1.0,361917.55,315629.0879,46288.4622,6.818742142183328,5.4759,5228.1672,0.014445741025822,0.1129475241024533,0,12.799171702435167,Asia,143782.5247,361917.55,315629.0879,1.2693819700094675,0
China Life,2015,43,6,0.1395348837209302,6.0,0.6666666666666666,0.0,0.3333333333333333,0.6666666666666666,0.1395348837209302,0.0697674418604651,1.8333333333333333,0.6666666666666666,0.0697674418604651,1.8333333333333333,1.0,2.0,1.0,377389.5954,327106.1272,50283.4682,6.505241959423952,15.1289,5522.1619,0.0146325229081819,0.109820624902719,0,12.841033342379156,Asia,114920.7156,377389.5954,327106.1272,1.1712745878208173,0
China Life,2016,56,8,0.1428571428571428,8.0,0.875,0.0,0.125,0.875,0.0535714285714285,0.0,1.0,0.6666666666666666,0.0,1.0,2.0,2.0,2.0,388626.4536,344294.8542,44331.5993,7.766353112372375,6.5685,2880.2943,0.0074114725678571,0.064971585629215,0,12.870373887720737,Asia,91670.6824,388626.4536,344294.8542,1.1218112729112475,0
China Life,2017,37,3,0.081081081081081,3.0,0.3333333333333333,0.0,0.6666666666666666,0.3333333333333333,0.081081081081081,0.0,1.0,0.3333333333333333,0.0,1.0,2.0,1.0,2.0,445324.2043,395328.0465,49996.1578,7.907168548459937,18.9678,4778.1628,0.0107296274351643,0.0955706000271885,0,13.006557844874155,Asia,120833.5236,445324.2043,395328.0465,1.159069201979148,0
China Life,2018,87,15,0.1724137931034483,15.0,0.0666666666666666,0.0,0.9333333333333332,0.0666666666666666,0.1264367816091954,0.0459770114942528,1.7272727272727273,0.0909090909090909,0.0459770114942528,1.7272727272727273,2.0,1.0,2.0,473126.8445,426126.7718,47000.0727,9.066513035414944,-2.477,1723.9736,0.0036437873268888,0.0366802326244061,0,13.067118801713146,Asia,77536.6203,473126.8445,426126.7718,1.064541989014111,0
China Life,2019,87,15,0.1724137931034483,15.0,0.6666666666666666,0.0666666666666666,0.2666666666666666,0.6,0.160919540229885,0.0919540229885057,1.8571428571428568,0.5714285714285714,0.0919540229885057,1.8571428571428568,1.0,2.0,1.0,535188.8445,476404.0555,58784.789,8.104206268393684,16.2658,8439.3358,0.01576889332939,0.1435632574950639,0,13.19037494396906,Asia,124958.8112,535188.8445,476404.0555,1.1236461164690812,0
China Life,2020,81,22,0.2716049382716049,22.0,0.8181818181818182,0.0,0.1818181818181818,0.8181818181818182,0.2469135802469135,0.1358024691358024,1.8,0.8,0.1358024691358024,1.7272727272727273,1.0,2.0,1.0,651499.2646,581494.2088,70005.0558,8.306460185694188,10.3602,3321.5875,0.005098374903062,0.0474478230470891,0,13.38703154676666,Asia,138885.2205,651499.2646,581494.2088,1.1057256215665727,0
China Life,2021,63,10,0.1587301587301587,10.0,0.6,0.0,0.4,0.6,0.1428571428571428,0.0634920634920634,1.6666666666666667,0.6666666666666666,0.0793650793650793,1.8,1.0,2.0,1.0,769729.8658,693089.4731,76640.3927,9.04339668264774,2.4699,4356.0069,0.005659137177265,0.056836959552792,0,13.553794908640494,Asia,110908.9109,769729.8658,693089.4731,1.0445201878250934,0
China Life,2022,44,6,0.1363636363636363,6.0,0.6666666666666666,0.0,0.3333333333333333,0.6666666666666666,0.1363636363636363,0.0227272727272727,1.1666666666666667,0.6666666666666666,0.0227272727272727,1.1666666666666667,2.0,2.0,2.0,726244.1655,671889.2239,54354.9416,12.361143331630403,-2.4905,4358.705,0.0060017074243882,0.0801896731317617,0,13.495641553381049,Asia,124828.0618,726244.1655,671889.2239,1.0970377781300056,0
China Life,2023,53,12,0.2264150943396226,12.0,0.9166666666666666,0.0,0.0833333333333333,0.9166666666666666,0.2264150943396226,0.0754716981132075,1.5,0.9166666666666666,0.0754716981132075,1.5,1.0,2.0,1.0,796165.0144,748607.4185,47557.5959,15.741069419785369,-57.3271,7262.4845,0.0091218332489441,0.1527092436562799,0,13.58756174786452,Asia,92774.7698,796165.0144,748607.4185,1.0567937212539744,0
Chubb,2012,181,16,0.0883977900552486,16.0,0.3125,0.25,0.4375,0.0625,0.0,0.0,,,0.0165745856353591,1.75,,1.0,,92545.0,65014.0,27531.0,2.3614834186916567,1.299,2795.15,0.0302031444162299,0.1015273691475064,0,11.435450291690817,Europe,27157.6584,92545.0,65014.0,0.9959658371603004,0
Chubb,2013,320,32,0.1,32.0,0.125,0.125,0.75,0.0,0.028125,0.0,1.0,0.0,0.0,1.0,2.0,1.0,2.0,94510.0,65685.0,28825.0,2.278751084128361,5.0342,3219.6,0.0340662363771029,0.1116947094535993,0,11.456460927989102,Europe,35178.8661,94510.0,65685.0,1.0672295640672944,0
Chubb,2014,413,34,0.0823244552058111,34.0,0.2352941176470588,0.3529411764705882,0.4117647058823529,-0.1176470588235294,0.0460048426150121,0.0121065375302663,1.4210526315789471,0.2105263157894736,0.0121065375302663,1.32,2.0,1.0,2.0,98248.0,68661.0,29587.0,2.320647581708182,4.9102,2395.75,0.0243847202996498,0.0809730624936627,0,11.49525017329022,Europe,37756.4247,98248.0,68661.0,1.083151053456559,0
Chubb,2015,244,28,0.1147540983606557,28.0,0.1071428571428571,0.25,0.6428571428571429,-0.1428571428571428,0.0327868852459016,0.0040983606557377,1.125,0.0,0.0081967213114754,1.105263157894737,2.0,1.0,2.0,102306.0,73171.0,29135.0,2.5114467135747383,-1.3772,2523.0,0.0246613101870858,0.0865968766088896,0,11.535723601246207,Europe,37925.2381,102306.0,73171.0,1.085921041776631,0
Chubb,2016,267,31,0.1161048689138576,31.0,0.1612903225806451,0.1612903225806451,0.6774193548387096,0.0,0.0524344569288389,0.0112359550561797,1.2857142857142858,0.1428571428571428,0.0112359550561797,1.173913043478261,2.0,1.0,2.0,159786.0,111511.0,48275.0,2.30991196271362,61.7045,4472.0,0.0279874331918941,0.0926359399274987,0,11.981590698964483,Europe,61563.7868,159786.0,111511.0,1.0831661522286058,0
Chubb,2017,377,52,0.1379310344827586,52.0,0.2307692307692307,0.173076923076923,0.5961538461538461,0.0576923076923077,0.0477453580901856,0.0212201591511936,1.5555555555555556,0.3888888888888889,0.0371352785145888,1.5238095238095235,2.0,1.0,2.0,167022.0,115850.0,51172.0,2.263933401078715,2.4759,3168.5,0.0189705547772149,0.0619186273743453,0,12.025880819249345,Europe,67779.9424,167022.0,115850.0,1.0994356575780435,0
Chubb,2018,384,77,0.2005208333333333,77.0,0.2857142857142857,0.1818181818181818,0.5324675324675324,0.1038961038961038,0.0755208333333333,0.0338541666666666,1.6206896551724137,0.4482758620689655,0.0442708333333333,1.4067796610169492,2.0,1.0,2.0,167771.0,117459.0,50312.0,2.3346120209890286,3.7626,4232.0,0.0252248600771289,0.0841151216409604,0,12.0303552332879,Europe,59319.8924,167771.0,117459.0,1.0536915938988265,0
Chubb,2019,433,91,0.2101616628175519,91.0,0.3296703296703296,0.0989010989010989,0.5714285714285714,0.2307692307692307,0.1270207852193995,0.0369515011547344,1.3636363636363635,0.4,0.0392609699769053,1.2820512820512822,2.0,1.0,2.0,176943.0,121612.0,55331.0,2.1978999114420485,4.0367,4527.0,0.0255845102660178,0.0818167031139867,0,12.08358292579361,Europe,70353.8941,176943.0,121612.0,1.0849024493763528,0
Chubb,2020,476,99,0.2079831932773109,99.0,0.2929292929292929,0.1818181818181818,0.5252525252525253,0.1111111111111111,0.1008403361344537,0.0315126050420168,1.3541666666666667,0.25,0.0441176470588235,1.329268292682927,2.0,1.0,2.0,190774.0,131333.0,59441.0,2.2094682121767804,5.1158,3235.0,0.0169572373593885,0.0544237142712942,0,12.158844760367131,Europe,69376.7656,190774.0,131333.0,1.0520813402245588,1
Chubb,2021,512,128,0.25,128.0,0.265625,0.140625,0.59375,0.125,0.12109375,0.044921875,1.5,0.3225806451612903,0.056640625,1.350877192982456,2.0,1.0,2.0,200054.0,140340.0,59714.0,2.350202632548481,9.0951,5516.0,0.0275725554100392,0.0923736477208024,0,12.206342609086734,Europe,82460.7516,200054.0,140340.0,1.113703058174293,0
Chubb,2022,421,57,0.1353919239904988,57.0,0.3333333333333333,0.1403508771929824,0.5263157894736842,0.1929824561403508,0.0617577197149643,0.0285035629453681,1.5769230769230769,0.3846153846153846,0.0332541567695962,1.431818181818182,2.0,1.0,2.0,199017.0,148498.0,50519.0,2.939448524317584,10.7784,6509.0,0.0327057487551314,0.1288426136701043,0,12.201145527193615,Europe,91459.6252,199017.0,148498.0,1.205714211348779,0
Chubb,2023,439,61,0.1389521640091116,61.0,0.1639344262295081,0.1147540983606557,0.7213114754098361,0.0491803278688524,0.0706150341685649,0.0296127562642369,1.4193548387096775,0.1935483870967742,0.0364464692482915,1.4,2.0,1.0,2.0,230682.0,166991.0,63691.0,2.62189320312132,14.8451,9030.0,0.0391447967331651,0.1417782732254164,0,12.34879541771084,Europe,91590.938,230682.0,166991.0,1.1209454487129469,0
Daichi,2012,66,22,0.3333333333333333,22.0,0.5454545454545454,0.0454545454545454,0.4090909090909091,0.4999999999999999,0.2878787878787879,0.1666666666666666,1.5789473684210529,0.5789473684210527,0.1818181818181818,1.5714285714285714,0.0,0.0,0.0,405042.5995,393040.3606,12002.2389,32.74725356449954,10.3303,348.5232,0.0008604606044653,0.0290381822011558,0,12.911747524507849,Asia,13675.0551,405042.5995,393040.3606,1.0041299759631823,1
Daichi,2013,145,26,0.1793103448275862,26.0,0.5,0.1153846153846153,0.3846153846153846,0.3846153846153846,0.1310344827586207,0.0206896551724137,1.2105263157894737,0.4736842105263157,0.0413793103448275,1.28,2.0,2.0,2.0,378841.1271,361339.3229,17501.8043,20.645832664235652,10.3841,396.9201,0.0010477217799408,0.0226788103212878,0,12.844872206470232,Asia,13303.8474,378841.1271,361339.3229,0.9889189517723828,1
Daichi,2014,63,27,0.4285714285714285,27.0,0.6666666666666666,0.0,0.3333333333333333,0.6666666666666666,0.3809523809523809,0.1746031746031746,1.4583333333333333,0.6666666666666666,0.1746031746031746,1.4583333333333333,0.0,0.0,0.0,365821.0537,346925.0315,18896.0221,18.35968595210312,14.812,997.665,0.0027271940472244,0.0527976202991422,0,12.809899568504097,Asia,14441.3893,365821.0537,346925.0315,0.9878229181865156,1
Daichi,2015,62,27,0.4354838709677419,27.0,0.6666666666666666,0.0,0.3333333333333333,0.6666666666666666,0.3870967741935484,0.1774193548387097,1.4583333333333333,0.7083333333333334,0.1774193548387097,1.4583333333333333,0.0,0.0,0.0,415483.1346,385554.6061,29928.5286,12.882511240462383,22.4333,1350.488,0.0032504038973812,0.0451237686305767,0,12.9371973018401,Asia,17337.4207,415483.1346,385554.6061,0.9696952613681372,1
Daichi,2016,63,18,0.2857142857142857,18.0,0.3888888888888889,0.0,0.6111111111111112,0.3888888888888889,0.1746031746031746,0.0476190476190476,1.2727272727272727,0.4545454545454545,0.0476190476190476,1.25,2.0,0.0,2.0,443777.0844,417706.3378,26070.7467,16.022031996498203,-2.0217,1699.4674,0.0038295519524126,0.0651867558515307,0,13.003077653176792,Asia,14359.5873,443777.0844,417706.3378,0.9736102658030804,1
Daichi,2017,39,9,0.2307692307692307,9.0,0.1111111111111111,0.1111111111111111,0.7777777777777778,0.0,0.1794871794871795,0.0,1.0,0.1428571428571428,0.0,1.0,2.0,1.0,2.0,467036.6544,438851.7114,28184.943,15.570431041850965,-11.1046,2205.0697,0.0047214060807129,0.07823573388103,0,13.054163022650156,Asia,21077.9353,467036.6544,438851.7114,0.9847827624811796,1
Daichi,2018,122,54,0.4426229508196721,54.0,0.4629629629629629,0.074074074074074,0.4629629629629629,0.3888888888888889,0.2950819672131147,0.0491803278688524,1.1666666666666667,0.5833333333333334,0.081967213114754,1.3111111111111111,0.0,0.0,0.0,504641.5741,469344.3513,35297.2227,13.296920137005566,8.6375,3152.9164,0.0062478332381216,0.0893247728524544,0,13.131603702005275,Asia,21301.1529,504641.5741,469344.3513,0.97226532529556,1
Daichi,2019,28,14,0.5,14.0,0.3571428571428571,0.0714285714285714,0.5714285714285714,0.2857142857142857,0.3214285714285714,0.0,1.0,0.4444444444444444,0.0357142857142857,1.0769230769230769,0.0,0.0,0.0,505021.7658,471496.5153,33525.2505,14.06392221588322,0.9236,2051.0724,0.0040613544581606,0.0611799276488627,0,13.132356807922752,Asia,15905.6303,505021.7658,471496.5153,0.9651111666997384,1
Daichi,2020,137,51,0.3722627737226277,51.0,0.3137254901960784,0.0784313725490196,0.6078431372549019,0.2352941176470588,0.2627737226277372,0.0948905109489051,1.3888888888888888,0.3611111111111111,0.0948905109489051,1.3414634146341464,0.0,0.0,0.0,556800.8814,521758.0349,35042.8465,14.889145346682954,-0.0891,382.4882,0.0006869389269612,0.0109148724547818,0,13.229962970975231,Asia,13571.1859,556800.8814,521758.0349,0.961437452207309,1
Daichi,2021,184,73,0.3967391304347826,73.0,0.3287671232876712,0.0547945205479452,0.6164383561643836,0.273972602739726,0.25,0.0543478260869565,1.2173913043478262,0.391304347826087,0.0652173913043478,1.2,0.0,0.0,0.0,574936.3077,531476.1414,43460.1664,12.229040646287078,10.4202,3228.5733,0.0056155321150541,0.0742881025876606,0,13.262014544426734,Asia,19090.7425,574936.3077,531476.1414,0.9576136982938362,0
Daichi,2022,77,10,0.1298701298701298,10.0,0.1,0.0,0.9,0.1,0.0649350649350649,0.0259740259740259,1.6,0.2,0.0259740259740259,1.5,2.0,1.0,2.0,541964.1412,505698.0421,36266.099,13.944098098336962,4.1453,3685.1605,0.0067996389795096,0.1016144719618175,0,13.202955118085503,Asia,21060.6329,541964.1412,505698.0421,0.971943778113562,0
Daichi,2023,102,24,0.2352941176470588,24.0,0.6666666666666666,0.0,0.3333333333333333,0.6666666666666666,0.1666666666666666,0.0294117647058823,1.1764705882352942,0.7058823529411765,0.0294117647058823,1.1666666666666667,0.0,2.0,0.0,464364.6833,444316.7508,20047.9325,22.16272180684966,7.0891,1372.0919,0.0029547722928652,0.0684405686222257,0,13.048425477895128,Asia,18031.6546,464364.6833,444316.7508,0.9956579861205824,0
Assicurazioni Generali,2012,12,3,0.25,3.0,0.6666666666666666,0.0,0.3333333333333333,0.6666666666666666,0.25,0.0833333333333333,1.3333333333333333,0.6666666666666666,0.0833333333333333,1.3333333333333333,0.0,2.0,0.0,583324.5561,554652.7539,28671.8022,19.344886311332047,7.679,46.2914,7.935787978736182e-05,0.0016145270421822,0,13.276499010432673,Europe,27940.2158,583324.5561,554652.7539,0.9987458330146578,0
Assicurazioni Generali,2013,17,2,0.1176470588235294,2.0,0.5,0.0,0.5,0.5,0.1176470588235294,0.0588235294117647,1.5,0.5,0.0588235294117647,1.5,2.0,2.0,2.0,620030.6584,590515.3039,29515.3545,20.007054426535856,2.8006,1906.2265,0.0030744068445245,0.0645842319122407,0,13.337524204830968,Europe,36698.9417,620030.6584,590515.3039,1.0115858580582733,0
Assicurazioni Generali,2014,24,5,0.2083333333333333,5.0,0.4,0.0,0.6,0.4,0.0833333333333333,0.0,1.0,0.5,0.0,1.0,2.0,2.0,2.0,606594.78,577330.93,29263.85,19.72846805871408,4.9437,2369.9523,0.0039069777356145,0.080985663198793,0,13.315616268858346,Europe,32018.5246,606594.78,577330.93,1.004541210526078,0
Assicurazioni Generali,2015,22,2,0.0909090909090909,2.0,0.5,0.0,0.5,0.5,0.0454545454545454,0.0,1.0,0.0,0.0,1.0,2.0,2.0,2.0,543894.3702,517047.744,26846.6262,19.259319221273323,4.4253,2391.9404,0.0043978031968237,0.0890964988367886,0,13.206510334557702,Europe,28617.8343,543894.3702,517047.744,1.0032565295708955,0
Assicurazioni Generali,2016,18,2,0.1111111111111111,2.0,0.0,0.0,1.0,0.0,0.1111111111111111,0.0,1.0,0.0,0.0,1.0,2.0,1.0,2.0,549692.7648,522620.7252,27072.0396,19.304815334268348,-6.8655,2300.9031,0.0041857984083839,0.08499186370871,0,13.21711479167372,Europe,23225.7327,549692.7648,522620.7252,0.993002806028565,0
Assicurazioni Generali,2017,21,7,0.3333333333333333,7.0,0.1428571428571428,0.0,0.8571428571428571,0.1428571428571428,0.2857142857142857,0.1428571428571428,1.5,0.1666666666666666,0.1428571428571428,1.4285714285714286,0.0,0.0,0.0,645690.8002,614219.6086,31471.1916,19.516884406753764,-2.3757,2439.0683,0.0037774555549568,0.0775016189726988,0,13.378076030719964,Europe,28595.2856,645690.8002,614219.6086,0.9955460012762932,0
Assicurazioni Generali,2018,25,8,0.32,8.0,0.625,0.0,0.375,0.625,0.28,0.2,1.8571428571428568,0.7142857142857143,0.2,1.8571428571428568,1.0,0.0,1.0,590725.0804,562503.9168,28221.1636,19.93198880006493,-11.8278,2516.5979,0.0042601846163293,0.0891741366752149,0,13.2891060111717,Europe,26164.2519,590725.0804,562503.9168,0.9965179882008612,0
Assicurazioni Generali,2019,33,11,0.3333333333333333,11.0,0.2727272727272727,0.0,0.7272727272727273,0.2727272727272727,0.303030303030303,0.1818181818181818,1.7,0.3,0.2121212121212121,1.7272727272727273,0.0,0.0,0.0,577815.1446,544294.3338,33520.8108,16.23750502478896,28.0759,2673.113,0.0046262425361842,0.0797448789633692,0,13.26700927747036,Europe,32419.9404,577815.1446,544294.3338,0.9980947706021756,0
Assicurazioni Generali,2020,30,12,0.4,12.0,0.5,0.0833333333333333,0.4166666666666667,0.4166666666666667,0.3,0.1333333333333333,1.7777777777777777,0.5555555555555556,0.1666666666666666,1.6666666666666667,0.0,0.0,0.0,665907.975,627037.365,38870.61,16.13140017612278,-10.7987,2438.1913,0.0036614538217536,0.0627258306468563,0,13.408906764299712,Europe,27366.3609,665907.975,627037.365,0.982723965574973,0
Assicurazioni Generali,2021,30,12,0.4,12.0,0.5,0.0833333333333333,0.4166666666666667,0.4166666666666667,0.3,0.1333333333333333,1.7777777777777777,0.5555555555555556,0.1666666666666666,1.6666666666666667,0.0,0.0,0.0,667475.785,631181.7714,36294.0136,17.390795582883673,18.2632,3702.6272,0.005547208278125,0.1020175734986774,0,13.411258391444951,Europe,33401.2972,667475.785,631181.7714,0.995666185253447,0
Assicurazioni Generali,2022,38,17,0.4473684210526316,17.0,0.4705882352941176,0.0,0.5294117647058824,0.4705882352941176,0.3684210526315789,0.2105263157894736,1.7857142857142858,0.4285714285714285,0.2105263157894736,1.6470588235294117,0.0,0.0,0.0,539016.0796,507983.0993,31032.9803,16.369136782521657,-51.3876,3763.4055,0.0069819911546846,0.1212711593800741,0,13.197500681728163,Europe,27536.1831,539016.0796,507983.0993,0.9935126291545978,0
Assicurazioni Generali,2023,22,9,0.4090909090909091,9.0,0.7777777777777778,0.1111111111111111,0.1111111111111111,0.6666666666666667,0.3181818181818182,0.2272727272727272,2.142857142857143,0.8571428571428571,0.2272727272727272,2.0,1.0,0.0,1.0,562727.2104,528114.5928,34612.6176,15.257863444572306,12.8142,4258.1115,0.0075669194972342,0.1230219438821061,0,13.240550261103111,Europe,33301.427,562727.2104,528114.5928,0.9976699356708414,0
MetLife,2012,102,11,0.1078431372549019,11.0,0.2727272727272727,0.0909090909090909,0.6363636363636364,0.1818181818181818,0.088235294117647,0.0196078431372549,1.2222222222222223,0.3333333333333333,0.0196078431372549,1.2,2.0,1.0,2.0,836781.0,771823.0,64958.0,11.881877520859632,6.2413,6195.75,0.0074042670662933,0.0953808614797253,0,13.637317666490087,N. America,35960.1611,836781.0,771823.0,0.9653459639977484,0
MetLife,2013,96,1,0.0104166666666666,1.0,0.0,0.0,1.0,0.0,0.0,0.0,,,0.0,,,1.0,,885296.0,822313.0,62983.0,13.056110378991155,1.2155,6354.85,0.0071782206177368,0.1008978613276598,0,13.69367733134653,N. America,60499.865,885296.0,822313.0,0.997195135864163,0
MetLife,2014,87,0,0.0,,,,,,0.0,0.0,,,0.0,,,,,902337.0,829678.0,72659.0,11.41879189088757,1.2893,8127.6,0.0090072777687272,0.1118595081132413,0,13.712743343459046,N. America,61225.9798,902337.0,829678.0,0.987329545169931,0
MSAD,2012,82,13,0.1585365853658536,13.0,0.2307692307692307,0.3076923076923077,0.4615384615384615,-0.0769230769230769,0.0853658536585365,0.024390243902439,1.4285714285714286,0.1428571428571428,0.024390243902439,1.2727272727272727,2.0,1.0,2.0,175931.3082,157631.2477,18300.0605,8.613700905524329,10.5894,-2042.6583,-0.0116105445977693,-0.1116203031132055,0,12.077848903517456,Asia,12787.2625,175931.3082,157631.2477,0.9686650542396184,1
MSAD,2013,28,7,0.25,7.0,0.1428571428571428,0.1428571428571428,0.7142857142857143,0.0,0.2142857142857142,0.0357142857142857,1.1666666666666667,0.1666666666666666,0.0714285714285714,1.2857142857142858,2.0,1.0,2.0,168909.6052,147453.1734,21456.4318,6.872213179453259,15.0622,1114.5352,0.0065984122020788,0.0519441075006702,0,12.037118970332248,Asia,13636.3894,168909.6052,147453.1734,0.9537027962930792,1
MSAD,2014,30,7,0.2333333333333333,7.0,0.7142857142857143,0.0,0.2857142857142857,0.7142857142857143,0.1666666666666666,0.0333333333333333,1.4,0.8,0.0333333333333333,1.4,1.0,2.0,1.0,163754.2253,141576.7537,22177.4716,6.383809491610396,1.9871,986.5815,0.0060247697315447,0.0444857519285471,0,12.006121956523376,Asia,14218.1286,163754.2253,141576.7537,0.9513945793739468,1
MSAD,2015,182,55,0.3021978021978022,55.0,0.2727272727272727,0.0181818181818181,0.7090909090909091,0.2545454545454545,0.2307692307692307,0.0549450549450549,1.3571428571428572,0.3095238095238095,0.0659340659340659,1.3958333333333333,0.0,0.0,0.0,156629.0454,131316.4485,25312.5969,5.187790451480701,7.4756,1231.2037,0.0078606346406296,0.0486399599718668,0,11.961635520436246,Asia,17199.5023,156629.0454,131316.4485,0.9482018512001988,1
MSAD,2016,141,36,0.2553191489361702,36.0,0.3055555555555556,0.1388888888888889,0.5555555555555556,0.1666666666666666,0.0921985815602836,0.0425531914893617,1.5384615384615383,0.3846153846153846,0.0992907801418439,1.5625,2.0,1.0,2.0,180476.88,156252.2222,24224.6578,6.450131246023215,4.6537,1688.052,0.0093532866924561,0.0696832134404804,0,12.103357959908363,Asia,16827.6924,180476.88,156252.2222,0.959014332472946,1
MSAD,2017,146,66,0.4520547945205479,66.0,0.3181818181818182,0.0,0.6818181818181818,0.3181818181818182,0.2602739726027397,0.0342465753424657,1.236842105263158,0.4473684210526316,0.0616438356164383,1.2962962962962965,0.0,0.0,0.0,190767.2267,166201.3117,24565.915,6.765524984516147,8.1443,2177.3376,0.0114135831277983,0.0886324649417699,0,12.158809255422836,Asia,18840.3628,190767.2267,166201.3117,0.9699867094623964,1
MSAD,2018,171,68,0.3976608187134502,68.0,0.3676470588235294,0.088235294117647,0.5441176470588235,0.2794117647058823,0.2748538011695906,0.0760233918128654,1.3404255319148937,0.3829787234042553,0.1111111111111111,1.4406779661016949,0.0,0.0,0.0,211569.6385,183623.9879,27945.6505,6.57075375289618,-2.0638,1464.1536,0.0069204334344977,0.0523928974206558,0,12.262309483321555,Asia,18711.5318,211569.6385,183623.9879,0.9563542346365544,1
MSAD,2019,133,67,0.5037593984962406,67.0,0.2835820895522388,0.1641791044776119,0.5522388059701493,0.1194029850746268,0.4135338345864661,0.1353383458646616,1.3818181818181818,0.2545454545454545,0.1578947368421052,1.4126984126984128,0.0,0.0,0.0,208833.9713,183754.5545,25079.4168,7.326906999687489,5.5102,1691.7091,0.0081007371045478,0.067454084498488,0,12.249294819553704,Asia,17758.4731,208833.9713,183754.5545,0.9649437126803324,1
MSAD,2020,146,45,0.3082191780821918,45.0,0.5333333333333333,0.0666666666666666,0.4,0.4666666666666667,0.2465753424657534,0.0753424657534246,1.3055555555555556,0.6388888888888888,0.0821917808219178,1.302325581395349,0.0,0.0,0.0,215220.4027,192080.321,23140.0816,8.300762474407177,-8.6734,2678.816,0.0124468496777884,0.1157651924615512,0,12.279417910861266,Asia,15971.1187,215220.4027,192080.321,0.9666901329517864,1
MSAD,2021,155,67,0.432258064516129,67.0,0.4029850746268656,0.044776119402985,0.5522388059701493,0.3582089552238806,0.3870967741935484,0.1870967741935484,1.6166666666666667,0.45,0.1870967741935484,1.5606060606060606,0.0,0.0,0.0,218267.4442,190000.0,28267.4442,6.721513224036009,-3.1596,1321.4622,0.0060543257142331,0.0467485560650721,0,12.293476398113764,Asia,16396.5671,218267.4442,190000.0,0.945613157548486,1
MSAD,2022,143,68,0.4755244755244755,68.0,0.5588235294117647,0.0147058823529411,0.4264705882352941,0.5441176470588236,0.3916083916083916,0.1048951048951049,1.3214285714285714,0.5535714285714286,0.1118881118881118,1.3114754098360657,0.0,0.0,0.0,205938.1869,178768.4847,27169.7022,6.579699820927739,3.9217,2303.2434,0.0111841491598564,0.0847724933841932,0,12.235331339151395,Asia,17907.9376,205938.1869,178768.4847,0.955026482754763,1
MSAD,2023,127,59,0.4645669291338583,59.0,0.6610169491525424,0.0338983050847457,0.3050847457627119,0.6271186440677966,0.3700787401574803,0.1417322834645669,1.446808510638298,0.7446808510638298,0.1653543307086614,1.4464285714285714,0.0,0.0,0.0,183399.7439,159753.5814,23646.1625,6.756004548306729,1.235,1448.2902,0.0078969041570182,0.0612484245593761,0,12.119423442402216,Asia,16522.6116,183399.7439,159753.5814,0.9611583378007104,1
Munich RE,2012,44,6,0.1363636363636363,6.0,0.0,0.1666666666666666,0.8333333333333334,-0.1666666666666666,0.0909090909090909,0.0454545454545454,1.5,0.0,0.0454545454545454,1.4,2.0,1.0,2.0,341031.5952,304820.3469,36211.2483,8.41783592696527,9.5061,4342.8547,0.0127344643755166,0.1199310961063996,0,12.73973040651894,Europe,32041.9316,341031.5952,304820.3469,0.9877743975670206,1
Munich RE,2013,33,1,0.0303030303030303,1.0,0.0,0.0,1.0,0.0,0.0303030303030303,0.0303030303030303,2.0,0.0,0.0303030303030303,2.0,2.0,1.0,2.0,350670.8168,314560.1836,36110.6332,8.711012677562243,-3.4829,4478.7308,0.0127718948524717,0.1240280328288455,0,12.767603218522638,Europe,39180.2263,350670.8168,314560.1836,1.0087534888931196,1
Munich RE,2014,40,4,0.1,4.0,0.25,0.25,0.5,0.0,0.025,0.0,1.0,0.0,0.0,1.0,2.0,1.0,2.0,330310.64,293660.95,36649.69,8.012644854567665,-0.6245,5192.9987,0.0157215604680491,0.1416928410581371,0,12.70778882399962,Europe,33796.9485,330310.64,293660.95,0.9913634586521344,1
Munich RE,2015,46,7,0.1521739130434782,7.0,0.5714285714285714,0.4285714285714285,0.0,0.1428571428571428,0.0652173913043478,0.0652173913043478,2.0,1.0,0.0869565217391304,1.5714285714285714,1.0,1.0,1.0,292151.9688,258504.3132,33647.6556,7.682684234321514,-1.0739,4237.8581,0.0145056633279138,0.1259480942856536,0,12.585029386963813,Europe,32643.1234,292151.9688,258504.3132,0.996561610711966,1
Munich RE,2016,42,2,0.0476190476190476,2.0,1.0,0.0,0.0,1.0,0.0476190476190476,0.0,1.0,1.0,0.0,1.0,1.0,2.0,1.0,282453.9335,248930.294,33523.6395,7.425515180116408,-1.8361,3351.0031,0.0118638924885073,0.0999594062571875,0,12.551270749015083,Europe,29729.353,282453.9335,248930.294,0.9865667068148656,1
Munich RE,2017,56,3,0.0535714285714285,3.0,0.3333333333333333,0.6666666666666666,0.0,-0.3333333333333333,0.0178571428571428,0.0178571428571428,3.0,1.0,0.0535714285714285,2.333333333333333,1.0,1.0,1.0,319450.9884,285551.3528,33899.6356,8.423434286119582,0.1674,424.6759,0.0013293929755141,0.0125274473451862,0,12.674359140093632,Europe,32868.3189,319450.9884,285551.3528,0.9967715964656568,1
Munich RE,2018,49,4,0.0816326530612244,4.0,0.5,0.0,0.5,0.5,0.0408163265306122,0.0,1.0,0.0,0.0204081632653061,1.25,2.0,2.0,2.0,309396.3936,279048.5936,30347.8,9.19501886792453,-8.4608,2618.9069,0.0084645682825438,0.0862964333493696,0,12.642378560944572,Europe,31815.5918,309396.3936,279048.5936,1.0047440494794442,1
Munich RE,2019,60,13,0.2166666666666666,13.0,0.3846153846153846,0.0,0.6153846153846154,0.3846153846153846,0.15,0.1333333333333333,2.2222222222222223,0.5555555555555556,0.1333333333333333,1.8461538461538465,1.0,2.0,1.0,322893.2637,288559.4733,34333.7904,8.404532967032967,13.7721,3097.1078,0.0095917386584983,0.0902058224250125,0,12.685077094652012,Europe,42620.3404,322893.2637,288559.4733,1.0256634341176565,1
Munich RE,2020,74,21,0.2837837837837837,21.0,0.3809523809523809,0.0952380952380952,0.5238095238095238,0.2857142857142857,0.2027027027027027,0.1081081081081081,1.7333333333333334,0.5333333333333333,0.1216216216216216,1.619047619047619,1.0,0.0,1.0,364238.985,327571.32,36667.665,8.933520037340802,0.3101,1448.4125,0.0039765444108076,0.0395010835841333,0,12.805565483380578,Europe,41584.585,364238.985,327571.32,1.0134991590754625,1
Munich RE,2021,86,34,0.3953488372093023,34.0,0.4705882352941176,0.088235294117647,0.4411764705882353,0.3823529411764705,0.3255813953488372,0.2325581395348837,2.0357142857142856,0.5714285714285714,0.2674418604651162,2.0294117647058822,0.0,0.0,0.0,355704.333,320470.356,35233.977,9.095492001938926,8.0543,3505.4836,0.0098550489122099,0.099491567471932,0,12.78185513947607,Europe,41554.0855,355704.333,320470.356,1.0177678704296245,1
Munich RE,2022,84,25,0.2976190476190476,25.0,0.56,0.04,0.4,0.52,0.238095238095238,0.1428571428571428,1.85,0.65,0.1666666666666666,1.8333333333333333,1.0,0.0,1.0,288544.7001,259362.5806,29182.1195,8.887722517893192,-15.2893,5595.0144,0.0193904597729951,0.1917274857297462,0,12.57260529261642,Europe,44818.6024,288544.7001,259362.5806,1.054190851173426,1
Munich RE,2023,80,10,0.125,10.0,0.4,0.2,0.4,0.2,0.0875,0.05,2.0,0.4285714285714285,0.0875,2.2,1.0,1.0,1.0,302924.5752,269985.9408,32938.6344,8.196634308555304,-2.1141,4981.5249,0.0164447697804347,0.1512365339590399,0,12.621239126771432,Europe,56635.7343,302924.5752,269985.9408,1.0782277234666564,1
People Insurance China,2012,58,9,0.1551724137931034,9.0,0.8888888888888888,0.0,0.1111111111111111,0.8888888888888888,0.1379310344827586,0.0344827586206896,1.5,0.875,0.0344827586206896,1.5,1.0,2.0,1.0,110449.0778,97082.2775,13366.8003,7.262940668007136,8.8989,1036.4358,0.0093838338956235,0.0775380627179714,0,11.612309859334005,Asia,21401.1037,110449.0778,97082.2775,1.0727421501386225,0
People Insurance China,2013,41,8,0.1951219512195122,8.0,0.375,0.0,0.625,0.375,0.1707317073170731,0.048780487804878,1.5714285714285714,0.4285714285714285,0.073170731707317,1.625,2.0,2.0,2.0,124796.6096,109133.2364,15663.3732,6.967415958651869,18.5617,1310.8523,0.0105039095549275,0.0836890166161654,0,11.734440567881776,Asia,20517.6789,124796.6096,109133.2364,1.038897737010317,0
People Insurance China,2014,52,8,0.1538461538461538,8.0,0.875,0.0,0.125,0.875,0.1538461538461538,0.0576923076923076,1.375,0.875,0.0576923076923076,1.375,1.0,2.0,1.0,126014.2733,105784.0642,20230.2091,5.229014869648579,15.3479,2120.783,0.0168297046394981,0.1048324804512277,0,11.744150459676632,Asia,19860.8618,126014.2733,105784.0642,0.9970690042458864,0
People Insurance China,2015,60,3,0.05,3.0,0.6666666666666666,0.0,0.3333333333333333,0.6666666666666666,0.05,0.0333333333333333,2.0,0.6666666666666666,0.0333333333333333,2.0,1.0,2.0,1.0,130014.3353,105783.8921,24230.4432,4.365743177986938,15.5023,3095.5633,0.0238093998854601,0.1277551250073708,0,11.775399994896722,Asia,20801.1787,130014.3353,105783.8921,0.9736239508352122,0
People Insurance China,2016,68,19,0.2794117647058823,19.0,0.5263157894736842,0.0,0.4736842105263157,0.5263157894736842,0.2647058823529412,0.1323529411764706,1.5555555555555556,0.5,0.1323529411764706,1.5263157894736843,0.0,2.0,0.0,134325.9795,109807.3404,24518.6391,4.478525090733931,9.8105,1660.3751,0.0123607890758019,0.0677188930930509,0,11.808024807586069,Asia,16742.2122,134325.9795,109807.3404,0.9421077968018838,0
People Insurance China,2017,68,19,0.2794117647058823,19.0,0.5263157894736842,0.0,0.4736842105263157,0.5263157894736842,0.2647058823529412,0.1470588235294117,1.6111111111111112,0.5,0.1470588235294117,1.5789473684210529,0.0,2.0,0.0,151829.0378,123107.7197,28721.318,4.286283787533706,8.5242,2379.1186,0.0156697205914849,0.0828345899725075,0,11.930510415505168,Asia,20907.0834,151829.0378,123107.7197,0.948532673240718,0
People Insurance China,2018,96,15,0.15625,15.0,0.5333333333333333,0.0,0.4666666666666667,0.5333333333333333,0.15625,0.0833333333333333,1.8666666666666667,0.5333333333333333,0.0833333333333333,1.8666666666666667,1.0,2.0,1.0,149979.6467,119987.4973,29992.1495,4.000630141564212,3.0479,1911.3867,0.0127443072580594,0.0637295669655154,0,11.918254875205186,Asia,17786.2647,149979.6467,119987.4973,0.918616392500143,0
People Insurance China,2019,114,18,0.1578947368421052,18.0,0.7777777777777778,0.0,0.2222222222222222,0.7777777777777778,0.131578947368421,0.0526315789473684,1.6,0.8,0.0701754385964912,1.6111111111111112,1.0,2.0,1.0,162740.7588,127226.4985,35514.2603,3.582405980732196,10.5861,3203.1744,0.0196826807470925,0.0901940339723195,0,11.99991377689186,Asia,42321.7838,162740.7588,127226.4985,1.0418304765824895,0
People Insurance China,2020,80,11,0.1375,11.0,0.4545454545454545,0.0,0.5454545454545454,0.4545454545454545,0.125,0.0625,1.6,0.5,0.075,1.6363636363636365,1.0,2.0,1.0,192435.3475,150525.1869,41910.1606,3.5916156069323195,5.5138,2893.019,0.0150337193118847,0.0690290602226897,0,12.167515519154476,Asia,38499.079,192435.3475,150525.1869,0.9822741422284698,0
People Insurance China,2021,63,9,0.1428571428571428,9.0,0.7777777777777778,0.0,0.2222222222222222,0.7777777777777778,0.0793650793650793,0.0793650793650793,2.2,1.0,0.0793650793650793,1.75,1.0,2.0,1.0,216619.7826,169909.8504,46709.9322,3.6375529228449617,2.2354,2016.9025,0.0093107955136503,0.043179306948341,0,12.28589894178845,Asia,28889.8086,216619.7826,169909.8504,0.9177354746361932,0
People Insurance China,2022,60,12,0.2,12.0,0.75,0.0,0.25,0.75,0.15,0.0666666666666666,1.5555555555555556,0.7777777777777778,0.0833333333333333,1.5454545454545454,1.0,2.0,1.0,205300.6407,161104.282,44196.3587,3.6451935575407486,-19.4379,3765.8857,0.018343273002752,0.0852080535765947,0,12.232230723800988,Asia,29757.2031,205300.6407,161104.282,0.92966823897496,0
People Insurance China,2023,57,9,0.1578947368421052,9.0,0.4444444444444444,0.0,0.5555555555555556,0.4444444444444444,0.1578947368421052,0.0526315789473684,1.3333333333333333,0.4444444444444444,0.0526315789473684,1.3333333333333333,2.0,2.0,2.0,219213.9357,172334.1125,46879.8231,3.6760828242118513,6.91,3130.423,0.0142802189559885,0.0667754866165439,0,12.297803407308898,Asia,26875.7346,219213.9357,172334.1125,0.9087462731959882,0
Ping An,2012,113,23,0.2035398230088495,23.0,0.782608695652174,0.0,0.217391304347826,0.782608695652174,0.1592920353982301,0.1061946902654867,2.111111111111111,0.8333333333333334,0.1061946902654867,2.0,1.0,2.0,1.0,456177.3857,422552.8468,33624.5389,12.566799742791416,25.0992,3177.5762,0.0069656591922548,0.094501703337856,0,13.03063701658226,Asia,60973.6234,456177.3857,422552.8468,1.059952740660375,0
Ping An,2013,122,26,0.2131147540983606,26.0,0.6153846153846154,0.0,0.3846153846153846,0.6153846153846154,0.1967213114754098,0.1475409836065573,2.125,0.625,0.1475409836065573,2.125,1.0,2.0,1.0,555203.2252,515598.2751,39604.9501,13.018531112857026,24.2443,4569.0941,0.008229588540942,0.115366743007208,0,13.227089497235667,Asia,61033.9641,555203.2252,515598.2751,1.0385967030221783,0
Ping An,2014,133,24,0.1804511278195488,24.0,0.5416666666666666,0.0,0.4583333333333333,0.5416666666666666,0.1428571428571428,0.0676691729323308,1.6842105263157894,0.5263157894736842,0.075187969924812,1.75,1.0,2.0,1.0,645344.4276,588345.362,56999.0656,10.32201766479484,25.7653,6391.6864,0.0099043024571705,0.1121366873775558,0,13.377539449531705,Asia,100192.3025,645344.4276,588345.362,1.0669305181120616,0
Ping An,2015,155,4,0.0258064516129032,4.0,1.0,0.0,0.0,1.0,0.0258064516129032,0.0129032258064516,1.75,1.0,0.0129032258064516,1.75,1.0,2.0,1.0,734513.9114,670765.0096,63748.9017,10.521985347396187,30.829,8627.7911,0.0117462596229869,0.1353402312811924,0,13.506964214375866,Asia,101433.3997,734513.9114,670765.0096,1.0513053562568644,0
Ping An,2016,55,4,0.0727272727272727,4.0,0.0,0.0,1.0,0.0,0.0181818181818181,0.0181818181818181,2.0,0.0,0.0181818181818181,2.0,2.0,1.0,2.0,803623.0673,733524.7921,70098.2751,10.464234548618728,11.8755,9401.5401,0.0116989425547317,0.1341194214349505,0,13.59688561646365,Asia,92572.3514,803623.0673,733524.7921,1.0279659421369125,0
Ping An,2017,67,6,0.0895522388059701,6.0,0.5,0.0,0.5,0.5,0.0597014925373134,0.0298507462686567,2.0,0.5,0.0298507462686567,1.8,1.0,2.0,1.0,997906.0046,907550.3712,90355.6334,10.044203521681029,24.691,13198.1693,0.0132258641987932,0.1460691359615879,0,13.813414367090497,Asia,190353.37,997906.0046,907550.3712,1.1002075707922845,0
Ping An,2018,67,12,0.1791044776119403,12.0,0.4166666666666667,0.0,0.5833333333333334,0.4166666666666667,0.1641791044776119,0.1194029850746268,2.1818181818181817,0.4545454545454545,0.1194029850746268,2.1818181818181817,1.0,2.0,1.0,1038400.0,939058.9518,99388.3841,9.448377295833309,9.9901,22359.9151,0.0215330461286594,0.22497513469484,0,13.853191624931965,Asia,161392.96,1038400.0,939058.9518,1.0597572340138677,0
Ping An,2019,84,16,0.1904761904761904,16.0,0.75,0.0,0.25,0.75,0.1547619047619047,0.0595238095238095,1.4615384615384617,0.8461538461538461,0.0595238095238095,1.4285714285714286,1.0,2.0,1.0,1180900.0,1058500.0,122407.1574,8.64737015778458,17.4608,28928.1846,0.024496726733847,0.2363275580811747,0,13.981787417589372,Asia,221007.1053,1180900.0,1058500.0,1.083501655771022,0
Ping An,2020,84,11,0.1309523809523809,11.0,0.6363636363636364,0.0,0.3636363636363636,0.6363636363636364,0.119047619047619,0.0595238095238095,1.7,0.7,0.0595238095238095,1.6363636363636365,1.0,2.0,1.0,1459700.0,1308400.0,151352.0346,8.64474668912049,4.3769,29408.3036,0.0201468134548194,0.1943039859207812,0,14.193741493118669,Asia,235602.9071,1459700.0,1308400.0,1.0577535843666506,1
Ping An,2021,98,27,0.2755102040816326,27.0,0.4444444444444444,0.0,0.5555555555555556,0.4444444444444444,0.2142857142857142,0.0918367346938775,1.619047619047619,0.4761904761904761,0.0918367346938775,1.5909090909090908,0.0,0.0,0.0,1595600.0,1426100.0,169557.2757,8.41072725492015,-1.8584,27983.0437,0.0175376307971922,0.1650359359955203,0,14.28276039901339,Asia,139543.6629,1595600.0,1426100.0,0.981225659877162,1
Ping An,2022,100,27,0.27,27.0,0.6296296296296297,0.0,0.3703703703703703,0.6296296296296297,0.21,0.08,1.6666666666666667,0.6666666666666666,0.08,1.5833333333333333,1.0,2.0,1.0,1596000.0,1424000.0,171918.3602,8.283001294006061,-31.9442,20818.4923,0.0130441681077694,0.1210952237781989,0,14.28301105699189,Asia,123108.2695,1596000.0,1424000.0,0.9693660836466164,1
Ping An,2023,129,29,0.2248062015503876,29.0,0.3793103448275862,0.0689655172413793,0.5517241379310345,0.3103448275862068,0.1860465116279069,0.0542635658914728,1.4166666666666667,0.4166666666666667,0.0620155038759689,1.4074074074074074,2.0,1.0,2.0,1631200.0,1458100.0,173064.2708,8.425193676660383,3.666,13190.0355,0.0080860933668464,0.0762146654478608,0,14.304826498242385,Asia,94786.1352,1631200.0,1458100.0,0.9519900289357528,0
Power Corp Canada,2012,182,9,0.0494505494505494,9.0,0.1111111111111111,0.0,0.8888888888888888,0.1111111111111111,0.0164835164835164,0.0,1.0,0.0,0.0,1.0,2.0,1.0,2.0,273024.4246,247088.1496,25936.275,9.526740042662256,1.6134,844.8044,0.0030942447776886,0.0325723104030937,0,12.517316537564396,N. America,11734.6359,273024.4246,247088.1496,0.9479839976924906,0
Power Corp Canada,2013,164,15,0.0914634146341463,15.0,0.1333333333333333,0.0,0.8666666666666667,0.1333333333333333,0.0365853658536585,0.0182926829268292,1.6666666666666667,0.1666666666666666,0.024390243902439,1.6,2.0,1.0,2.0,324618.9311,296969.3263,27649.6048,10.740454644762227,-11.3656,1093.8194,0.0033695490164221,0.0395600374006069,0,12.690407253680553,N. America,13836.2166,324618.9311,296969.3263,0.9574473732841392,0
Power Corp Canada,2014,115,13,0.1130434782608695,13.0,0.3846153846153846,0.0,0.6153846153846154,0.3846153846153846,0.0869565217391304,0.0434782608695652,1.6,0.4,0.0434782608695652,1.5454545454545454,2.0,2.0,2.0,325252.6905,298145.5015,27107.189,10.99876130645638,43.8128,1197.2533,0.0036809943006451,0.0441673719838674,0,12.692357668438923,N. America,12619.0304,325252.6905,298145.5015,0.9554556840783458,0
Power Corp Canada,2015,115,11,0.0956521739130434,11.0,0.2727272727272727,0.0,0.7272727272727273,0.2727272727272727,0.0782608695652174,0.0347826086956521,1.5555555555555556,0.3333333333333333,0.0347826086956521,1.5555555555555556,2.0,1.0,2.0,305799.1033,280121.4926,25677.6106,10.909172857384169,-10.2372,1262.121,0.0041272880998667,0.0491525874296107,0,12.6306836401641,N. America,9694.5449,305799.1033,280121.4926,0.947733444514649,0
Power Corp Canada,2016,145,17,0.1172413793103448,17.0,0.2352941176470588,0.0,0.7647058823529411,0.2352941176470588,0.1034482758620689,0.0413793103448275,1.6,0.2666666666666666,0.0413793103448275,1.6,2.0,1.0,2.0,314292.9368,288225.2788,26067.658,11.056815261271264,32.6277,922.2816,0.0029344649274981,0.0353803015215252,0,12.65808074973645,N. America,10349.2889,314292.9368,288225.2788,0.9499881567176216,1
Power Corp Canada,2017,121,13,0.1074380165289256,13.0,0.2307692307692307,0.0769230769230769,0.6923076923076923,0.1538461538461538,0.0826446280991735,0.0495867768595041,1.9,0.2,0.0578512396694214,1.8461538461538465,2.0,1.0,2.0,355648.599,326259.28,29389.3191,11.101287474196706,1.3123,1214.1928,0.0034140238522351,0.0413140840680449,0,12.78169844088777,N. America,11997.5554,355648.599,326259.28,0.9510984616587792,1
Power Corp Canada,2018,106,11,0.1037735849056603,11.0,0.3636363636363636,0.0909090909090909,0.5454545454545454,0.2727272727272727,0.0943396226415094,0.0660377358490566,1.9,0.4,0.0754716981132075,2.0,1.0,1.0,1.0,331989.8708,304064.1515,27925.7193,10.888319410272093,-6.4532,1109.9048,0.0033431887464682,0.0397448956668414,0,12.712859737794645,N. America,8389.8023,331989.8708,304064.1515,0.9411550811688196,1
Power Corp Canada,2019,103,16,0.1553398058252427,16.0,0.375,0.0625,0.5625,0.3125,0.145631067961165,0.029126213592233,1.2,0.4,0.029126213592233,1.1875,2.0,1.0,2.0,367737.71,339547.6961,28190.0139,12.04496376995401,1.5448,971.5076,0.0026418492680557,0.0344628279874668,0,12.815125218462686,N. America,10991.987,367737.71,339547.6961,0.9532328982523984,1
Power Corp Canada,2020,93,24,0.2580645161290322,24.0,0.5,0.0,0.5,0.5,0.1935483870967742,0.075268817204301,1.5555555555555556,0.5,0.075268817204301,1.4761904761904765,0.0,2.0,0.0,492719.2982,462383.302,30335.9962,15.242067507906665,32.5355,1447.3234,0.0029374197545891,0.0477097699530961,0,13.107694916021543,N. America,15504.379,492719.2982,462383.302,0.9698984447043524,1
Power Corp Canada,2021,86,22,0.2558139534883721,22.0,0.5454545454545454,0.0,0.4545454545454545,0.5454545454545454,0.1627906976744186,0.0813953488372093,1.6428571428571428,0.5714285714285714,0.0813953488372093,1.4736842105263157,1.0,2.0,1.0,523071.389,488501.0673,34570.3218,14.130648540853327,7.5089,2296.2717,0.0043899776364942,0.0664232087073022,0,13.16747323277589,N. America,22359.5452,523071.389,488501.0673,0.9766556214757904,1
Power Corp Canada,2022,144,30,0.2083333333333333,30.0,0.5333333333333333,0.0,0.4666666666666667,0.5333333333333333,0.1319444444444444,0.0555555555555555,1.5789473684210529,0.5263157894736842,0.0555555555555555,1.44,1.0,2.0,1.0,520621.5817,490629.7118,29991.8699,16.35875700434403,-57.685,2433.3875,0.0046740042778368,0.0811349044962348,0,13.162778726119384,N. America,15703.2646,520621.5817,490629.7118,0.972554719584726,1
Power Corp Canada,2023,71,14,0.1971830985915492,14.0,0.6428571428571429,0.0,0.3571428571428571,0.6428571428571429,0.1549295774647887,0.0845070422535211,1.9090909090909087,0.6363636363636364,0.0845070422535211,1.8333333333333333,1.0,2.0,1.0,567485.4244,536240.63,31244.7944,17.162559085362393,6.5539,1912.9554,0.0033709330984536,0.0612247715734688,0,13.248970344131209,N. America,18712.5802,567485.4244,536240.63,0.9779162359751348,1
Progressive,2018,184,29,0.1576086956521739,29.0,0.3103448275862069,0.1034482758620689,0.5862068965517241,0.2068965517241379,0.125,0.0326086956521739,1.434782608695652,0.3043478260869565,0.0380434782608695,1.48,2.0,1.0,2.0,46575.0,35538.7,11036.3,3.220164366680862,20.9027,2914.245,0.0625710144927536,0.2640599657493906,0,10.748819195469787,N. America,35184.456,46575.0,35538.7,1.5184789264626943,0
Progressive,2019,183,50,0.273224043715847,50.0,0.3,0.06,0.64,0.24,0.2131147540983606,0.0710382513661202,1.4871794871794872,0.3076923076923077,0.0710382513661202,1.441860465116279,2.0,0.0,2.0,54910.5,41011.7,13898.8,2.9507367542521656,17.3309,3130.332,0.0570078946649547,0.2252231847353728,0,10.913459866040968,N. America,42319.194,54910.5,41011.7,1.5175766747707633,1
Progressive,2021,187,61,0.3262032085561497,61.0,0.3934426229508196,0.0163934426229508,0.5901639344262295,0.3770491803278688,0.2620320855614973,0.0855614973262032,1.4081632653061225,0.4081632653061224,0.0909090909090909,1.411764705882353,0.0,0.0,0.0,71132.3,52900.7,18231.6,2.901593935803769,12.5809,2131.732,0.0299685515581529,0.1169251190241119,0,11.172296802365764,N. America,59988.66,71132.3,52900.7,1.5870337385407192,1
Progressive,2022,274,112,0.4087591240875912,112.0,0.3660714285714285,0.0446428571428571,0.5892857142857143,0.3214285714285714,0.2518248175182482,0.1167883211678832,1.6231884057971016,0.3623188405797101,0.145985401459854,1.6022727272727273,0.0,0.0,0.0,75465.0,59574.0,15891.0,3.74891447989428,11.5478,2430.038,0.0322008613264427,0.1529191366182115,0,11.231424251593529,N. America,75867.379,75465.0,59574.0,1.7947575564831382,1
Progressive,2023,287,122,0.4250871080139373,122.0,0.4098360655737705,0.0081967213114754,0.5819672131147541,0.4016393442622951,0.3763066202090592,0.1533101045296167,1.5092592592592593,0.4351851851851852,0.156794425087108,1.509090909090909,0.0,0.0,0.0,88690.8,68413.7,20277.1,3.373939074127957,19.8658,3585.851,0.0404309240642772,0.1768423985678425,0,11.392911442512474,N. America,93226.584,88690.8,68413.7,1.822514668939732,1
Prudentials,2015,122,30,0.2459016393442623,30.0,0.6333333333333333,0.0,0.3666666666666666,0.6333333333333333,0.1885245901639344,0.0573770491803278,1.391304347826087,0.7391304347826086,0.0573770491803278,1.375,1.0,2.0,1.0,757255.0,715332.0,41923.0,17.06299644586504,-0.0778,5704.74,0.0075334464612316,0.1360766166543424,0,13.537455331706903,N. America,36398.5225,757255.0,715332.0,0.9927046008279904,0
Prudentials,2016,112,35,0.3125,35.0,0.5714285714285714,0.0,0.4285714285714285,0.5714285714285714,0.2857142857142857,0.0714285714285714,1.375,0.5625,0.0714285714285714,1.3529411764705883,0.0,0.0,0.0,783962.0,737874.0,46088.0,16.010111091824335,10.1614,4234.224,0.0054010577043275,0.0918725915639645,0,13.57211582877011,N. America,44701.4884,783962.0,737874.0,0.9982314045833854,0
Prudentials,2017,126,49,0.3888888888888889,49.0,0.7142857142857143,0.0,0.2857142857142857,0.7142857142857143,0.365079365079365,0.1428571428571428,1.565217391304348,0.717391304347826,0.1428571428571428,1.5416666666666667,0.0,0.0,0.0,831921.0,777577.0,54344.0,14.308424113057558,4.7963,4816.28,0.0057893477866287,0.0886257912557044,0,13.63149276337205,N. America,48585.0544,831921.0,777577.0,0.9930775330830692,0
Prudentials,2018,169,60,0.3550295857988165,60.0,0.7,0.0,0.3,0.7,0.6153846153846154,0.2781065088757396,1.6730769230769231,0.6923076923076923,0.2781065088757396,1.6730769230769231,0.0,0.0,0.0,815078.0,766047.0,49031.0,15.623727845648672,4.5405,5105.122,0.0062633539366784,0.1041202912443148,0,13.61103909316499,N. America,33493.6005,815078.0,766047.0,0.9809375305185516,0
Prudentials,2019,58,19,0.3275862068965517,19.0,0.4210526315789473,0.0,0.5789473684210527,0.4210526315789473,0.3103448275862069,0.0517241379310344,1.1666666666666667,0.4444444444444444,0.0517241379310344,1.1666666666666667,0.0,0.0,0.0,896552.0,832833.0,63719.0,13.070402862568464,3.1483,5468.05,0.0060989769695455,0.0858150630110328,0,13.706311573691542,N. America,37386.5499,896552.0,832833.0,0.9706291993102464,0
Prudentials,2020,75,34,0.4533333333333333,34.0,0.7647058823529411,0.0588235294117647,0.1764705882352941,0.7058823529411764,0.4266666666666667,0.1466666666666666,1.5,0.8125,0.1466666666666666,1.4705882352941178,0.0,0.0,0.0,940722.0,872512.0,68210.0,12.791555490397302,-6.6589,7065.76,0.0075109968726148,0.1035883301568685,0,13.754402944526165,N. America,30949.8718,940722.0,872512.0,0.9603919880687386,0
Prudentials,2021,87,46,0.5287356321839081,46.0,0.5434782608695652,0.0217391304347826,0.4347826086956521,0.5217391304347826,0.5172413793103449,0.2413793103448276,1.7333333333333334,0.5333333333333333,0.2413793103448276,1.7333333333333334,0.0,0.0,0.0,937582.0,874974.0,62608.0,13.975434449271658,9.8326,3814.45,0.0040683908180831,0.0609259200102223,0,13.751059499668385,N. America,40729.2332,937582.0,874974.0,0.9766646898084648,0
Prudentials,2022,71,22,0.3098591549295774,22.0,0.5454545454545454,0.0,0.4545454545454545,0.5454545454545454,0.3098591549295774,0.0704225352112676,1.3636363636363635,0.5454545454545454,0.0704225352112676,1.3636363636363635,0.0,0.0,0.0,689029.0,657110.0,31919.0,20.58679783201228,-4.8722,3808.65,0.0055275612492362,0.119322347191328,0,13.443038639095525,N. America,36398.6532,689029.0,657110.0,1.0065014000862085,0
Prudentials,2023,52,17,0.3269230769230769,17.0,0.5294117647058824,0.0,0.4705882352941176,0.5294117647058824,0.3269230769230769,0.0961538461538461,1.411764705882353,0.5294117647058824,0.0961538461538461,1.411764705882353,0.0,0.0,0.0,721212.0,693102.0,28110.0,24.65677694770544,-11.2396,4336.21,0.0060123930272929,0.1542586268231946,0,13.48868840910798,N. America,36772.1438,721212.0,693102.0,1.012010537539586,0
Sompo,2012,19,4,0.2105263157894736,4.0,0.5,0.25,0.25,0.25,0.1052631578947368,0.0,1.0,1.0,0.0,1.0,1.0,1.0,1.0,107628.9241,95519.7991,12109.125,7.888249489537848,5.7507,-1117.0337,-0.0103785642134835,-0.0922472680726311,0,11.586444701924815,Asia,9287.5015,107628.9241,95519.7991,0.9737837804884272,1
Sompo,2013,16,5,0.3125,5.0,0.6,0.0,0.4,0.6,0.1875,0.0,1.0,0.6666666666666666,0.0,1.0,0.0,0.0,0.0,97412.4177,83790.1719,13622.2458,6.150980765594466,1.9343,727.7447,0.0074707590385573,0.0534232541891146,0,11.486708973290687,Asia,8644.8935,97412.4177,83790.1719,0.9489043346062028,1
Sompo,2014,27,6,0.2222222222222222,6.0,0.1666666666666666,0.0,0.8333333333333334,0.1666666666666666,0.2222222222222222,0.037037037037037,1.1666666666666667,0.1666666666666666,0.037037037037037,1.1666666666666667,2.0,1.0,2.0,92168.4195,78680.9935,13487.426,5.833655250453274,7.3699,666.4916,0.0072312360743041,0.0494157743664358,0,11.431372829178756,Asia,10582.3728,92168.4195,78680.9935,0.9684810348733384,1
Sompo,2015,20,5,0.25,5.0,0.6,0.0,0.4,0.6,0.25,0.1,1.4,0.6,0.1,1.4,0.0,2.0,0.0,85480.8754,70225.7524,15255.123,4.603420922925367,9.1599,1043.3594,0.0122057640977317,0.0683940339255212,0,11.356047950372693,Asia,12705.4456,85480.8754,70225.7524,0.9701725399035864,1
Sompo,2016,91,32,0.3516483516483517,32.0,0.4375,0.03125,0.53125,0.40625,0.2857142857142857,0.1538461538461538,1.6153846153846154,0.4230769230769231,0.1648351648351648,1.5666666666666669,0.0,0.0,0.0,90548.8533,75856.9511,14691.9022,5.163181054935147,-1.0218,1275.4246,0.0140854859395552,0.0868114000922222,0,11.413644799509672,Asia,11453.0529,90548.8533,75856.9511,0.9642309186481988,1
Sompo,2017,70,29,0.4142857142857143,29.0,0.6206896551724138,0.0344827586206896,0.3448275862068966,0.5862068965517242,0.3428571428571428,0.1,1.2916666666666667,0.7083333333333334,0.1,1.2592592592592593,0.0,0.0,0.0,107188.3479,90397.9427,16790.4052,5.383904773185581,4.5919,1545.22,0.014415932610899,0.0920299410046399,0,11.582342826748429,Asia,14416.2289,107188.3479,90397.9427,0.9778504254752116,1
Sompo,2018,90,35,0.3888888888888889,35.0,0.4571428571428571,0.0857142857142857,0.4571428571428571,0.3714285714285714,0.2333333333333333,0.0222222222222222,1.0952380952380951,0.6666666666666666,0.0222222222222222,1.0666666666666669,0.0,0.0,0.0,112486.5656,94446.5826,18039.9831,5.235403053121485,10.6898,1383.3472,0.012297888131096,0.0766822891314127,0,11.63058907660696,Asia,15342.1133,112486.5656,94446.5826,0.9760160719139246,1
Sompo,2019,130,52,0.4,52.0,0.3461538461538461,0.0961538461538461,0.5576923076923077,0.25,0.2384615384615384,0.0461538461538461,1.1935483870967742,0.4193548387096774,0.0461538461538461,1.1428571428571428,0.0,0.0,0.0,108497.3729,92428.8435,16068.5294,5.752165689786149,-3.4665,1268.1134,0.0116879641055345,0.0789190702168426,0,11.594481238766289,Asia,13778.1145,108497.3729,92428.8435,0.9788896741111784,0
Sompo,2020,148,73,0.4932432432432432,73.0,0.5342465753424658,0.0136986301369863,0.4520547945205479,0.5205479452054795,0.3108108108108108,0.0675675675675675,1.2608695652173914,0.5652173913043478,0.0743243243243243,1.2258064516129032,0.0,0.0,0.0,111132.2694,96170.4583,14961.8111,6.427728411836451,2.8824,1161.0111,0.0104471105131593,0.0775982995801891,0,11.618476387099593,Asia,11294.0237,111132.2694,96170.4583,0.9669961981357684,0
Sompo,2021,114,44,0.3859649122807017,44.0,0.2954545454545454,0.0227272727272727,0.6818181818181818,0.2727272727272727,0.2719298245614035,0.087719298245614,1.3548387096774193,0.3225806451612903,0.087719298245614,1.275,0.0,0.0,0.0,118602.8026,100239.472,18363.3306,5.458675998568581,2.2966,1426.7587,0.0120297216315527,0.0776960743711709,0,11.68353539595796,Asia,13612.9044,118602.8026,100239.472,0.9599467626745608,1
Sompo,2022,186,89,0.478494623655914,89.0,0.2696629213483146,0.0224719101123595,0.7078651685393258,0.247191011235955,0.3225806451612903,0.075268817204301,1.2833333333333334,0.3166666666666666,0.086021505376344,1.2638888888888888,0.0,0.0,0.0,113424.1115,96635.7848,16788.3268,5.756129598334957,8.6811,1957.2523,0.0172560514172509,0.1165841196276927,0,11.638889271131417,Asia,15165.6907,113424.1115,96635.7848,0.9856940823380398,1
Sompo,2023,72,41,0.5694444444444444,41.0,0.2926829268292683,0.0,0.7073170731707317,0.2926829268292683,0.25,0.1111111111111111,1.5,0.5,0.125,1.4545454545454546,0.0,0.0,0.0,100559.4411,86104.8128,14454.6283,5.956902592922434,5.2977,162.3251,0.0016142203877065,0.0112299740007842,0,11.518504285372789,Asia,13175.8312,100559.4411,86104.8128,0.9872831721615446,1
Swiss RE,2013,38,2,0.0526315789473684,2.0,0.0,0.5,0.5,-0.5,0.0,0.0,,,0.0,,,1.0,,213520.0,180543.0,32977.0,5.474815780695637,9.0616,4455.4786,0.0208667974896965,0.1351086696788671,0,12.271485784078406,Europe,31637.2737,213520.0,180543.0,0.993725523136006,1
Swiss RE,2014,54,8,0.1481481481481481,8.0,0.625,0.0,0.375,0.625,0.1481481481481481,0.0185185185185185,1.125,0.625,0.0185185185185185,1.125,2.0,2.0,2.0,204461.0,168420.0,36041.0,4.673011292694431,1.9725,3717.512,0.0181820102611255,0.1031467495352515,0,12.228132527231256,Europe,28940.4329,204461.0,168420.0,0.9652717775028,1
Swiss RE,2015,44,7,0.1590909090909091,7.0,0.5714285714285714,0.0,0.4285714285714285,0.5714285714285714,0.1136363636363636,0.0,1.0,0.6,0.0,1.0,2.0,2.0,2.0,196135.0,162529.0,33606.0,4.836308992441825,-4.3463,4615.0576,0.0235300053534555,0.1373283818365768,0,12.186558476625873,Europe,33483.9906,196135.0,162529.0,0.9993779315267544,1
Swiss RE,2016,67,9,0.1343283582089552,9.0,0.1111111111111111,0.0,0.8888888888888888,0.1111111111111111,0.0597014925373134,0.0149253731343283,1.25,0.25,0.0597014925373134,1.75,2.0,1.0,2.0,215065.0,179349.0,35716.0,5.021530966513607,22.6965,3558.0,0.0165438355845907,0.0996192182775226,0,12.278695587000026,Europe,30925.0346,215065.0,179349.0,0.977723174854114,1
Swiss RE,2017,82,31,0.3780487804878049,31.0,0.4193548387096774,0.1290322580645161,0.4516129032258064,0.2903225806451613,0.2073170731707317,0.0853658536585365,1.4705882352941178,0.4705882352941176,0.1219512195121951,1.4814814814814814,0.0,0.0,0.0,222526.0,188232.0,34294.0,5.488773546392955,-3.1044,415.6969,0.0018680823813846,0.0121215635388114,0,12.312799227694128,Europe,29484.3369,222526.0,188232.0,0.978386062302832,1
Swiss RE,2018,93,33,0.3548387096774194,33.0,0.2727272727272727,0.2727272727272727,0.4545454545454545,0.0,0.1182795698924731,0.043010752688172,1.4545454545454546,0.5454545454545454,0.086021505376344,1.4193548387096775,2.0,0.0,2.0,207570.0,178843.0,28727.0,6.225606572214293,-12.9898,421.0,0.0020282314399961,0.0146552024228078,0,12.243223911160966,Europe,27462.9082,207570.0,178843.0,0.9939100457676928,1
Swiss RE,2019,109,34,0.3119266055045872,34.0,0.5,0.1176470588235294,0.3823529411764705,0.3823529411764705,0.1926605504587156,0.110091743119266,2.0,0.5238095238095238,0.146788990825688,2.0,1.0,0.0,1.0,238567.0,207530.0,31037.0,6.686535425459935,32.6618,727.0,0.0030473619570183,0.0234236556368205,0,12.38240547229108,Europe,32635.2601,238567.0,207530.0,1.0066994181927928,1
Swiss RE,2020,75,15,0.2,15.0,0.6666666666666666,0.0,0.3333333333333333,0.6666666666666666,0.16,0.12,2.083333333333333,0.6666666666666666,0.1333333333333333,1.9333333333333331,1.0,2.0,1.0,182622.0,155364.0,27258.0,5.699757869249395,-11.3189,-878.0,-0.0048077449595339,-0.0322107271259813,0,12.11517372181335,Europe,27274.3988,182622.0,155364.0,1.000089796410071,1
Swiss RE,2021,94,25,0.2659574468085106,25.0,0.52,0.12,0.36,0.4,0.2127659574468085,0.1170212765957446,1.9,0.55,0.1382978723404255,1.9565217391304348,1.0,0.0,1.0,181567.0,157889.0,23678.0,6.668172987583411,5.8632,1437.0,0.0079144337902812,0.0606892474026522,0,12.10938001057493,Europe,28522.434,181567.0,157889.0,1.026681247142928,1
Swiss RE,2022,96,26,0.2708333333333333,26.0,0.6153846153846154,0.1538461538461538,0.2307692307692307,0.4615384615384615,0.1979166666666666,0.1041666666666666,2.0,0.631578947368421,0.1145833333333333,1.875,1.0,0.0,1.0,170676.0,157867.0,12809.0,12.324693574830198,0.2438,474.409,0.0027795882256439,0.037037161370911,0,12.047522301358228,Europe,27108.8929,170676.0,157867.0,1.083783853031475,1
Swiss RE,2023,76,23,0.3026315789473684,23.0,0.7391304347826086,0.1304347826086956,0.1304347826086956,0.608695652173913,0.2631578947368421,0.1052631578947368,1.55,0.8,0.131578947368421,1.608695652173913,0.0,0.0,0.0,133861.0,111322.0,22539.0,4.939083366608989,-5.3687,3111.0,0.0232405256198594,0.138027419140157,0,11.804557227118288,Europe,32722.4996,133861.0,111322.0,1.076075179477219,1
Talanx,2012,41,3,0.073170731707317,3.0,0.0,0.3333333333333333,0.6666666666666666,-0.3333333333333333,0.024390243902439,0.0,1.0,0.0,0.024390243902439,1.3333333333333333,2.0,1.0,2.0,172022.895,153281.8353,18741.0597,8.178931061192873,12.8389,819.6638,0.0047648529575089,0.0437362568136955,0,12.055382857402297,Europe,7161.2196,172022.895,153281.8353,0.9326843086787956,0
Talanx,2013,41,3,0.073170731707317,3.0,0.0,0.3333333333333333,0.6666666666666666,-0.3333333333333333,0.024390243902439,0.0,1.0,0.0,0.024390243902439,1.3333333333333333,2.0,1.0,2.0,183204.7907,167745.9428,15458.8479,10.85112835607885,4.9039,986.9152,0.0053869508337043,0.0638414457781164,0,12.118359880989429,Europe,8592.5625,183204.7907,167745.9428,0.9625212562741132,0
Talanx,2014,58,5,0.0862068965517241,5.0,0.0,0.6,0.4,-0.6,0.0172413793103448,0.0172413793103448,2.0,0.0,0.0517241379310344,2.0,2.0,1.0,2.0,178230.58,162621.58,15609.0,10.4184496124031,5.0317,1243.3246,0.0069759330862302,0.0796543404446152,0,12.090833384234674,Europe,7729.7174,178230.58,162621.58,0.9557916346341911,0
Talanx,2015,49,3,0.0612244897959183,3.0,0.6666666666666666,0.0,0.3333333333333333,0.6666666666666666,0.0,0.0,,,0.0,1.0,,2.0,,165989.016,151394.8914,14594.1246,10.3736877373241,6.7303,1084.6567,0.0065345088858168,0.0743214635840508,0,12.019676896474738,Europe,7841.0235,165989.016,151394.8914,0.959315976064344,1
Talanx,2016,53,3,0.0566037735849056,3.0,0.0,0.6666666666666666,0.3333333333333333,-0.6666666666666666,0.0188679245283018,0.0188679245283018,3.0,-1.0,0.0377358490566037,2.333333333333333,2.0,1.0,2.0,165193.4422,149744.1966,15449.2456,9.692654287274712,-0.0798,1033.7609,0.0062578809802172,0.066913357892375,0,12.014872443155197,Europe,8470.6974,165193.4422,149744.1966,0.9577552952038432,1
Talanx,2017,43,7,0.1627906976744186,7.0,0.5714285714285714,0.2857142857142857,0.1428571428571428,0.2857142857142857,0.0232558139534883,0.0,1.0,1.0,0.0930232558139534,2.0,1.0,1.0,1.0,190424.8734,173324.7806,17100.0928,10.13589707536558,7.9281,789.447,0.0041457136659963,0.0461662406884715,0,12.157013030412095,Europe,10354.3267,190424.8734,173324.7806,0.9645751840105988,1
Talanx,2018,30,0,0.0,,,,,,0.0,0.0,,,0.0,,,,,185737.6976,169406.0004,16331.6972,10.372835004557883,2.739,807.9079,0.0043497249639644,0.0494687043303741,0,12.132090729431054,Europe,8627.2147,185737.6976,169406.0004,0.9585195541909204,1
Talanx,2019,35,6,0.1714285714285714,6.0,0.8333333333333334,0.0,0.1666666666666666,0.8333333333333334,0.1428571428571428,0.0857142857142857,2.0,0.8,0.0857142857142857,2.0,1.0,2.0,1.0,199420.3026,180768.9336,18651.369,9.691992775436484,11.8517,1043.9134,0.0052347398253321,0.0559698003937405,0,12.203169949782094,Europe,12541.2203,199420.3026,180768.9336,0.969360448157298,1
Talanx,2020,42,7,0.1666666666666666,7.0,0.7142857142857143,0.0,0.2857142857142857,0.7142857142857143,0.1428571428571428,0.0952380952380952,2.1666666666666665,0.6666666666666666,0.0952380952380952,2.1666666666666665,1.0,2.0,1.0,221315.2875,200411.76,20903.5275,9.587461255044156,3.3805,-183.6521,-0.000829821121146,-0.0087856989687506,0,12.307343604087,Europe,9815.2726,221315.2875,200411.76,0.949898377896737,1
Talanx,2021,38,7,0.1842105263157894,7.0,0.8571428571428571,0.1428571428571428,0.0,0.7142857142857142,0.1578947368421052,0.0789473684210526,2.0,1.0,0.0789473684210526,1.8571428571428568,1.0,2.0,1.0,224900.8264,204468.6494,20432.177,10.0071886319309,10.7919,157.2961,0.0006994020543092,0.0076984503413415,0,12.323414812462666,Europe,12259.1691,224900.8264,204468.6494,0.96365950258687,1
Talanx,2022,50,12,0.24,12.0,0.75,0.0,0.25,0.75,0.2,0.06,1.6,0.7,0.06,1.5,1.0,2.0,1.0,169746.8569,154394.7806,15352.0763,10.056931556547829,-8.707,3641.32,0.0214514723070551,0.2371874610862896,0,12.0420635291965,Europe,12026.8611,169746.8569,154394.7806,0.98041074067157,1
Talanx,2023,47,9,0.1914893617021276,9.0,0.7777777777777778,0.0,0.2222222222222222,0.7777777777777778,0.1702127659574468,0.1063829787234042,2.125,0.875,0.1063829787234042,2.125,1.0,2.0,1.0,186456.06,167875.1784,18580.8816,9.034833869239014,6.014,4107.714,0.0220304665882138,0.2210720722745469,0,12.13595088709005,Europe,18217.4736,186456.06,167875.1784,0.9980509724382248,1
Tokio Marine,2014,17,6,0.3529411764705882,6.0,0.6666666666666666,0.0,0.3333333333333333,0.6666666666666666,0.3529411764705882,0.1176470588235294,1.3333333333333333,0.6666666666666666,0.1176470588235294,1.3333333333333333,0.0,0.0,0.0,183836.2278,157260.9489,26575.2789,5.917565324215656,7.9683,1833.3155,0.0099725474240828,0.0689857482549317,0,12.121800573942563,Asia,23060.4534,183836.2278,157260.9489,0.9808806700286308,1
Tokio Marine,2015,22,9,0.4090909090909091,9.0,0.6666666666666666,0.0,0.3333333333333333,0.6666666666666666,0.3636363636363636,0.0909090909090909,1.25,0.75,0.0909090909090909,1.2222222222222223,0.0,0.0,0.0,174153.1471,144060.1501,30092.9971,4.787165253805843,3.9639,2343.7618,0.0134580502220507,0.0778839605843048,0,12.067690346833851,Asia,28551.4595,174153.1471,144060.1501,0.9911483798847756,1
Tokio Marine,2016,16,7,0.4375,7.0,0.8571428571428571,0.0,0.1428571428571428,0.8571428571428571,0.375,0.0625,1.1666666666666667,0.8333333333333334,0.0625,1.1428571428571428,0.0,0.0,0.0,194269.5822,163045.9733,31223.6089,5.221881103564553,5.2871,2136.3356,0.0109967580915505,0.0684205213702891,0,12.177002072415393,Asia,25491.5822,194269.5822,163045.9733,0.9704944714705832,1
Tokio Marine,2017,121,45,0.371900826446281,45.0,0.4444444444444444,0.0,0.5555555555555556,0.4444444444444444,0.3305785123966942,0.0495867768595041,1.15,0.5,0.0495867768595041,1.15,0.0,0.0,0.0,203104.8693,171034.4354,32070.4339,5.333087663650225,14.8031,2500.6745,0.0123122331267515,0.0779744517270157,0,12.2214777221703,Asia,31646.0871,203104.8693,171034.4354,0.9979107010015934,1
Tokio Marine,2018,59,24,0.4067796610169492,24.0,0.4166666666666667,0.0416666666666666,0.5416666666666666,0.375,0.3220338983050847,0.0,1.0,0.4736842105263157,0.0338983050847457,1.1304347826086956,0.0,0.0,0.0,215872.1051,179762.7471,36109.3579,4.978287002439331,3.2429,2568.8422,0.01189983392625,0.0711406225254423,0,12.28244140528379,Asia,32337.839,215872.1051,179762.7471,0.9825289191567718,1
Tokio Marine,2019,141,58,0.4113475177304964,58.0,0.3620689655172414,0.1034482758620689,0.5344827586206896,0.2586206896551724,0.3120567375886525,0.0638297872340425,1.2727272727272727,0.4090909090909091,0.0992907801418439,1.3454545454545457,0.0,0.0,0.0,203407.0777,170873.5307,32533.547,5.252225670321161,1.5332,2695.7251,0.0132528579166544,0.0828598584716262,0,12.222964558943016,Asia,34202.0279,203407.0777,170873.5307,1.0082026688494137,1
Tokio Marine,2020,191,67,0.3507853403141361,67.0,0.2835820895522388,0.0895522388059701,0.6268656716417911,0.1940298507462686,0.225130890052356,0.06282722513089,1.4186046511627908,0.3953488372093023,0.0680628272251308,1.3571428571428572,0.0,0.0,0.0,234310.3173,202517.0811,31793.2362,6.369816517766128,-0.3374,2401.5227,0.0102493254572533,0.0755356480508266,0,12.364401658097457,Asia,32051.0433,234310.3173,202517.0811,1.001100280614916,1
Tokio Marine,2021,174,76,0.4367816091954023,76.0,0.3421052631578947,0.0526315789473684,0.6052631578947368,0.2894736842105263,0.2988505747126437,0.0862068965517241,1.3461538461538465,0.3846153846153846,0.1034482758620689,1.3235294117647058,0.0,0.0,0.0,232938.8663,199282.0541,33656.8122,5.921002052000635,-0.0877,1549.6195,0.0066524729196726,0.0460417787279331,0,12.35853132172628,Asia,32999.6168,232938.8663,199282.0541,0.997178678635992,1
Tokio Marine,2022,159,69,0.4339622641509434,69.0,0.4057971014492754,0.0144927536231884,0.5797101449275363,0.391304347826087,0.320754716981132,0.1132075471698113,1.4509803921568627,0.5098039215686274,0.1320754716981132,1.435483870967742,0.0,0.0,0.0,224135.0115,190632.0089,33503.0026,5.6899977347105,7.1665,3758.7378,0.0167699717007398,0.1121910726891087,0,12.320003879179172,Asia,39743.6428,224135.0115,190632.0089,1.0278432189519842,1
Tokio Marine,2023,139,49,0.3525179856115107,49.0,0.3673469387755102,0.0408163265306122,0.5918367346938775,0.326530612244898,0.2661870503597122,0.079136690647482,1.3243243243243243,0.4864864864864865,0.0863309352517985,1.3170731707317074,0.0,0.0,0.0,206355.4869,179234.0062,27121.4808,6.608562693228756,9.5486,2680.1759,0.0129881494321438,0.098821149175601,0,12.23735562508648,Asia,38196.4379,206355.4869,179234.0062,1.0536693129239008,1
Travelers,2012,113,33,0.2920353982300885,33.0,0.303030303030303,0.2424242424242424,0.4545454545454545,0.0606060606060606,0.1858407079646017,0.1150442477876106,1.761904761904762,0.3809523809523809,0.1504424778761062,1.7586206896551724,1.0,1.0,1.0,104938.0,79533.0,25405.0,3.1306042117693367,1.1736,2486.0,0.0236901789628161,0.0978547530013776,0,11.561124978549463,N. America,27104.868,104938.0,79533.0,1.0161987840439115,0
Travelers,2013,71,16,0.2253521126760563,16.0,0.4375,0.0625,0.5,0.375,0.2112676056338028,0.1126760563380281,1.8666666666666667,0.4,0.1267605633802817,1.875,1.0,2.0,1.0,103812.0,79016.0,24796.0,3.1866430069366025,1.308,3752.0,0.0361422571571687,0.1513147281819648,0,11.550336849968376,N. America,29171.988,103812.0,79016.0,1.0421530073594574,0
Travelers,2014,80,18,0.225,18.0,0.3888888888888889,0.1111111111111111,0.5,0.2777777777777778,0.175,0.0875,1.8571428571428568,0.2142857142857142,0.0875,1.8571428571428568,2.0,1.0,2.0,103078.0,78242.0,24836.0,3.150346271541311,4.1114,3716.0,0.0360503696230039,0.1496215171525205,0,11.543241262172174,N. America,34104.87,103078.0,78242.0,1.0899209336618871,0
Travelers,2015,143,20,0.1398601398601398,20.0,0.4,0.0,0.6,0.4,0.0979020979020979,0.0419580419580419,1.5714285714285714,0.3571428571428571,0.0419580419580419,1.5714285714285714,2.0,2.0,2.0,100184.0,76586.0,23598.0,3.245444529197389,-1.0445,3412.0,0.0340573345045117,0.1445885244512247,0,11.514763774243868,N. America,33395.274,100184.0,76586.0,1.097792801245708,0
Travelers,2016,140,27,0.1928571428571428,27.0,0.4074074074074074,0.037037037037037,0.5555555555555556,0.3703703703703703,0.1571428571428571,0.0714285714285714,1.681818181818182,0.4090909090909091,0.0714285714285714,1.6521739130434785,2.0,2.0,2.0,100245.0,77024.0,23221.0,3.316997545325352,2.7786,2945.0,0.0293780238415881,0.1268248568106455,0,11.51537246861328,N. America,34228.632,100245.0,77024.0,1.109807292134271,0
Travelers,2017,175,37,0.2114285714285714,37.0,0.3243243243243243,0.027027027027027,0.6486486486486487,0.2972972972972973,0.1771428571428571,0.0857142857142857,1.7741935483870968,0.3548387096774194,0.0914285714285714,1.7575757575757576,2.0,1.0,2.0,103483.0,79752.0,23731.0,3.360667481353504,4.097,2028.0,0.0195974217987495,0.0854578399561754,0,11.547162626989124,N. America,36812.696,103483.0,79752.0,1.126413961713518,0
Travelers,2018,171,22,0.1286549707602339,22.0,0.3181818181818182,0.0,0.6818181818181818,0.3181818181818182,0.0994152046783625,0.0292397660818713,1.3529411764705883,0.4117647058823529,0.0292397660818713,1.3157894736842106,2.0,1.0,2.0,104233.0,81339.0,22894.0,3.552852275705425,5.1663,2411.0,0.0231308702618172,0.1053114353105617,0,11.5543840568194,N. America,31578.075,104233.0,81339.0,1.083314065603024,1
Travelers,2019,184,27,0.1467391304347826,27.0,0.3703703703703703,0.037037037037037,0.5925925925925926,0.3333333333333333,0.1141304347826086,0.0326086956521739,1.2857142857142858,0.2857142857142857,0.0326086956521739,1.25,2.0,1.0,2.0,110122.0,84179.0,25943.0,3.2447673746289944,4.3092,2518.0,0.0228655491182506,0.0970589369001272,0,11.609344121096704,N. America,34990.725,110122.0,84179.0,1.0821609215234014,1
Travelers,2020,196,61,0.3112244897959184,61.0,0.5081967213114754,0.0655737704918032,0.4262295081967213,0.4426229508196721,0.2602040816326531,0.1071428571428571,1.5294117647058822,0.4901960784313725,0.1071428571428571,1.4736842105263157,0.0,0.0,0.0,116764.0,87563.0,29201.0,2.998630183897812,1.6239,2667.0,0.0228409441266143,0.0913324886134036,0,11.667910082688888,N. America,35429.388,116764.0,87563.0,1.0533416806549964,1
Travelers,2021,178,46,0.2584269662921348,46.0,0.4130434782608695,0.0434782608695652,0.5434782608695652,0.3695652173913043,0.2078651685393258,0.0674157303370786,1.351351351351351,0.4054054054054054,0.0674157303370786,1.3170731707317074,0.0,0.0,0.0,120466.0,91579.0,28887.0,3.170249593242635,8.3367,3495.0,0.0290123354307439,0.1209886800290788,0,11.699122834422532,N. America,37730.916,120466.0,91579.0,1.0734142081583185,1
Travelers,2022,193,41,0.2124352331606217,41.0,0.4146341463414634,0.0,0.5853658536585366,0.4146341463414634,0.160621761658031,0.0310880829015544,1.2580645161290325,0.4838709677419355,0.0310880829015544,1.25,2.0,2.0,2.0,115717.0,94157.0,21560.0,4.367207792207792,7.0515,2978.0,0.0257351988039786,0.1381261595547309,0,11.658902834108323,N. America,43516.429,115717.0,94157.0,1.1897424665347356,1
Travelers,2023,213,26,0.1220657276995305,26.0,0.4230769230769231,0.0769230769230769,0.5,0.3461538461538461,0.0657276995305164,0.0234741784037558,1.3571428571428572,0.5,0.0234741784037558,1.3125,2.0,1.0,2.0,125978.0,101057.0,24921.0,4.055094097347618,11.8124,3050.0,0.0242105764498563,0.1223867421050519,0,11.743862567514103,N. America,43469.818,125978.0,101057.0,1.1472385495880233,1
Zurich,2012,40,4,0.1,4.0,0.5,0.5,0.0,0.0,0.0,0.0,,,0.0,1.0,,1.0,,408831.0,371957.0,36874.0,10.087243043879155,33.3764,3095.3,0.0075710990604919,0.0839426153929598,0,12.921057146699098,Europe,39176.4049,408831.0,371957.0,1.005631678859969,0
Zurich,2013,52,10,0.1923076923076923,10.0,0.6,0.1,0.3,0.5,0.0769230769230769,0.0384615384615384,2.0,1.0,0.0576923076923076,1.5555555555555556,1.0,2.0,1.0,415053.0,380319.0,34734.0,10.94947313871135,2.5593,3429.7,0.0082632820386793,0.0987418667587954,0,12.936161501901871,Europe,42986.021,415053.0,380319.0,1.019881848824126,0
Zurich,2014,33,7,0.2121212121212121,7.0,0.7142857142857143,0.0,0.2857142857142857,0.7142857142857143,0.1818181818181818,0.1212121212121212,1.8333333333333333,0.8333333333333334,0.1212121212121212,1.7142857142857142,1.0,2.0,1.0,406529.0,369699.0,36830.0,10.037985338039642,0.6997,3322.38,0.0081725534955685,0.0902085256584306,0,12.915410546138782,Europe,46748.5806,406529.0,369699.0,1.024398211689695,0
Zurich,2015,38,4,0.1052631578947368,4.0,0.75,0.25,0.0,0.5,0.0789473684210526,0.0526315789473684,2.333333333333333,1.0,0.0789473684210526,2.25,1.0,2.0,1.0,381973.0,349069.0,32904.0,10.60871018721128,-16.4654,1958.42,0.0051271163145039,0.0595192073911986,0,12.853105204462446,Europe,38932.5361,381973.0,349069.0,1.015782623640938,0
Zurich,2016,60,2,0.0333333333333333,2.0,0.0,0.0,1.0,0.0,0.0166666666666666,0.0,1.0,0.0,0.0,1.0,2.0,1.0,2.0,382679.0,350206.0,32473.0,10.784528685369384,11.4636,3037.06,0.0079363121571865,0.0935256982724109,0,12.85495179663932,Europe,41184.4802,382679.0,350206.0,1.0227644584625757,0
Zurich,2017,66,18,0.2727272727272727,18.0,0.4444444444444444,0.0555555555555555,0.5,0.3888888888888888,0.2121212121212121,0.0454545454545454,1.3571428571428572,0.5,0.0606060606060606,1.4375,0.0,0.0,0.0,422065.0,387172.0,34893.0,11.095979136216434,-5.4553,2549.26,0.0060399701467783,0.0730593528788009,0,12.952914609593009,Europe,46104.5657,422065.0,387172.0,1.026563599682513,0
Zurich,2018,53,16,0.3018867924528302,16.0,0.625,0.0,0.375,0.625,0.3018867924528302,0.1132075471698113,1.4375,0.625,0.1132075471698113,1.4375,0.0,2.0,0.0,395342.0,363539.0,31803.0,11.430965632173065,-26.0304,3488.24,0.008823347886134,0.109682734333239,0,12.887506492059735,Europe,43838.6556,395342.0,363539.0,1.0304436553667458,0
Zurich,2019,67,28,0.417910447761194,28.0,0.4642857142857143,0.0,0.5357142857142857,0.4642857142857143,0.3134328358208955,0.1641791044776119,1.619047619047619,0.5714285714285714,0.1641791044776119,1.565217391304348,0.0,0.0,0.0,404688.0,367711.0,36977.0,9.944316737431375,53.2635,4113.03,0.010163459257502,0.1112321172620818,0,12.910871678830569,Europe,61366.9536,404688.0,367711.0,1.0602685367492983,1
Zurich,2020,62,28,0.4516129032258064,28.0,0.75,0.0,0.25,0.75,0.3709677419354839,0.1935483870967742,1.7826086956521738,0.8260869565217391,0.1935483870967742,1.6923076923076923,0.0,0.0,0.0,439299.0,399453.0,39846.0,10.024920945640718,-17.2901,4047.12,0.0092126774702423,0.1015690408071073,0,12.992935553612543,Europe,62812.3191,439299.0,399453.0,1.0522794704745515,1
Zurich,2021,63,24,0.3809523809523809,24.0,0.5,0.0,0.5,0.5,0.3333333333333333,0.0952380952380952,1.3333333333333333,0.5238095238095238,0.0952380952380952,1.3043478260869563,0.0,0.0,0.0,435826.0,396657.0,39169.0,10.126809466670071,18.8867,5455.8,0.0125182985870507,0.1392887232249993,0,12.984998360107722,Europe,64934.0652,435826.0,396657.0,1.059117779113683,1
Zurich,2022,59,22,0.3728813559322034,22.0,0.6818181818181818,0.0454545454545454,0.2727272727272727,0.6363636363636364,0.3559322033898305,0.1016949152542373,1.3333333333333333,0.7142857142857143,0.1016949152542373,1.318181818181818,0.0,0.0,0.0,335412.0,308482.0,26930.0,11.454957296695136,-20.7012,4460.0,0.0132970794127818,0.1656145562569625,0,12.723114905906534,Europe,71179.8118,335412.0,308482.0,1.1319267402478148,1
Zurich,2023,38,2,0.0526315789473684,2.0,1.0,0.0,0.0,1.0,0.0263157894736842,0.0,1.0,1.0,0.0,1.0,1.0,2.0,1.0,361382.0,335103.0,26279.0,12.751740933825488,9.3714,5195.8,0.01437758383096,0.1977168080977206,0,12.79769084959109,Europe,75426.6912,361382.0,335103.0,1.135999278325982,1
