pilot_id,source_audit,reliability_type,kappa,Company Name,Year,Sentence,ESG_dim,FinBERT_sentiment,Corporate_or_Contextual,Genuine_ESG_or_FalsePositive,E_label_correct,Confidence,Notes
audit1_trigger_word_000,audit1_trigger_word,blind_independent,0.645,Travelers,2022,THE TRAVELERS PROMISE IN ACTION Travelers' sustainability – our ability to maintain our industry-leading position and maximize shareholder value over the long term – depends on the successful execution of our financial strategy as described above.,E,positive,Corporate,FalsePositive,No,High,The sentence explicitly defines sustainability in terms of maintaining market position and maximizing long-term shareholder value; the underlying claim is therefore financial rather than ESG-related.
audit1_trigger_word_001,audit1_trigger_word,blind_independent,0.645,MSAD,2023,"By providing products and services that address new risks, we will contribute to realizing a safe and secure society.",S,positive,Corporate,Genuine,,Medium,The sentence makes an explicit social-purpose claim by linking the firm's products and services to a safe and secure society. The claim is genuine but broad and non-specific (Tier 3).
audit1_trigger_word_002,audit1_trigger_word,blind_independent,0.645,Tokio Marine,2016,I feel like we have entered the second phase of our globalization and from now we must work to further build on the steps taken so far to ensure that we continue on our journey to be a “Good Company” that plays a vital role for our clients and society.,S,positive,Corporate,Genuine,,Low,"The sentence deliberately frames society, alongside clients, as a beneficiary of the firm's aspiration to be a 'Good Company.' The social reference is therefore part of the intended meaning rather than an incidental trigger-word match. The claim remains broad and non-specific, which supports Low confidence."
audit1_trigger_word_003,audit1_trigger_word,blind_independent,0.645,AIG,2019,We appointed AIG’s first Chief Sustainability Officer to lead the development of a company-wide sustainability strategy and program.,E/S,neutral,Corporate,Genuine,Yes,High,Concrete governance action: the firm appointed a Chief Sustainability Officer to lead a company-wide sustainability strategy and program.
audit1_trigger_word_004,audit1_trigger_word,blind_independent,0.645,Allstate,2016,"Building Integrated Relationships Integrated relationships with customers improve growth and returns, and create a more sustainable business model.",E/S,positive,Corporate,FalsePositive,No,High,"The phrase 'sustainable business model' refers to long-term commercial durability and profitability; the sentence focuses on customer relationships, growth, and returns rather than ESG."
audit1_trigger_word_005,audit1_trigger_word,blind_independent,0.645,AXA,2021,His convictions on the role of our industry in society have been a strength in developing our ESG commitments and bringing our purpose to life.,E/S/G,positive,Corporate,Genuine,Yes,Medium,"The sentence explicitly refers to the firm's ESG commitments, making the ESG framing intentional rather than incidental."
audit1_trigger_word_006,audit1_trigger_word,blind_independent,0.645,PIC,2016,"Thirdly, it will deeply advance innovation and development and establish the decision-making mechanism, talents mechanism, and incentive mechanism for innovation and strengthen the momentum of the Group for sustainable development.",E/S,positive,Corporate,FalsePositive,No,Medium,"The sentence focuses on innovation, talent, and incentive mechanisms; 'sustainable development' is used in the sense of continued long-term corporate development rather than a specific ESG objective."
audit1_trigger_word_007,audit1_trigger_word,blind_independent,0.645,Tokio Marine,2018,"With this purpose in mind, our principal focus is on meeting the expectations of cus- tomers and society, therefore success is a result that follows.",S,positive,Corporate,Genuine,,Low,"The sentence explicitly identifies society, alongside customers, as a stakeholder whose expectations the firm seeks to meet. This is an intentional social-stakeholder framing rather than a non-ESG use of the trigger word, although no specific societal issue, action, or outcome is identified; therefore confidence remains Low."
audit1_trigger_word_008,audit1_trigger_word,blind_independent,0.645,Generali,2021,Any important crisis is followed by the opportunity to plan for recovery with a focus on sustainability.,E/S,neutral,Corporate,Genuine,Yes,Low,"Borderline: sustainability is explicitly invoked in the context of post-crisis recovery, but the sentence does not identify a specific environmental or social dimension."
audit1_trigger_word_009,audit1_trigger_word,blind_independent,0.645,Zurich,2014,We are working to increase flood resilience in at-risk communities through our innovative flood resilience alliance.,E,positive,Corporate,Genuine,Yes,High,Concrete environmental/social initiative: the firm refers to a named flood-resilience alliance aimed at increasing resilience in at-risk communities.
audit1_trigger_word_010,audit1_trigger_word,blind_independent,0.645,Allianz,2022,"− Because of our rigorous and systematic integration of sustainability criteria into our business processes and investment decisions, we achieved one of the industry leading scores in the S&P Global Corporate Sustainability Assessment and have been confirmed once again as a member of the Dow Jones Sustainability Index.",E/S,positive,Corporate,Genuine,Yes,High,Explicit ESG evidence: sustainability criteria are integrated into business and investment decisions and linked to external sustainability benchmarks (S&P Global CSA and DJSI membership).
audit1_trigger_word_011,audit1_trigger_word,blind_independent,0.645,Generali,2022,"Through the Next Generation EU recovery plan, Europe managed to redefine a single vision that had long been lacking and that is now finally directed towards sustainable development and digital transformation.",E,positive,Contextual,Genuine,Yes,Medium,The reference to sustainable development is genuine but contextual: it describes the direction of the EU recovery plan rather than the firm's own ESG activity.
audit1_trigger_word_012,audit1_trigger_word,blind_independent,0.645,Swiss RE,2022,"Our industry now finds itself at a turning point, as we are experiencing a return to an environment characterised by more sustainable pricing.",E/S,positive,Corporate,FalsePositive,No,High,"The phrase 'sustainable pricing' is used in an underwriting-cycle sense, referring to economically adequate pricing rather than environmental or social sustainability."
audit1_trigger_word_013,audit1_trigger_word,blind_independent,0.645,MSAD,2018,"Therefore, in order to advance value sharing with various stakeholders, we have incorporated SDGs as our milestones with which to align the Group’s business.",E/S,positive,Corporate,Genuine,,High,Concrete ESG framework adoption: the firm states that the SDGs were incorporated as milestones for aligning the Group's business with stakeholder value creation.
audit1_trigger_word_014,audit1_trigger_word,blind_independent,0.645,Tokio Marine,2023,It could be said that all of our business activities contribute to addressing societal challenges.,S,neutral,Corporate,Genuine,,Medium,"The sentence makes an intentional social-purpose claim by linking the firm's activities to societal challenges, but the claim is highly general and non-specific (Tier 3)."
audit1_trigger_word_015,audit1_trigger_word,blind_independent,0.645,Zurich,2022,We are growing our range of sustainable products and services to help customers make choices that benefit people and planet.,E/S,positive,Corporate,Genuine,Yes,High,Explicit environmental/social content: the firm describes expanding sustainable products and services intended to benefit both people and the planet.
audit1_trigger_word_016,audit1_trigger_word,blind_independent,0.645,Tokio Marine,2022,"Even before “ESG” existed as a concept, our Group’s reason for existence has been to achieve sustainable growth through contributing to the resolution of social issues.",E/S/G,neutral,Corporate,Genuine,No,Medium,"The sentence explicitly invokes the ESG concept and links sustainable growth to addressing social issues, indicating intentional ESG framing."
audit1_trigger_word_017,audit1_trigger_word,blind_independent,0.645,Allianz,2023,"However, our efforts to ensure resilience and to protect what is most valuable to our customers exceed our organization and touch on society at large.",S,negative,Corporate,Genuine,,Low,"The sentence states that the firm's resilience and protection efforts extend beyond the organization and its customers to society at large. This is a deliberate claim of broader societal impact, not a semantic false positive, although the impact is not specified in concrete terms; therefore confidence remains Low."
audit1_trigger_word_018,audit1_trigger_word,blind_independent,0.645,Tokio Marine,2020,"Implementing these will not only achieve our current Mid-term Plan KPI targets, but also enhance our ability to address social issues, with a view towards sustainable long-term growth.",S,positive,Corporate,Genuine,,Medium,"The sentence explicitly refers to addressing social issues, linking this objective to the firm's mid-term plan and long-term growth; the social dimension is therefore substantive."
audit1_trigger_word_019,audit1_trigger_word,blind_independent,0.645,China Life,2023,"Meanwhile, we actively performed our roles as the main force for serving the real economy and maintaining financial stability, and realigned the direction of capital investment, with our existing investments in real economy and in green investments amounted to over RMB4 trillion and RMB460 billion, respectively.",E,positive,Corporate,Genuine,Yes,High,"Concrete environmental evidence: the sentence reports RMB 460 billion in green investments, providing a quantified sustainability-related measure."
audit1_trigger_word_020,audit1_trigger_word,blind_independent,0.645,Chubb,2022,"Set against a backdrop of societal attitudes around social justice, anti-corporate sentiment and juries sympathetic to “victims,” plaintiff attorneys drive up litigationrelated costs by testing exaggerated theories of liability and corporate responsibility.",S,negative,Contextual,FalsePositive,,High,The term 'societal' describes attitudes affecting litigation behavior and costs; the sentence concerns social inflation and liability exposure rather than the firm's ESG activities.
audit1_trigger_word_021,audit1_trigger_word,blind_independent,0.645,Sompo,2023,We will also contribute to a future society where everyone can receive nursing care when needed.,S,neutral,Corporate,Genuine,,Medium,The sentence contains a clear social objective: contributing to a society in which people can access nursing care when needed.
audit1_trigger_word_022,audit1_trigger_word,blind_independent,0.645,Sompo,2019,Our goal is to help build a society in which “no one will be left behind” and whose members are able to delay the onset or development of dementia and live with dignity if they develop the condition.,S,neutral,Corporate,Genuine,,High,"The sentence states a specific social objective involving dementia prevention, dignity, and inclusion ('no one will be left behind')."
audit1_trigger_word_023,audit1_trigger_word,blind_independent,0.645,MSAD,2019,"We have renewed our recognition that to realize the society our Group is aiming at, the assistance of agents who interface with customers on a daily basis is necessary.",S,positive,Corporate,Genuine,,Low,"The sentence refers explicitly to realizing the society the Group aims to create, which expresses an intended societal outcome. The social meaning is therefore deliberate rather than incidental, but the desired societal outcome is not defined in this sentence; therefore confidence remains Low."
audit1_trigger_word_024,audit1_trigger_word,blind_independent,0.645,Travelers,2016,"GIVING BACK In addition to focusing on the sustainability and profitability of our business, we're also focused more broadly on the sustainability and prosperity of the communities we call home.",E/S,neutral,Corporate,Genuine,No,High,"Explicit social/community content: under the 'Giving Back' framing, the firm distinguishes business profitability from the sustainability and prosperity of the communities in which it operates."
audit1_trigger_word_025,audit1_trigger_word,blind_independent,0.645,Prudential Financials,2018,"We will continue to generate outcomes for our customers that are difficult for other companies to replicate, creating value for all stakeholders.",S,positive,Corporate,FalsePositive,,High,The reference to 'all stakeholders' is part of a competitive value-creation claim; the sentence focuses on differentiated customer outcomes and does not identify a specific ESG objective.
audit1_trigger_word_026,audit1_trigger_word,blind_independent,0.645,Tokio Marine,2020,By the same token insurance companies will be playing a greater role in society.,S,neutral,Contextual,Genuine,,Low,"The sentence explicitly positions insurance companies as playing a greater role in society. This is a deliberate statement about societal role and therefore qualifies as a genuine social-purpose reference, although it is highly general and does not specify a particular issue, action, or outcome; therefore confidence remains Low."
audit1_trigger_word_027,audit1_trigger_word,blind_independent,0.645,Power Corp Canada,2021,"Both Sagard and Power Sustainable launched new investment vehicles and accelerated external funding, raising a total of $4.2 billion from third‑party investors [3] in 2021.",E,positive,Corporate,FalsePositive,No,High,'Power Sustainable' is a proper company name rather than a sustainability descriptor; the sentence concerns investment vehicles and external fundraising. Distinct false-positive mechanism: proper-noun trigger.
audit1_trigger_word_028,audit1_trigger_word,blind_independent,0.645,Sompo,2023,SOMPO aims to become a corporate group that creates various innovations to increase the happiness of multiple stakeholders by practicing purpose-driven management unique to SOMPO.,S,neutral,Corporate,Genuine,,Low,"Borderline: the sentence intentionally invokes stakeholder well-being and purpose-driven management, but the claim is highly general and lacks a specific social action or outcome."
audit1_trigger_word_029,audit1_trigger_word,blind_independent,0.645,MSAD,2019,"To respond promptly to environmental flux, we ourselves have to become a resilient and sustainable group.",E,positive,Corporate,FalsePositive,No,High,"The terms 'environmental,' 'resilient,' and 'sustainable' refer to adaptability to changing business conditions and organizational durability rather than ESG-related environmental or social concerns."
audit2_E_random50_030,audit2_E_random50,reviewed_pass,,Chubb,2022,"Exacerbated by climate change and urbanization, the industry and society face a growing frequency of costly CATs.",E,negative,Contextual,Genuine,Yes,High,Genuine ESG; E correct. Climate change is explicitly linked to increasing catastrophe frequency and cost. The statement is contextual at industry/society level rather than a firm environmental action.
audit2_E_random50_031,audit2_E_random50,reviewed_pass,,Swiss RE,2019,"In 2019, Swiss Re demonstrated yet again its strong commitment to sustainable investing by being one of the founding partners of the UN-convened Net-Zero Asset Owner Alliance, pledging to transition our investment portfolios to net-zero carbon emissions by 2050.",E/S,positive,Corporate,Genuine,Yes,High,"Genuine ESG; E correct. Swiss Re identifies a concrete sustainable-investment initiative, membership in the Net-Zero Asset Owner Alliance, and a 2050 net-zero portfolio commitment."
audit2_E_random50_032,audit2_E_random50,reviewed_pass,,Daichi,2021,"Among many issues, climate change was cited as the greatest risk at the World Economic Forum held in Davos last year.",E,neutral,Contextual,Genuine,Yes,High,Genuine ESG; E correct. The sentence explicitly reports climate change as an external risk assessment. It is contextual because the claim is attributed to the World Economic Forum rather than to a firm action.
audit2_E_random50_033,audit2_E_random50,reviewed_pass,,Chubb,2022,We have an objective to help society make an orderly transition to a net-zero economy in a responsible way that does not sacrifice our energy security needs.,E,neutral,Corporate,Genuine,Yes,High,"Genuine ESG; E correct. The firm states an objective to support the transition to a net-zero economy. The commitment is environmental, although the sentence does not provide a quantified target or date."
audit2_E_random50_034,audit2_E_random50,reviewed_pass,,MSAD,2023,We are also working to improve the sustainability of natural capital in conjunction with climate change responses.,E,positive,Corporate,Genuine,Yes,Medium,"Genuine ESG; E correct. Natural capital and climate-change responses are explicitly environmental topics, and the sentence describes the firm's own ongoing activity."
audit2_E_random50_035,audit2_E_random50,reviewed_pass,,MSAD,2019,"Based on the “story of value creation” and using SDGs as leading marks, we will advance CSV initiatives toward creating shared value with society and make steady steps to realize a “resilient and sustainable society” by 2030.",E/S,positive,Corporate,Genuine,No,Medium,"Genuine ESG, but E incorrect. SDGs, shared value, and a resilient and sustainable society establish broad social/ESG relevance, but the sentence does not identify a specific environmental issue, action, or outcome."
audit2_E_random50_036,audit2_E_random50,reviewed_pass,,MSAD,2013,"MS&AD Insurance Group has set out its mission as, “To contribute to the development of a vibrant society and help secure a sound future for the earth, by bringing security and safety through the global insurance and financial services business.”",E/S,positive,Corporate,Genuine,Yes,Low,"Genuine ESG; E correct. The mission explicitly refers to securing a sound future for the earth, giving the sentence an environmental purpose alongside its broader societal language. The claim is very general."
audit2_E_random50_037,audit2_E_random50,reviewed_pass,,Power Corp Canada,2020,"Sagard Holdings currently has teams managing private equity, private credit, private wealth, fintech venture capital and healthcare royalty strategies, while Power Sustainable teams are managing renewable energy infrastructure and China public equity strategies.",E,neutral,Corporate,Genuine,Yes,Medium,Genuine ESG; E correct. Renewable-energy infrastructure is a substantive environmental business activity independent of the proper name 'Power Sustainable.' The sentence is primarily a business-line description rather than an ESG commitment.
audit2_E_random50_038,audit2_E_random50,reviewed_pass,,Sompo,2022,2. Mission as the Group COO I believe that the major challenges we must address before passing the baton to the next generation and later generations are demographics and climate change.,E,neutral,Corporate,Genuine,Yes,Medium,Genuine ESG; E correct. The COO explicitly identifies climate change as a major challenge for the organization and future generations. The environmental content is clear but non-specific.
audit2_E_random50_039,audit2_E_random50,reviewed_pass,,Allstate,2023,"As you know, 2023 was a year of severe weather, inflation, and volatile investment markets.",E,negative,Contextual,Genuine,Yes,Medium,Genuine ESG; E correct. Severe weather is presented as an external environmental/natural-hazard condition affecting the year. The sentence is contextual and does not describe a firm action.
audit2_E_random50_040,audit2_E_random50,reviewed_pass,,Daichi,2015,This concept of DSR Management very much reflects the purport of the Corporate Governance Code for listed companies and the Stewardship Code for institutional investors.,E/G,neutral,Corporate,Genuine,No,High,"Genuine ESG, but E incorrect. The sentence concerns the Corporate Governance Code and Stewardship Code, so its substantive ESG relevance is governance rather than environmental."
audit2_E_random50_041,audit2_E_random50,reviewed_pass,,Chubb,2022,"The business presents opportunities to expand our underwriting in carbon capture, hydrogen, electric vehicle (EV) charging stations, and industrial battery storage systems that allow clean energy producers (e.g., wind and solar) to store energy for efficient distribution.",E,positive,Corporate,Genuine,Yes,High,"Genuine ESG; E correct. The sentence identifies concrete underwriting opportunities in carbon capture, hydrogen, EV charging, battery storage, wind, and solar, all directly related to the low-carbon transition."
audit2_E_random50_042,audit2_E_random50,reviewed_pass,,Chubb,2019,"Chubb is a leading provider of insurance for renewable energy project construction and operation, and clean tech companies that are creating new technology to reduce CO2 emissions.",E,neutral,Corporate,Genuine,Yes,High,Genuine ESG; E correct. Chubb describes insurance activity supporting renewable-energy and clean-technology projects intended to reduce CO2 emissions.
audit2_E_random50_043,audit2_E_random50,reviewed_pass,,China Life,2019,"We will speed up the integration of service platforms, and shape the Company’s operation and services to be more integrated, intelligent and ecological.",E,positive,Corporate,FalsePositive,No,Medium,"False positive; E incorrect. Here 'ecological' describes an integrated service or platform ecosystem rather than environmental protection, environmental impact, or an environmental objective."
audit2_E_random50_044,audit2_E_random50,reviewed_pass,,Prudential Financials,2021,"Recognizing the need for a robust reporting framework to quantify and track our sustainability efforts, last March we released a summary ESG report — in addition to our annual sustainability report — to provide a comprehensive overview of the company’s sustainable goals and our progress toward achieving them.",E/S/G,positive,Corporate,Genuine,No,High,"Genuine ESG, but E incorrect. The sentence concerns ESG/sustainability reporting and sustainable goals at an umbrella level; it does not itself identify a specific environmental issue, action, or outcome."
audit2_E_random50_045,audit2_E_random50,reviewed_pass,,Ping An,2012,"In terms of environmental protection, we have embedded corporate social responsibility in our individual businesses such as insurance, banking and investment, through our “Low Carbon 100” campaign run over the last two years.",E/S,neutral,Corporate,Genuine,Yes,High,"Genuine ESG; E correct. Environmental protection, corporate social responsibility, and the named 'Low Carbon 100' campaign provide explicit environmental content and a concrete corporate initiative."
audit2_E_random50_046,audit2_E_random50,reviewed_pass,,Munich RE,2018,"We posted a good profit in property-casualty reinsurance – despite high natural catastrophe losses in the fourth quarter, including Typhoon Jebi and the wildfires in California.",E,positive,Contextual,Genuine,Yes,Medium,Genuine ESG; E correct. Natural-catastrophe losses from Typhoon Jebi and California wildfires are substantive environmental/natural-hazard context for the firm's underwriting result.
audit2_E_random50_047,audit2_E_random50,reviewed_pass,,Prudential Financials,2020,"More information about these initiatives and others designed to support Prudential’s Global Environmental Commitment will be outlined in detail in our 2021 Sustainability Report, which will be released in June.",E/S,neutral,Corporate,Genuine,Yes,Medium,Genuine ESG; E correct. The sentence explicitly refers to Prudential's Global Environmental Commitment and directs readers to further sustainability reporting on related initiatives.
audit2_E_random50_048,audit2_E_random50,reviewed_pass,,Power Corp Canada,2017,"The Power Group Power Corporation adheres to long-term principles emphasizing prudent financial structure, sustainability, active ownership, and social responsibility.",E/S,neutral,Corporate,Genuine,No,Low,"Genuine ESG, but E not sufficiently supported. 'Sustainability,' active ownership, and social responsibility establish broad ESG relevance, but the sentence does not identify a distinct environmental issue or action."
audit2_E_random50_049,audit2_E_random50,reviewed_pass,,Power Corp Canada,2014,"Imerys, a producer of mineral-based specialties for industry; Lafarge, which produces cement, aggregates and concrete; Total, in the oil, gas and alternative energy industry; SGS, engaged in testing, inspection and certification; Pernod Ricard, a leader in wines and spirits; and GDF Suez, a provider of electricity, natural gas, and energy and environmental services.",E,neutral,Contextual,FalsePositive,No,High,"False positive; E incorrect. The environmental terms appear only within descriptions of portfolio companies and industry sectors; the sentence itself makes no environmental claim, commitment, impact, or risk statement."
audit2_E_random50_050,audit2_E_random50,reviewed_pass,,AXA,2016,The Board of Directors will continue to pay close attention to corporate responsibility matters as they contribute to sustainable economic development and to the interests of society as a whole.,E/S/G,neutral,Corporate,Genuine,No,Medium,"Genuine ESG, but E not sufficiently supported. Board attention to corporate responsibility and the interests of society is ESG-relevant, but 'sustainable economic development' is too broad here to establish a specific environmental dimension."
audit2_E_random50_051,audit2_E_random50,reviewed_pass,,Chubb,2020,"With every year that passes, the amount we expect to pay out from a given set of exposures increases, a reality of climate change.",E,neutral,Corporate,Genuine,Yes,High,"Genuine ESG; E correct. The firm explicitly attributes rising expected loss costs for a given exposure set to climate change, making the environmental risk connection direct."
audit2_E_random50_052,audit2_E_random50,reviewed_pass,,MSAD,2018,See the “World Map of Natural Catastrophes” section (P. 67) for details Fortune Global 500 A ranking of global companies by gross income that is released every year by Fortune magazine.,E,neutral,Contextual,FalsePositive,No,High,False positive; E incorrect. This is a PDF-extraction/cross-reference artifact combining a section pointer on natural catastrophes with an unrelated Fortune Global 500 definition; it does not contain a substantive environmental statement.
audit2_E_random50_053,audit2_E_random50,reviewed_pass,,Ping An,2018,"The platforms serve hundreds of millions of people through a variety of applications, including fiscal management, government administration, transportation, life, health care, customs control, education, agriculture, judicial activities, environmental protection, and community governance.",E,neutral,Corporate,Genuine,Yes,Medium,"Genuine ESG; E correct. 'Environmental protection' is an explicit application area of the firm's platforms. It is only one item in a broad service list, so the environmental signal is limited but substantive rather than accidental."
audit2_E_random50_054,audit2_E_random50,reviewed_pass,,Chubb,2018,Climate change is a reality and its effects can be seen by an increased frequency and severity of natural catastrophes.,E,neutral,Contextual,Genuine,Yes,High,Genuine ESG; E correct. The sentence directly links climate change to increasing frequency and severity of natural catastrophes. It is contextual rather than a statement of firm action.
audit2_E_random50_055,audit2_E_random50,reviewed_pass,,Swiss RE,2018,"In 2018, the western Pacific typhoon season produced 29 named storms, higher than the average of 26.6, prompting floods and leaving thousands of people stranded.",E,negative,Contextual,Genuine,Yes,High,"Genuine ESG; E correct. The sentence provides concrete statistics on typhoon activity and associated flooding, constituting substantive environmental/natural-hazard context."
audit2_E_random50_056,audit2_E_random50,reviewed_pass,,Chubb,2015,"Depressed commodity prices China's slowing growth continues to impact all natural resource- and export-dependent countries around the world, particularly throughout Asia and Latin America.",E,negative,Contextual,FalsePositive,No,High,"False positive; E incorrect. 'Natural resource' refers to resource-dependent economies in macroeconomic commentary; the sentence contains no environmental objective, impact, risk-management action, or sustainability content."
audit2_E_random50_057,audit2_E_random50,reviewed_pass,,Chubb,2017,The most difficult non-modeled or poorly modeled events we and the industry have to get our heads around are the wildfires last year — they were hardly a one-off freak occurrence.,E,neutral,Contextual,Genuine,Yes,Medium,"Genuine ESG; E correct. Wildfires are discussed as recurring, difficult-to-model risks for the firm and insurance industry, making the environmental/natural-hazard content substantive."
audit2_E_random50_058,audit2_E_random50,reviewed_pass,,AXA,2021,"In this challenging period, we enhanced our healthcare offering, supported the economic recovery, and announced ambitious commitments in favor of the climate transition.",E,positive,Corporate,Genuine,Yes,Medium,"Genuine ESG; E correct. The firm states that it announced commitments supporting the climate transition. The environmental intent is explicit, although the sentence gives no specific target or metric."
audit2_E_random50_059,audit2_E_random50,reviewed_pass,,MSAD,2020,"This is a clear demonstration of how serious global environmental issues are, issues that are having an extremely big impact on our business.",E,neutral,Corporate,Genuine,Yes,Low,"Genuine ESG; E correct. The sentence explicitly identifies global environmental issues and their material impact on the firm's business, although it does not specify the issue or response."
audit2_E_random50_060,audit2_E_random50,reviewed_pass,,Talanx,2023,"Key milestones on this journey are to fully exit thermal coal infrastructure by 2038 in our insurance business, and to achieve a 30 percent reduction in the carbon intensity of our liquid assets under own management by 2025.",E,positive,Corporate,Genuine,Yes,High,Genuine ESG; E correct. The sentence contains two concrete environmental targets: a 2038 exit from thermal-coal infrastructure insurance and a 30% reduction in investment carbon intensity by 2025.
audit2_E_random50_061,audit2_E_random50,reviewed_pass,,Swiss RE,2018,"At the current rate of action, climate change will likely lead to more natural disasters, with implications for every aspect of society and everyone – not to mention the consequences that could spill over to future generations.",E,neutral,Contextual,Genuine,Yes,High,"Genuine ESG; E correct. Climate change is explicitly linked to future natural disasters and broad societal consequences, including effects on future generations. The statement is contextual."
audit2_E_random50_062,audit2_E_random50,reviewed_pass,,Travelers,2020,"Supporting the Transition to a Lower-Carbon Economy To facilitate innovation and the growth of renewable energy businesses and support the transition over time to a lower-carbon economy, we have a dedicated Global Renewable Energy Practice.",E,neutral,Corporate,Genuine,Yes,High,Genuine ESG; E correct. The company identifies a dedicated Global Renewable Energy Practice established to support renewable-energy growth and the transition to a lower-carbon economy.
audit2_E_random50_063,audit2_E_random50,reviewed_pass,,Chubb,2018,"Strategically, with the election last year of a new left– leaning and populist government in “ Good corporate citizenship lies at our core: how we practice our craft of insurance, how we work together to serve our customers, how we treat each other and how we work to help make a better world for our communities and our planet.”",E/S,neutral,Corporate,Genuine,Yes,Low,"Genuine ESG; E correct. The corporate-citizenship statement expressly includes helping communities and the planet. The environmental element is genuine but broad, and the extracted sentence is partially garbled."
audit2_E_random50_064,audit2_E_random50,reviewed_pass,,Chubb,2013,"U.S. growth is on a more solid footing and more broad- based – construction, manufacturing (particularly auto), energy and housing – and there is less impact from recent government fiscal contraction, i.e., the sequester.",E,positive,Contextual,FalsePositive,No,High,False positive; E incorrect. 'Energy' appears as one sector in macroeconomic commentary on U.S. growth; there is no environmental or sustainability meaning in context.
audit2_E_random50_065,audit2_E_random50,reviewed_pass,,Sompo,2021,"Many earthquakes, heavy rains, and typhoons struck Japan in recent years and employees all over the country are working hard to fulfill our responsibilities as an insurance group.",E,positive,Corporate,Genuine,Yes,Medium,"Genuine ESG; E correct. Earthquakes, heavy rains, and typhoons are substantive natural-hazard context, and the sentence links employee activity to the insurer's responsibility in responding to these events."
audit2_E_random50_066,audit2_E_random50,reviewed_pass,,Chubb,2019,"As an insurer, our first responsibility is to use our expertise in risk management to provide products and services that protect individuals, businesses and communities against the effects of climate change.",E,neutral,Corporate,Genuine,Yes,Medium,Genuine ESG; E correct. The firm explicitly frames protection against the effects of climate change as an insurer responsibility and connects that objective to its products and risk-management expertise.
audit2_E_random50_067,audit2_E_random50,reviewed_pass,,Munich RE,2020,Cyber risks and especially climate change both pose major risks.,E,neutral,Corporate,Genuine,Yes,Low,Genuine ESG; E correct. Climate change is explicitly identified as a major risk. The environmental classification is clear even though the sentence is minimal and contains no action or metric.
audit2_E_random50_068,audit2_E_random50,reviewed_pass,,Ping An,2022,"As a result of international ESG ratings, Ping An has built a reputation as a leader in China and internationally.",E/S/G,positive,Corporate,Genuine,No,Medium,"Genuine ESG, but E incorrect. International ESG ratings are genuine ESG-related content, but the sentence is about overall ESG reputation and does not isolate an environmental issue or performance dimension."
audit2_E_random50_069,audit2_E_random50,reviewed_pass,,Power Corp Canada,2022,We advanced meaningful ESG initiatives through our active ownership approach.,E/S/G,positive,Corporate,Genuine,No,Medium,"Genuine ESG, but E incorrect. 'ESG initiatives' establishes genuine ESG relevance, but it is an umbrella reference and the sentence does not provide specifically environmental content."
audit2_E_random50_070,audit2_E_random50,reviewed_pass,,Prudential Financials,2019,"I encourage you to read our Sustainability report which can be found on our website, to learn more about how we are creating value across all of these dimensions.",E/S,neutral,Corporate,Genuine,No,Low,"Genuine ESG, but E incorrect. The sentence is only a pointer to a Sustainability Report and does not itself identify a specific environmental issue, action, target, or outcome."
audit2_E_random50_071,audit2_E_random50,reviewed_pass,,Allianz,2023,"In 2023, we again demonstrated our industry leadership in sustainability by publishing our first comprehensive net- zero transition plan – with concrete milestones to be achieved by 2030 – detailing our commitment to achieve net-zero emissions in the investment of policyholder funds and our property and casualty portfolios by 2050.",E,positive,Corporate,Genuine,Yes,High,Genuine ESG; E correct. Allianz describes a net-zero transition plan with 2030 milestones and a 2050 net-zero emissions commitment covering investments and property-casualty portfolios.
audit2_E_random50_072,audit2_E_random50,reviewed_pass,,PIC,2018,"We will provide in-depth services to support the rural revitalization strategy, the supply-side reform of agricultural insurance product services, and the improvement of insurance coverage for “agriculture, rural areas, and farmers.”",E,positive,Corporate,Genuine,No,Medium,"Genuine ESG, but E incorrect. Rural revitalization and expanded agricultural-insurance coverage are principally social/economic inclusion themes; agriculture alone does not establish an environmental dimension."
audit2_E_random50_073,audit2_E_random50,reviewed_pass,,Ping An,2012,"This Annual Report 2012 About us year, we actively participated in Project Green Hope, establishing 10,000 acres of Ping An forest land in 10 provinces and regions in collaboration with the China Youth Development Foundation.",E,positive,Corporate,Genuine,Yes,High,"Genuine ESG; E correct. The sentence reports the named Project Green Hope and quantifies 10,000 acres of forest land across 10 provinces, providing concrete environmental action."
audit2_E_random50_074,audit2_E_random50,reviewed_pass,,AIG,2023,"2023 was a particularly challenging year for the insurance industry in which natural catastrophe insured loss activity remained at the forefront, with a record- setting 37 events that exceeded $1 billion of insured loss, and the sixth year out of the last seven with total insured losses exceeding $100 billion.",E,negative,Contextual,Genuine,Yes,High,"Genuine ESG; E correct. The sentence quantifies natural-catastrophe insured losses and event frequency at industry level, providing substantive environmental/natural-hazard context."
audit2_E_random50_075,audit2_E_random50,reviewed_pass,,Tokio Marine,2021,The global shift to renewable energy and the rise in cyber risks are but two examples that demand attention.,E,neutral,Contextual,Genuine,Yes,Medium,"Genuine ESG; E correct. The global shift to renewable energy is explicitly identified as a development demanding attention, giving the sentence clear environmental content."
audit2_E_random50_076,audit2_E_random50,reviewed_pass,,PIC,2018,"As a result of its role in promoting rural revitalization, the Group achieved RMB26.72 billion in gross written premiums from agricultural insurance, representing a 21% increase compared to the corresponding period the previous year.",E,positive,Corporate,Genuine,No,Medium,"Genuine ESG, but E incorrect. Rural revitalization and agricultural insurance are framed as social/economic business activity; the premium figures are concrete, but they do not make the sentence environmentally specific."
audit2_E_random50_077,audit2_E_random50,reviewed_pass,,Munich RE,2023,We also made considerable progress last year on decarbonisation.,E,positive,Corporate,Genuine,Yes,Medium,Genuine ESG; E correct. Decarbonisation is an explicit environmental objective. The sentence claims progress but provides no metric or specific action.
audit2_E_random50_078,audit2_E_random50,reviewed_pass,,Tokio Marine,2019,"Japan was struck by several massive natural disasters, but overall financial results were supported by the strong performance of our international insurance business.",E,positive,Contextual,Genuine,Yes,Medium,Genuine ESG; E correct. Large natural disasters are used as contextual environmental/natural-hazard background to explain financial performance; the disasters themselves are substantive rather than incidental trigger words.
audit2_E_random50_079,audit2_E_random50,reviewed_pass,,Munich RE,2020,This also means that we will withdraw from insurance business and insurance income associated with fossil fuels.,E,neutral,Corporate,Genuine,Yes,High,Genuine ESG; E correct. Withdrawal from insurance business and income associated with fossil fuels is a concrete environmental underwriting policy.
audit2b_E_random20_080,audit2b_E_random20,blind_independent,1.0,Tokio Marine,2022,"In the face of growing climate change risks, the need for natural disaster protection and mitigation is also increasing.",E,positive,Contextual,Genuine,Yes,High,"Genuine ESG; E correct. The sentence explicitly links climate change to increasing natural-disaster protection and mitigation needs. The environmental content is clear, but it is contextual rather than a statement of firm-specific environmental action."
audit2b_E_random20_081,audit2b_E_random20,blind_independent,1.0,Zurich,2014,We are working to increase flood resilience in at-risk communities through our innovative flood resilience alliance.,E,positive,Corporate,Genuine,Yes,High,Genuine ESG; E correct. Zurich describes a concrete corporate initiative to increase flood resilience in at-risk communities through its flood resilience alliance. The sentence contains both a natural-hazard dimension and a specific risk-mitigation action.
audit2b_E_random20_082,audit2b_E_random20,blind_independent,1.0,Zurich,2012,"We are able to report solid profitability in 2012 despite a challenging market environment, the occurrence of Storm Sandy and a disappointing result in our German General Insurance business.",E,negative,Contextual,Genuine,Yes,Medium,Genuine ESG; E correct. Storm Sandy is a substantive natural-catastrophe event used to explain the firm's financial performance. The environmental content is contextual rather than a sustainability commitment or environmental action.
audit2b_E_random20_083,audit2b_E_random20,blind_independent,1.0,Swiss RE,2021,"While carbon removal technologies are still evolving, we are pleased that we were already able to compensate 35% of residual emissions in this way in 2021.",E,positive,Corporate,Genuine,Yes,High,"Genuine ESG; E correct. The sentence reports a quantified corporate action on residual emissions, stating that 35% were compensated through carbon-removal technologies in 2021. This is direct environmental performance information."
audit2b_E_random20_084,audit2b_E_random20,blind_independent,1.0,Chubb,2021,Natural catastrophes are a growing risk that requires continuous management.,E,neutral,Contextual,Genuine,Yes,High,"Genuine ESG; E correct. Natural catastrophes are explicitly identified as a growing risk requiring management. This is substantive environmental/natural-hazard risk content, although no specific corporate action is described."
audit2b_E_random20_085,audit2b_E_random20,blind_independent,1.0,Power Corp Canada,2017,The 2017 year-to-date adjusted net earnings included a loss of $175 million related to estimated hurricane claims reflected in the third quarter 2017 results.,E,negative,Contextual,Genuine,Yes,Medium,Genuine ESG; E correct. Estimated hurricane claims are used to explain a material loss in financial results. The environmental signal comes from a realized natural-catastrophe exposure and is therefore contextual rather than an environmental strategy statement.
audit2b_E_random20_086,audit2b_E_random20,blind_independent,1.0,Chubb,2021,"At the end of 2019, we achieved the first of two goals by reducing emissions 22% from a 2016 baseline, exceeding our goal of 20% 20 by 2025.",E,positive,Corporate,Genuine,Yes,High,Genuine ESG; E correct. Chubb reports a quantified emissions reduction of 22% from a 2016 baseline and states that this exceeded its 20% target. This is a specific and measurable environmental performance claim.
audit2b_E_random20_087,audit2b_E_random20,blind_independent,1.0,MSAD,2014,"Three Key Words–“Diversity,” “Challenges,” and “Speed” Attaining the Objectives of the New Medium-Term Management Plan–“Next Challenge 2017” Since the inauguration of the MS&AD Insurance Group in April 2010, the Group has endeavored to carry out its mission–“To contribute to the development of a vibrant society and help secure a sound future for the earth, by bringing security and safety through the global insurance and financial services business.",E/S,positive,Corporate,Genuine,Yes,High,"Genuine ESG; E correct. The corporate mission explicitly includes contributing to society and securing a sound future for the earth. The sentence therefore contains both social and environmental content, consistent with the E/S label."
audit2b_E_random20_088,audit2b_E_random20,blind_independent,1.0,MSAD,2023,The major directions of our efforts are Carbon Neutral (decarbonization and a response to climate change) and Nature Positive (improvement of the sustainability of natural capital).,E,neutral,Corporate,Genuine,Yes,High,"Genuine ESG; E correct. The sentence explicitly identifies decarbonization, climate-change response, and natural-capital sustainability as the major directions of the firm's efforts. The environmental classification is unambiguous."
audit2b_E_random20_089,audit2b_E_random20,blind_independent,1.0,Chubb,2020,As insurers we have a front row seat to the catastrophes climate change brings.,E,neutral,Contextual,Genuine,Yes,High,"Genuine ESG; E correct. Climate change is directly identified as a source of catastrophes observed by insurers. The environmental meaning is explicit, but the sentence is primarily contextual rather than a statement of a specific corporate response."
audit2b_E_random20_090,audit2b_E_random20,blind_independent,1.0,MSAD,2022,"For example, through tying up with a U.S. start-up firm, we have been utilizing AI to display flood risks worldwide on our website and using this to provide climate change consulting.",E,neutral,Corporate,Genuine,Yes,High,Genuine ESG; E correct. The firm describes a concrete use of AI to map global flood risk and provide climate-change consulting. This is a specific environmental risk-management service.
audit2b_E_random20_091,audit2b_E_random20,blind_independent,1.0,Allianz,2018,"As we implement our Renewal Agenda 2.0, we will move up a gear.",E,positive,Corporate,FalsePositive,No,High,"False positive; E incorrect. 'Renewal Agenda 2.0' is the name of a corporate transformation programme, and the sentence contains no environmental issue, action, impact, target, or natural-hazard content."
audit2b_E_random20_092,audit2b_E_random20,blind_independent,1.0,Tokio Marine,2022,"The Group has joined the Net-Zero Insurance Alliance (NZIA), a global initiative, as the first Japanese member, to initiate industry-based discussions on climate actions.",E,positive,Corporate,Genuine,Yes,High,Genuine ESG; E correct. Joining the Net-Zero Insurance Alliance and initiating industry discussions on climate action are explicit corporate environmental commitments.
audit2b_E_random20_093,audit2b_E_random20,blind_independent,1.0,Travelers,2012,"Jay S. Fishman Chairman and Chief Executive Officer INDUSTRY UNDERWRITING ENVIRONMENT — IMPACT OF CATASTROPHES Metric 2012 2011 2010 2009 2008 Earned Premiums $22,357 $22,090 $21,432 $21,418 $21,579 Total Revenues $25,740 $25,446 $25,112 $24,680 $24,477 Operating Income $2,441 $1,390 $3,043 $3,600 $3,195 Net Income $2,473 $1,426 $3,216 $3,622 $2,924 Net Income Per Diluted Common Share $6.30 $3.36 $6.62 $6.33 $4.81 Total Investments $73,838 $72,701 $72,722 $74,965 $70,738 Total Assets $104,938 $104,575 $105,631 $110,013 $110,088 Shareholders' Equity $25,405 $24,477 $25,475 $27,415 $25,319 Return On Equity 9.8% 5.7% 12.1% 13.5% 11.4% Operating Return On Equity 11.0% 6.1% 12.5% 14.0% 12.4% Book Value Per Share $67.31 $62.32 $58.47 $52.54 $43.12 Dividends Per Share $1.79 $1.59 $1.41 $1.23 $1.19 HISTORICAL MILESTONES AND COMPANY HERITAGE: 1853:",E,neutral,Contextual,FalsePositive,No,Medium,"False positive; E incorrect. The extracted text is primarily a financial table and document-heading artifact. 'Industry underwriting environment' refers to market conditions, while 'impact of catastrophes' appears only as a heading and is not developed into a substantive environmental statement in the extracted sentence."
audit2b_E_random20_094,audit2b_E_random20,blind_independent,1.0,MSAD,2019,"For example, we will exhibit leadership in cooperation with the United Nations Environment Programme ‒ Finance Initiative (UNEP FI) and initiatives under the Task Force on Climate-related Financial Disclosures (TCFD) (see P.65 for details) and commence specific actions.",E,positive,Corporate,Genuine,Yes,High,Genuine ESG; E correct. The sentence identifies concrete engagement with UNEP FI and the TCFD and states that specific actions will follow. The climate-related environmental intent is explicit.
audit2b_E_random20_095,audit2b_E_random20,blind_independent,1.0,Munich RE,2021,"Our first green bond, issued in 2020, generated €1.3bn in proceeds – all of which we have since invested in eight sustainable projects.",E/S,positive,Corporate,Genuine,Yes,High,"Genuine ESG; E correct. Munich Re reports €1.3 billion of green-bond proceeds invested in eight sustainable projects. The green-bond context provides a clear environmental basis, while the broader E/S label remains plausible because the projects are not individually specified."
audit2b_E_random20_096,audit2b_E_random20,blind_independent,1.0,Chubb,2018,Climate risk is complex and requires a deep and evolving understanding of the physical processes causing weather extremes.,E,neutral,Contextual,Genuine,Yes,High,Genuine ESG; E correct. The sentence explicitly discusses climate risk and the physical processes causing weather extremes. This is substantive environmental risk content rather than an incidental use of an environmental trigger word.
audit2b_E_random20_097,audit2b_E_random20,blind_independent,1.0,Ping An,2021,"Ping An’s environmentally sustainable insurance premium income totaled RMB44,569 million in 2021.",E/S,neutral,Corporate,Genuine,Yes,High,"Genuine ESG; E correct. The sentence quantifies premium income from environmentally sustainable insurance, making the environmental business activity explicit. The E component of the E/S label is clearly supported."
audit2b_E_random20_098,audit2b_E_random20,blind_independent,1.0,Sompo,2017,"Further, based on strategic risk management, in other words, ERM (enterprise risk management), we will continue selling strategic-holding stocks and strengthen control of natural disaster risk to enhance the capital buffer.",E,positive,Corporate,Genuine,Yes,Medium,"Genuine ESG; E correct. The firm explicitly states that it will strengthen control of natural-disaster risk as part of enterprise risk management. The environmental dimension is genuine, although the primary purpose is capital and risk management rather than environmental impact."
audit2b_E_random20_099,audit2b_E_random20,blind_independent,1.0,MSAD,2023,A stock of natural capital supports nature’s bounty.,E,neutral,Contextual,Genuine,Yes,High,"Genuine ESG; E correct. Natural capital is an explicitly environmental concept, and the sentence states its ecological role in supporting nature's benefits. The statement is general/contextual rather than firm-specific."
