Company,Fiscal Year,Event Date (adjusted),Estimation N,Alpha,Beta,"CAR[-1,+1]","CAR[-2,+2]","CAR[0,+1]","|CAR|[-1,+1]","CAR[0,+5]","CAR[0,+20]",total_sentences,positive_share,negative_share,Overall_sentiment,ESG_sentences,ESG_positive_share,ESG_negative_share,ESG_sentiment,Specificity_mean,Specificity_all_flagged_mean,specificity_sentences_classified,specificity_primary_sentences,source_company,_merge,exclusion_reason,regression_eligible,COVID_period
American International Group (AIG),2012,2013-04-01,221,0.0012004373388496,0.4679529125937234,0.0138084199361698,-0.0168013796145952,0.000107135912297,0.0138084199361698,0.02875276518421683,0.03400967341569509,41.0,0.6097560975609756,0.073170731707317,0.5365853658536586,9.0,0.5555555555555556,0.2222222222222222,0.3333333333333333,1.1428571428571428,0.8888888888888888,9.0,7.0,AIG,both,,True,False
American International Group (AIG),2013,2014-04-02,221,0.0010711287679622,0.3438718049660335,0.01524822045724,0.0060430762140658,0.0174571530990683,0.01524822045724,0.02075472524325124,0.032039567243471685,22.0,0.6818181818181818,0.0,0.6818181818181818,6.0,1.0,0.0,1.0,1.0,0.3333333333333333,6.0,2.0,AIG,both,,True,False
American International Group (AIG),2014,2015-03-31,221,0.00028799384339,0.8241002003297361,0.0160059939224788,0.0127855067706493,0.0066214644881364,0.0160059939224788,0.004111697686439939,0.012736363701760761,90.0,0.6555555555555556,0.0333333333333333,0.6222222222222222,8.0,0.625,0.0,0.625,1.3333333333333333,0.5,8.0,3.0,AIG,both,,True,False
American International Group (AIG),2015,2016-04-01,221,0.0002558686602485,0.8711733712004635,0.0064976156624949,0.0206297309826258,0.0105035969674003,0.0064976156624949,-0.012728072845015441,0.018111315677137883,102.0,0.3725490196078431,0.0392156862745098,0.3333333333333333,27.0,0.1851851851851851,0.037037037037037,0.1481481481481481,1.125,0.9310344827586208,29.0,24.0,AIG,both,,True,False
American International Group (AIG),2016,2017-04-03,221,0.0001730042624671,1.0087623232605978,-0.0011380640704293,0.002078517651547,-0.0023420998296414,0.0011380640704293,-0.013755447402429268,-0.03801240775857758,85.0,0.5176470588235295,0.0941176470588235,0.4235294117647059,8.0,0.5,0.125,0.375,1.0,0.5,8.0,3.0,AIG,both,,True,False
American International Group (AIG),2017,2018-04-02,221,-0.0006503663385443,0.7213419943808749,-0.0138926845805581,0.0038346453364978,-0.0028906710087948,0.0138926845805581,-0.012658435913416165,0.03724149245673153,96.0,0.5416666666666666,0.0208333333333333,0.5208333333333333,17.0,0.4705882352941176,0.0,0.4705882352941176,1.625,0.8823529411764706,17.0,8.0,AIG,both,,True,False
American International Group (AIG),2018,2019-04-01,221,-0.0010215893535185,1.0149822317799255,-0.0038974914622265,-0.0015757878674328,0.0015260289895251,0.0038974914622265,0.025897991739704515,0.08554256967719048,75.0,0.7466666666666667,0.04,0.7066666666666667,7.0,0.8571428571428571,0.0,0.8571428571428571,1.0,1.1428571428571428,7.0,6.0,AIG,both,,True,False
American International Group (AIG),2019,2020-03-30,221,-9.163834595472482e-05,1.0198070095905911,-0.1080738605873305,-0.1579248685120652,-0.0664381043654763,0.1080738605873305,-0.20053947103428835,-0.09226092757104207,61.0,0.8032786885245902,0.0327868852459016,0.7704918032786885,15.0,0.6,0.0,0.6,1.5,1.3333333333333333,15.0,12.0,AIG,both,,True,True
American International Group (AIG),2020,2021-04-01,221,8.049281639699748e-05,1.7396261731533875,-0.0612530259545551,-0.0389030431486961,-0.0312622261384516,0.0612530259545551,-0.05077061410480437,-0.02667823827731552,50.0,0.62,0.02,0.6,19.0,0.5263157894736842,0.0526315789473684,0.4736842105263157,1.5714285714285714,1.368421052631579,19.0,14.0,AIG,both,,True,False
American International Group (AIG),2021,2022-03-31,221,0.0009838015812361,1.133717779335371,0.0279611743835211,-0.0299451112473378,0.0147836458898495,0.0279611743835211,-0.00845326825035958,0.015746140822402742,96.0,0.53125,0.0625,0.46875,41.0,0.3658536585365853,0.073170731707317,0.2926829268292683,1.2580645161290325,1.2682926829268293,41.0,31.0,AIG,both,,True,False
American International Group (AIG),2022,2023-04-03,221,0.0002899761648267,0.931250895685179,-0.0119311440638014,0.0151611391260533,-0.0111048224642478,0.0119311440638014,0.012863374693615807,0.020187177032984855,80.0,0.6875,0.075,0.6125,19.0,0.631578947368421,0.0526315789473684,0.5789473684210527,1.5,1.2105263157894737,19.0,14.0,AIG,both,,True,False
American International Group (AIG),2023,2024-04-01,221,0.0009872836155876,0.8165359091181551,0.0009434445796586,-0.0002679961453894,0.0041007110066819,0.0009434445796586,-0.0031471183154262172,-0.030353958924350014,112.0,0.75,0.0892857142857142,0.6607142857142857,10.0,0.5,0.1,0.4,1.25,1.3,10.0,8.0,AIG,both,,True,False
Chubb,2012,2013-04-22,221,0.0006486042071468,0.2828087320867432,0.0134805974328667,-0.0029414196269868,0.0063187428123403,0.0134805974328667,-0.012239449989390982,-0.012430102962967919,181.0,0.4972375690607735,0.1712707182320442,0.3259668508287293,16.0,0.3125,0.25,0.0625,,0.875,16.0,0.0,Chubb,both,specificity undefined,False,False
Chubb,2013,2014-04-07,221,0.0002282528200537,0.2384129067071166,-0.0123939930037503,0.0056501601367231,-0.0077553742965421,0.0123939930037503,0.010790314736840152,0.02578144445612901,320.0,0.378125,0.140625,0.2375,32.0,0.125,0.125,0.0,1.0,0.4375,32.0,9.0,Chubb,both,,True,False
Chubb,2014,2015-04-06,221,0.0005862688982909,0.5566176066911428,-0.005766229132449,-0.0117156598166792,-0.0033443344658128,0.005766229132449,-0.0032722087519540775,-0.062441255553943885,413.0,0.3849878934624697,0.1670702179176755,0.2179176755447942,34.0,0.2352941176470588,0.3529411764705882,-0.1176470588235294,1.4210526315789471,0.9705882352941176,34.0,19.0,Chubb,both,,True,False
Chubb,2015,2016-04-08,221,0.0007289276933264,0.695501900100995,-0.0029450985661474,-0.0048594157255234,0.0012083111641478,0.0029450985661474,-0.001539310184270328,0.013946770345989989,244.0,0.3360655737704918,0.1639344262295081,0.1721311475409836,28.0,0.1071428571428571,0.25,-0.1428571428571428,1.125,0.75,28.0,8.0,Chubb,both,,True,False
Chubb,2016,2017-04-03,221,0.000295804344474,0.6942508974659426,0.005099270459698,0.0041967329647998,0.0087452947467613,0.005099270459698,0.012600174988032556,-0.014326377665760122,267.0,0.3295880149812734,0.1685393258426966,0.1610486891385767,31.0,0.1612903225806451,0.1612903225806451,0.0,1.2857142857142858,0.8709677419354839,31.0,14.0,Chubb,both,,True,False
Chubb,2017,2018-04-02,221,-5.791444595357714e-05,0.7063547807392881,-0.0241916654142573,-0.0055590083706545,-0.0038587515206309,0.0241916654142573,-0.014818478473912912,-0.011642539160119756,377.0,0.3342175066312997,0.1538461538461538,0.1803713527851458,52.0,0.2307692307692307,0.173076923076923,0.0576923076923077,1.5555555555555556,1.2307692307692308,52.0,18.0,Chubb,both,,True,False
Chubb,2018,2019-04-01,221,-2.2171961262476632e-05,0.71803092830624,-0.0063212321579839,-0.0236886834670907,-0.0096301804777103,0.0063212321579839,-0.03615934882444684,0.010862373161314288,384.0,0.4140625,0.1510416666666666,0.2630208333333333,77.0,0.2857142857142857,0.1818181818181818,0.1038961038961038,1.6206896551724137,1.077922077922078,77.0,29.0,Chubb,both,,True,False
Chubb,2019,2020-03-30,221,0.0003014444224252,0.7293149195507235,0.0325162040390374,0.029774271991991,0.0180831262547401,0.0325162040390374,-0.0025529752397663794,-0.051796348192078484,433.0,0.394919168591224,0.1362586605080831,0.2586605080831409,91.0,0.3296703296703296,0.0989010989010989,0.2307692307692307,1.3636363636363635,1.098901098901099,91.0,55.0,Chubb,both,,True,True
Chubb,2020,2021-04-01,221,9.720755988200192e-06,1.1020346120093367,-0.0406167832408406,-0.0211290836023995,-0.0148626823096486,0.0406167832408406,-0.020316754956384436,0.037015958190166044,476.0,0.3550420168067227,0.1869747899159664,0.1680672268907563,99.0,0.2929292929292929,0.1818181818181818,0.1111111111111111,1.3541666666666667,1.101010101010101,99.0,48.0,Chubb,both,,True,False
Chubb,2021,2022-04-04,221,0.0010367293338807,0.8227914651660357,-0.0091951299117113,-0.0055837815219712,-0.0163744985197469,0.0091951299117113,0.01324461349126414,0.005116085729306946,512.0,0.40234375,0.140625,0.26171875,128.0,0.265625,0.140625,0.125,1.5,1.203125,128.0,62.0,Chubb,both,,True,False
Chubb,2022,2023-04-03,221,0.0001920334485241,0.5880557227183645,0.0023317109499251,0.0037534371100838,0.0057775543817102,0.0023317109499251,0.01754047203618679,0.025307167545218612,421.0,0.4513064133016627,0.1140142517814726,0.33729216152019,57.0,0.3333333333333333,0.1403508771929824,0.1929824561403508,1.5769230769230769,1.105263157894737,57.0,26.0,Chubb,both,,True,False
Chubb,2023,2024-04-01,221,0.0009825584803256,0.3511112080885383,-0.0078814643946331,-0.0101808984541526,-0.0093362245876383,0.0078814643946331,-0.02625233311261243,-0.04950382605732649,439.0,0.3234624145785877,0.1389521640091116,0.1845102505694761,61.0,0.1639344262295081,0.1147540983606557,0.0491803278688524,1.4193548387096775,1.0327868852459017,61.0,31.0,Chubb,both,,True,False
"MetLife, Inc.",2012,2013-04-12,221,-1.560223870162468e-06,0.46948897692728,-0.0338861612123293,-0.0067869397657647,-0.0210834272217446,0.0338861612123293,-0.029933628178275218,0.08807776374702643,102.0,0.5098039215686274,0.1176470588235294,0.392156862745098,11.0,0.2727272727272727,0.0909090909090909,0.1818181818181818,1.2222222222222223,1.0909090909090908,11.0,9.0,MET,both,,True,False
"MetLife, Inc.",2013,2014-04-11,221,0.0014738390961172,0.3297049933361121,-0.0608907403342545,-0.0369026167952848,-0.0217854950063568,0.0608907403342545,0.004526211540984123,0.002670482834519263,96.0,0.4791666666666667,0.1354166666666666,0.34375,1.0,0.0,0.0,0.0,,0.0,1.0,0.0,MET,both,specificity undefined,False,False
"MetLife, Inc.",2014,2015-04-10,221,-0.0001744980763416,1.1129899698937085,0.0013783104047748,-0.0158467893744483,-0.0066935806845046,0.0013783104047748,-0.016348712550119333,0.004110719160460928,87.0,0.5287356321839081,0.1494252873563218,0.3793103448275862,,,,,,,,,MET,both,specificity undefined,False,False
"MetLife, Inc.",2015,2016-04-08,221,-0.0003675516238864,1.0628403902638164,-0.0047846951277911,-0.0125934903889711,0.0047420552013125,0.0047846951277911,0.032523254791903995,0.026845077925358087,,,,,,,,,,,,,,left_only,missing firm-year narrative output,False,False
"MetLife, Inc.",2016,2017-04-07,221,0.0003642217789382,1.4047416086125142,0.0143967083344639,0.0050800653801364,0.0006490326989505,0.0143967083344639,-0.015181536309157154,-0.033143424671082056,,,,,,,,,,,,,,left_only,missing firm-year narrative output,False,False
"MetLife, Inc.",2017,2018-04-06,221,-0.0005474861333262,1.0400084974153478,-0.0034866646580934,-0.0004445647770677,0.000430680819771,0.0034866646580934,0.018860037482847106,0.02067418327259882,,,,,,,,,,,,,,left_only,missing firm-year narrative output,False,False
"MetLife, Inc.",2018,2019-04-05,221,-1.1111158032394958e-05,1.175126164979572,0.011758367431452,0.0040820242171197,0.0003429432254333,0.011758367431452,0.014846980924387356,0.05647242805465234,,,,,,,,,,,,,,left_only,missing firm-year narrative output,False,False
"MetLife, Inc.",2019,2020-04-03,221,6.188256992739567e-05,1.232878506062132,0.0140576806468966,0.0112834527756819,0.0340969922102483,0.0140576806468966,0.10829599005986108,0.08202888216736944,,,,,,,,,,,,,,left_only,missing firm-year narrative output,False,True
"MetLife, Inc.",2020,2021-04-09,221,0.0003215997824919,1.5290257888372882,-0.0029128737920649,-0.0135513529793554,0.0156141323446299,0.0029128737920649,-0.0033444692595150354,0.039929928331928356,,,,,,,,,,,,,,left_only,missing firm-year narrative output,False,False
"MetLife, Inc.",2021,2022-04-08,221,0.0005077040976733,1.087168096695338,0.0206040996798264,0.0313467318663997,0.0332558383203032,0.0206040996798264,0.046407309453787154,0.07027613381486364,,,,,,,,,,,,,,left_only,missing firm-year narrative output,False,False
"MetLife, Inc.",2022,2023-04-10,221,0.0006597604865546,0.7999753151462893,0.018079158841122,0.0403120173996066,0.0146148459679917,0.018079158841122,0.026227834488613995,-0.1068904182378347,,,,,,,,,,,,,,left_only,missing firm-year narrative output,False,False
"MetLife, Inc.",2023,2024-04-05,221,5.8813131561215475e-05,1.0343885860379631,0.0041181295005268,-0.0074468138585925,-0.0015566478024273,0.0041181295005268,-0.03244495128212385,-0.032972031950256095,,,,,,,,,,,,,,left_only,missing firm-year narrative output,False,False
"Prudential Financial, Inc.",2012,2013-03-22,221,-0.0004606843357131,0.454684766314992,-0.0153659193534793,0.0022112244166046,0.005557975488496,0.0153659193534793,0.0019959820856876483,-0.026928034015642477,,,,,,,,,,,,,,left_only,missing firm-year narrative output,False,False
"Prudential Financial, Inc.",2013,2014-03-28,221,0.0015894298334132,0.3478084631850493,-0.012480824863131,-0.0282168215937723,0.006692162654588,0.012480824863131,0.0013797658285940526,-0.07496147040204833,,,,,,,,,,,,,,left_only,missing firm-year narrative output,False,False
"Prudential Financial, Inc.",2014,2015-03-27,221,-0.0004029675988238,1.0412688533853576,0.0223396163563203,0.0176968006593928,0.0014146304304208,0.0223396163563203,-0.013955141460379116,-0.019477609911907466,,,,,,,,,,,,,,left_only,missing firm-year narrative output,False,False
"Prudential Financial, Inc.",2015,2016-03-28,221,-0.0003729022683494,1.1826582232994407,-0.0331661870387891,-0.0226398412297693,-0.003386940468158,0.0331661870387891,0.014534823932756628,0.07562324802181501,122.0,0.7295081967213115,0.0245901639344262,0.7049180327868853,30.0,0.6333333333333333,0.0,0.6333333333333333,1.391304347826087,1.1,30.0,23.0,Prudential Financials,both,,True,False
"Prudential Financial, Inc.",2016,2017-03-30,221,0.0014102418135601,1.2301421587923744,0.0072792214571908,0.0052737458803507,0.0136357377870976,0.0072792214571908,0.008182966687401483,-0.029998353231286006,112.0,0.6875,0.0357142857142857,0.6517857142857143,35.0,0.5714285714285714,0.0,0.5714285714285714,1.375,1.3142857142857145,35.0,32.0,Prudential Financials,both,,True,False
"Prudential Financial, Inc.",2017,2018-03-29,221,-0.0005847319847314,1.3661689326549342,-0.0053771433363899,0.0063556816520115,-0.0073668087507767,0.0053771433363899,-0.005009004858207461,0.02261214060980927,126.0,0.7619047619047619,0.0238095238095238,0.738095238095238,49.0,0.7142857142857143,0.0,0.7142857142857143,1.565217391304348,1.510204081632653,49.0,46.0,Prudential Financials,both,,True,False
"Prudential Financial, Inc.",2018,2019-03-28,221,-0.0003387800741521,1.2190869144634966,0.0006201330409689,0.0391815105300024,-0.0047572208198411,0.0006201330409689,0.03255157405459137,0.08672046558612562,169.0,0.6982248520710059,0.0236686390532544,0.6745562130177515,60.0,0.7,0.0,0.7,1.6730769230769231,1.6730769230769231,104.0,104.0,Prudential Financials,both,,True,False
"Prudential Financial, Inc.",2019,2020-03-27,221,-0.0007129895857838,1.553333897353996,-0.0353604529172242,0.0092639417236704,-0.0082197088866252,0.0353604529172242,-0.07737791145200155,-0.0034367657066484147,58.0,0.4655172413793103,0.0344827586206896,0.4310344827586206,19.0,0.4210526315789473,0.0,0.4210526315789473,1.1666666666666667,1.105263157894737,19.0,18.0,Prudential Financials,both,,True,True
"Prudential Financial, Inc.",2020,2021-03-26,221,-0.0008804969494535,1.6922918090764387,-0.0051089647407437,0.0296984199237423,-0.0202315085093615,0.0051089647407437,-0.037113572223393586,-0.0043649326884158575,75.0,0.7066666666666667,0.0666666666666666,0.64,34.0,0.7647058823529411,0.0588235294117647,0.7058823529411764,1.5,1.4705882352941178,34.0,32.0,Prudential Financials,both,,True,False
"Prudential Financial, Inc.",2021,2022-03-25,221,0.0010420504514241,1.114459703282461,0.0014204859760801,-0.0147531314317945,-0.0027769246426588,0.0014204859760801,-0.019250731083487477,-0.005176348037678965,87.0,0.5977011494252874,0.0229885057471264,0.574712643678161,46.0,0.5434782608695652,0.0217391304347826,0.5217391304347826,1.7333333333333334,1.6956521739130437,46.0,45.0,Prudential Financials,both,,True,False
"Prudential Financial, Inc.",2022,2023-03-23,221,-5.411880083522451e-05,0.9641366016767008,-0.0513358305169198,-0.019474825861482,-0.0181396301244663,0.0513358305169198,0.011093019798979023,0.035383405117340866,71.0,0.7183098591549296,0.0140845070422535,0.7042253521126761,22.0,0.5454545454545454,0.0,0.5454545454545454,1.3636363636363635,1.3636363636363635,22.0,22.0,Prudential Financials,both,,True,False
"Prudential Financial, Inc.",2023,2024-03-28,221,0.0005478571511512,1.0686348707812463,-0.0026407481748777,0.0067984435871444,-0.0042797710181964,0.0026407481748777,-0.004589400495317279,-0.03776252442176396,52.0,0.7115384615384616,0.0,0.7115384615384616,17.0,0.5294117647058824,0.0,0.5294117647058824,1.411764705882353,1.411764705882353,17.0,17.0,Prudential Financials,both,,True,False
The Allstate Corporation,2012,2013-04-12,221,0.0015977278545396,0.3036076519539356,-0.010915452394885,-0.0148382759888649,-0.0170749599028629,0.010915452394885,-0.023877277799786586,-0.06283959721338112,51.0,0.4901960784313725,0.0196078431372549,0.4705882352941176,16.0,0.4375,0.0,0.4375,2.0,1.3125,16.0,8.0,Allstate,both,,True,False
The Allstate Corporation,2013,2014-04-11,221,0.0003971404469515,0.2334507662391829,-0.0169048853849411,-0.0040255509851661,-0.0057274686317652,0.0169048853849411,0.0005823608298786633,0.036509549077195204,49.0,0.6122448979591837,0.0,0.6122448979591837,9.0,0.5555555555555556,0.0,0.5555555555555556,1.4444444444444444,1.4444444444444444,9.0,9.0,Allstate,both,,True,False
The Allstate Corporation,2014,2015-04-10,221,0.0010650199275436,0.4482429854488714,0.0013405102264257,-0.0089336699365202,-0.0024871138603727,0.0013405102264257,-0.020273560666668602,-0.09725959423499464,49.0,0.6122448979591837,0.0,0.6122448979591837,9.0,0.5555555555555556,0.0,0.5555555555555556,1.4444444444444444,1.4444444444444444,9.0,9.0,Allstate,both,,True,False
The Allstate Corporation,2015,2016-04-08,221,-2.3694468192224313e-05,0.6411500713224434,0.0005643486080047,-0.0049512150151734,0.0028209758441014,0.0005643486080047,-0.015072196507815291,0.0031954632319117857,44.0,0.5681818181818182,0.0909090909090909,0.4772727272727273,7.0,0.1428571428571428,0.1428571428571428,0.0,1.1666666666666667,1.0,7.0,6.0,Allstate,both,,True,False
The Allstate Corporation,2016,2017-04-07,221,0.0006867171591787,0.4529875019701257,-0.0033095023621435,-0.0096498273664616,-0.002634604042619,0.0033095023621435,-0.002850743227452839,0.013449847795046349,55.0,0.6,0.1272727272727272,0.4727272727272727,20.0,0.6,0.05,0.5499999999999999,1.6666666666666667,1.5,20.0,18.0,Allstate,both,,True,False
The Allstate Corporation,2017,2018-04-06,221,0.0001532743760044,0.7735559404794317,-0.0072135541138712,0.0042961733006093,-0.0070354651727415,0.0072135541138712,-0.011750957227991467,-0.0348551843725374,16.0,0.0,0.0,0.0,10.0,0.0,0.0,0.0,1.0,1.0,10.0,4.0,Allstate,both,,True,False
The Allstate Corporation,2018,2019-04-05,221,-8.371162109306822e-05,0.7556725459252625,-0.0120561880053261,-0.0071224885823398,-0.0159658538429917,0.0120561880053261,0.0038837972004836623,0.008565119961834816,25.0,0.56,0.0,0.56,9.0,0.4444444444444444,0.0,0.4444444444444444,1.75,1.6666666666666667,9.0,8.0,Allstate,both,,True,False
The Allstate Corporation,2019,2020-04-03,221,0.0007413215442917,0.8296789711917598,0.0238829233014126,-0.0101698827810586,0.0487467248332851,0.0238829233014126,0.06523423065251321,0.0624756357401446,34.0,0.6470588235294118,0.0,0.6470588235294118,18.0,0.5,0.0,0.5,1.5,1.2222222222222223,18.0,14.0,Allstate,both,,True,True
The Allstate Corporation,2020,2021-04-09,221,-0.0008819508187576,0.9033877574028292,0.0185342409071176,0.0013990027951641,0.0181567986336442,0.0185342409071176,0.030896327705843003,0.1148124156684246,45.0,0.5555555555555556,0.0444444444444444,0.5111111111111112,21.0,0.5238095238095238,0.0952380952380952,0.4285714285714286,1.6111111111111112,1.4761904761904765,21.0,18.0,Allstate,both,,True,False
The Allstate Corporation,2021,2022-04-08,221,0.0002888052230386,0.5682428147127183,0.0344921293168348,0.0502345266421007,0.0272509760106626,0.0344921293168348,0.006853947338813301,-0.019457730470551545,51.0,0.5294117647058824,0.0392156862745098,0.4901960784313726,21.0,0.3809523809523809,0.0,0.3809523809523809,1.4210526315789471,1.2857142857142858,21.0,19.0,Allstate,both,,True,False
The Allstate Corporation,2022,2023-04-11,221,7.377989997552177e-05,0.6831072893082829,0.0063155393017884,-0.0194494672576052,-0.0006964564670205,0.0063155393017884,-0.02753511365570265,0.013375007379636993,75.0,0.5733333333333334,0.0933333333333333,0.48,28.0,0.4642857142857143,0.0357142857142857,0.4285714285714286,1.5,1.4642857142857142,28.0,24.0,Allstate,both,,True,False
The Allstate Corporation,2023,2024-04-01,221,0.0015756679417208,0.4758492082398709,0.0158601151779649,0.0070644929567493,-0.0012289057582999,0.0158601151779649,-0.009216192393499833,-0.038974847544608615,139.0,0.4460431654676259,0.1654676258992805,0.2805755395683453,54.0,0.3148148148148148,0.1481481481481481,0.1666666666666666,1.7058823529411764,1.537037037037037,54.0,34.0,Allstate,both,,True,False
The Progressive Corporation,2012,2013-04-18,221,0.0006215184620003,0.1683629577430755,-0.0077747102959229,-0.0014845481755649,0.000915551433494,0.0077747102959229,0.01351074939504543,0.02898065862139604,,,,,,,,,,,,,,left_only,missing firm-year narrative output,False,False
The Progressive Corporation,2013,2014-04-17,221,4.863066985195368e-05,0.2317964740204937,-0.0040256026273373,-0.0109592086171308,-0.0069222094330131,0.0040256026273373,-0.009695640075097944,0.05381759818503889,,,,,,,,,,,,,,left_only,missing firm-year narrative output,False,False
The Progressive Corporation,2014,2015-04-16,221,0.0003666116258398,0.65152043329756,0.0043695453299364,0.0037159346587669,-0.0112765494517207,0.0043695453299364,-0.020067773381654292,-0.012519171303064323,,,,,,,,,,,,,,left_only,missing firm-year narrative output,False,False
The Progressive Corporation,2015,2016-04-14,221,0.0013096508997013,0.6799925401634598,-0.0494431345674798,-0.0428238297125208,-0.039288639281634,0.0494431345674798,-0.07354474600300503,-0.055785430350947796,,,,,,,,,,,,,,left_only,missing firm-year narrative output,False,False
The Progressive Corporation,2016,2017-04-13,221,0.0005853767151729,0.5577474907643738,0.0014528329470033,-0.0150650946529353,0.006210984559835,0.0014528329470033,-0.0007220284762490983,-0.009998093394668523,,,,,,,,,,,,,,left_only,missing firm-year narrative output,False,False
The Progressive Corporation,2017,2018-04-12,221,0.0013979172799804,0.6911998073058548,-0.0086612112799258,-0.0050992093966504,-0.0040208908080683,0.0086612112799258,-0.00012629798205943902,-0.006439417235250255,,,,,,,,,,,,,,left_only,missing firm-year narrative output,False,False
The Progressive Corporation,2018,2019-04-11,221,0.0010184007953927,0.9964110026975712,0.0024436967697827,-0.005149263604536,-0.0005521957502426,0.0024436967697827,0.028746925321844672,0.006962432989270724,184.0,0.4891304347826087,0.0326086956521739,0.4565217391304348,29.0,0.3103448275862069,0.1034482758620689,0.2068965517241379,1.434782608695652,1.2758620689655171,29.0,23.0,Progressive,both,,True,False
The Progressive Corporation,2019,2020-04-09,221,0.0004056140316189,0.8563057444964005,-0.0086129189907798,0.0061125707008614,-0.0170081600411318,0.0086129189907798,0.024109647598861063,-0.10782211272186153,183.0,0.3224043715846995,0.0437158469945355,0.2786885245901639,50.0,0.3,0.06,0.24,1.4871794871794872,1.24,50.0,39.0,Progressive,both,,True,True
The Progressive Corporation,2020,2021-04-08,221,-0.0002513134191903,0.6423672041685577,-0.0041641344601157,-0.0061325114963407,-0.008549906872295,0.0041641344601157,0.033611951958741185,0.07251744988653233,,,,,,,,,,,,,,left_only,missing firm-year narrative output,False,False
The Progressive Corporation,2021,2022-04-07,221,0.0004023915765541,0.435763348342776,0.0411680086766424,0.0531353104320012,0.0127970356900866,0.0411680086766424,-0.036327716596216496,-0.032908885761457576,187.0,0.481283422459893,0.0374331550802139,0.4438502673796791,61.0,0.3934426229508196,0.0163934426229508,0.3770491803278688,1.4081632653061225,1.180327868852459,61.0,49.0,Progressive,both,,True,False
The Progressive Corporation,2022,2023-04-06,221,0.0011885059105375,0.5905206403381164,0.0294130476893156,0.0203301312996707,0.0124388124788277,0.0294130476893156,-0.08898221703900372,-0.1530987414738825,274.0,0.364963503649635,0.0766423357664233,0.2883211678832116,112.0,0.3660714285714285,0.0446428571428571,0.3214285714285714,1.6231884057971016,1.2589285714285714,112.0,69.0,Progressive,both,,True,False
The Progressive Corporation,2023,2024-04-04,221,0.0014740567320638,-0.0216523494993317,0.0007427619360413,-0.0048409437184114,-0.0018492382580527,0.0007427619360413,-0.04953531051504351,-0.03829352512643085,287.0,0.4355400696864111,0.0383275261324041,0.3972125435540069,122.0,0.4098360655737705,0.0081967213114754,0.4016393442622951,1.5092592592592593,1.360655737704918,122.0,108.0,Progressive,both,,True,False
"The Travelers Companies, Inc.",2012,2013-04-19,221,0.0014282202658467,0.2719238731609362,-0.0105478899378828,-0.0057070607880096,0.0028741322210687,0.0105478899378828,-0.0014329785146138304,-0.023742009634394726,113.0,0.3097345132743362,0.1327433628318584,0.1769911504424778,33.0,0.303030303030303,0.2424242424242424,0.0606060606060606,1.761904761904762,1.5454545454545454,33.0,21.0,Travelers,both,,True,False
"The Travelers Companies, Inc.",2013,2014-04-21,221,-6.140352146508164e-05,0.1911445469483599,-0.0003436437919004,0.0213040270080478,0.002127257059677,0.0003436437919004,0.03661346170420373,0.06982406349958055,71.0,0.647887323943662,0.0422535211267605,0.6056338028169015,16.0,0.4375,0.0625,0.375,1.8666666666666667,1.875,16.0,15.0,Travelers,both,,True,False
"The Travelers Companies, Inc.",2014,2015-04-17,221,0.0009228670971378,0.5225828720136535,-0.021557296553285,-0.0592474611556834,-0.0250459028578199,0.021557296553285,-0.05296568027632239,-0.08469347066588974,80.0,0.65,0.05,0.6,18.0,0.3888888888888889,0.1111111111111111,0.2777777777777778,1.8571428571428572,1.4444444444444444,18.0,14.0,Travelers,both,,True,False
"The Travelers Companies, Inc.",2015,2016-04-15,221,0.0005381325533478,0.72800414297341,-0.0039423021341912,-0.014719270822488,0.0021832609006521,0.0039423021341912,-0.05019186473301404,-0.017622741648993773,143.0,0.5034965034965035,0.0139860139860139,0.4895104895104895,20.0,0.4,0.0,0.4,1.5714285714285714,1.1,20.0,14.0,Travelers,both,,True,False
"The Travelers Companies, Inc.",2016,2017-04-13,221,0.0001027384509674,0.5972201069043381,0.0078334731764806,-0.0001512544367424,0.0039432205889143,0.0078334731764806,-0.01998368407549595,-0.026051263141422816,140.0,0.5357142857142857,0.0357142857142857,0.5,27.0,0.4074074074074074,0.037037037037037,0.3703703703703703,1.681818181818182,1.4074074074074074,27.0,22.0,Travelers,both,,True,False
"The Travelers Companies, Inc.",2017,2018-04-13,221,0.000281196997871,0.7232071004805837,-0.0011930574590235,-0.015667686232137,-0.0014069801494358,0.0011930574590235,-0.006926323604314585,-0.06476061952241556,175.0,0.48,0.0285714285714285,0.4514285714285714,37.0,0.3243243243243243,0.027027027027027,0.2972972972972973,1.7741935483870968,1.5675675675675675,37.0,31.0,Travelers,both,,True,False
"The Travelers Companies, Inc.",2018,2019-04-12,221,-8.02455373091364e-05,0.7923641850085329,0.0054651110032195,0.0155338085338219,-0.0010186329506213,0.0054651110032195,-0.0028779098164682902,0.07606106504510057,171.0,0.5906432748538012,0.0175438596491228,0.5730994152046784,22.0,0.3181818181818182,0.0,0.3181818181818182,1.3529411764705883,1.1363636363636365,22.0,17.0,Travelers,both,,True,False
"The Travelers Companies, Inc.",2019,2020-04-13,221,-0.0005291274268943,0.7261854302443063,0.0067005878771945,-0.0060112321811752,-0.0262978086101908,0.0067005878771945,-0.07425180562130537,-0.15583300915518425,184.0,0.592391304347826,0.0326086956521739,0.5597826086956521,27.0,0.3703703703703703,0.037037037037037,0.3333333333333333,1.2857142857142858,1.1111111111111112,27.0,21.0,Travelers,both,,True,True
"The Travelers Companies, Inc.",2020,2021-04-09,221,-0.0002140786034254,1.1467968120235852,-0.0143795849999271,-0.0145180522320706,0.0060280547527521,0.0143795849999271,0.015591702543757755,0.03793343450049485,196.0,0.6326530612244898,0.0408163265306122,0.5918367346938775,61.0,0.5081967213114754,0.0655737704918032,0.4426229508196721,1.5294117647058822,1.3770491803278688,61.0,51.0,Travelers,both,,True,False
"The Travelers Companies, Inc.",2021,2022-04-08,221,0.0006233244611225,0.7098839604087576,0.0244973247871783,0.0370443178139181,0.0308884598156159,0.0244973247871783,0.030063316091476572,0.01597377778840323,178.0,0.5786516853932584,0.0337078651685393,0.5449438202247191,46.0,0.4130434782608695,0.0434782608695652,0.3695652173913043,1.351351351351351,1.173913043478261,46.0,37.0,Travelers,both,,True,False
"The Travelers Companies, Inc.",2022,2023-04-14,221,0.0002843241643752,0.4671619032872803,-0.020972969900387,-0.0164843256622531,-0.010743437494343,0.020972969900387,0.0373308004084499,0.04951389748272879,193.0,0.6010362694300518,0.0310880829015544,0.5699481865284974,41.0,0.4146341463414634,0.0,0.4146341463414634,1.2580645161290325,0.975609756097561,41.0,31.0,Travelers,both,,True,False
"The Travelers Companies, Inc.",2023,2024-04-26,221,0.0007066323064298,0.4182590013896196,-0.0084280950817538,-0.0110407856957337,-0.0118396600904311,0.0084280950817538,-0.01190632934656458,-0.037257049205999565,213.0,0.6197183098591549,0.0375586854460093,0.5821596244131455,26.0,0.4230769230769231,0.0769230769230769,0.3461538461538461,1.3571428571428572,0.8076923076923077,26.0,14.0,Travelers,both,,True,False
