outcome,specification,scenario,predictor,covariance,N,firms,years,coefficient,SE,p_value,CI95_low,CI95_high,R_squared,inference_df,controls,standardization
"CAR[-1,+1]",pooled,main,Specificity_mean,HC3,62,7,12,-0.0057570310563775755,0.007999624147417386,0.47452670506112427,-0.021758661815389255,0.010244599702634104,0.003153228500194505,60.0,,none
"CAR[-1,+1]",pooled,main,Specificity_mean,firm_cluster_CR1,62,7,12,-0.0057570310563775755,0.014997259667611893,0.7143080159302092,-0.04245400347175572,0.030939941359000574,0.003153228500194505,6.0,,none
"CAR[-1,+1]",pooled,main,Specificity_z,HC3,62,7,12,-0.001321560348389443,0.0018363607859182855,0.47452670506112343,-0.004994828828894184,0.0023517081321152984,0.003153228500194505,60.0,,fixed pooled eligible sample; ddof=1
"CAR[-1,+1]",pooled,main,Specificity_z,firm_cluster_CR1,62,7,12,-0.001321560348389443,0.0034427091876219652,0.7143080159302085,-0.009745566259627332,0.007102445562848446,0.003153228500194505,6.0,,fixed pooled eligible sample; ddof=1
"CAR[-1,+1]",firm_FE,main,Specificity_mean,HC3,61,6,12,-0.0193219668127029,0.015039747559904715,0.20437158501421962,-0.049474845195132726,0.010830911569726924,0.1387886793370373,54.0,,none
"CAR[-1,+1]",firm_FE,main,Specificity_mean,firm_cluster_CR1,61,6,12,-0.0193219668127029,0.022983743682306185,0.43886839746750156,-0.07840356083736008,0.03975962721195428,0.1387886793370373,5.0,,none
"CAR[-1,+1]",firm_FE,main,Specificity_z,HC3,61,6,12,-0.004435471155618892,0.003452462533259854,0.20437158501422037,-0.011357241781796843,0.0024862994705590587,0.1387886793370372,54.0,,fixed pooled eligible sample; ddof=1
"CAR[-1,+1]",firm_FE,main,Specificity_z,firm_cluster_CR1,61,6,12,-0.004435471155618892,0.005276053578768468,0.4388683974675002,-0.017997998649045086,0.009127056337807304,0.1387886793370372,5.0,,fixed pooled eligible sample; ddof=1
"CAR[-1,+1]",firm_year_FE,main,Specificity_mean,HC3,61,6,12,-0.02111077459299376,0.021455357153376656,0.33064940716061475,-0.06437962599585535,0.022158076809867835,0.3152018424738978,43.0,,none
"CAR[-1,+1]",firm_year_FE,main,Specificity_mean,firm_cluster_CR1,61,6,12,-0.02111077459299376,0.02332445232367686,0.4069130809941841,-0.08106818806240272,0.03884663887641521,0.3152018424738978,5.0,,none
"CAR[-1,+1]",firm_year_FE,main,Specificity_z,HC3,61,6,12,-0.004846102505384522,0.004925203459346553,0.3306494071606143,-0.014778721901458609,0.005086516890689565,0.31520184247389793,43.0,,fixed pooled eligible sample; ddof=1
"CAR[-1,+1]",firm_year_FE,main,Specificity_z,firm_cluster_CR1,61,6,12,-0.004846102505384522,0.005354265251830482,0.40691308099418405,-0.01860967950491866,0.008917474494149613,0.31520184247389793,5.0,,fixed pooled eligible sample; ddof=1
"|CAR|[-1,+1]",pooled,main,Specificity_mean,HC3,62,7,12,-0.00158619401095662,0.0066781507497644,0.8130626375798437,-0.014944484410793246,0.011772096388880006,0.0004063987798529345,60.0,,none
"|CAR|[-1,+1]",pooled,main,Specificity_mean,firm_cluster_CR1,62,7,12,-0.00158619401095662,0.011953751401696315,0.8987735136777716,-0.030835969981408237,0.027663581959494997,0.0004063987798529345,6.0,,none
"|CAR|[-1,+1]",pooled,main,Specificity_z,HC3,62,7,12,-0.0003641201670105399,0.0015330087930790232,0.8130626375798443,-0.0034305943169352193,0.0027023539829141396,0.0004063987798530455,60.0,,fixed pooled eligible sample; ddof=1
"|CAR|[-1,+1]",pooled,main,Specificity_z,firm_cluster_CR1,62,7,12,-0.0003641201670105399,0.00274405395980731,0.8987735136777719,-0.007078578321444354,0.006350337987423274,0.0004063987798530455,6.0,,fixed pooled eligible sample; ddof=1
"|CAR|[-1,+1]",firm_FE,main,Specificity_mean,HC3,61,6,12,0.00878617443128028,0.012063956060650029,0.46957679577315276,-0.01540060120832774,0.032972950070888296,0.07101442107928702,54.0,,none
"|CAR|[-1,+1]",firm_FE,main,Specificity_mean,firm_cluster_CR1,61,6,12,0.00878617443128028,0.019595509966980344,0.6726434986051345,-0.04158568754986976,0.05915803641243031,0.07101442107928702,5.0,,none
"|CAR|[-1,+1]",firm_FE,main,Specificity_z,HC3,61,6,12,0.002016918030961496,0.0027693520876191594,0.46957679577315026,-0.0035352986112065126,0.007569134673129504,0.07101442107928702,54.0,,fixed pooled eligible sample; ddof=1
"|CAR|[-1,+1]",firm_FE,main,Specificity_z,firm_cluster_CR1,61,6,12,0.002016918030961496,0.004498264595974906,0.672643498605132,-0.009546239231337524,0.013580075293260514,0.07101442107928702,5.0,,fixed pooled eligible sample; ddof=1
"|CAR|[-1,+1]",firm_year_FE,main,Specificity_mean,HC3,61,6,12,0.010715535701744107,0.015366302870496841,0.4893435348018821,-0.020273567428158994,0.041704638831647205,0.3809351655270373,43.0,,none
"|CAR|[-1,+1]",firm_year_FE,main,Specificity_mean,firm_cluster_CR1,61,6,12,0.010715535701744107,0.015096203175559183,0.5095399900738109,-0.02809048996842358,0.04952156137191179,0.3809351655270373,5.0,,none
"|CAR|[-1,+1]",firm_year_FE,main,Specificity_z,HC3,61,6,12,0.0024598142612916336,0.0035274252259756464,0.48934353480188325,-0.004653916675292896,0.009573545197876163,0.3809351655270373,43.0,,fixed pooled eligible sample; ddof=1
"|CAR|[-1,+1]",firm_year_FE,main,Specificity_z,firm_cluster_CR1,61,6,12,0.0024598142612916336,0.0034654222519694177,0.5095399900738133,-0.006448337232430844,0.011367965755014111,0.3809351655270373,5.0,,fixed pooled eligible sample; ddof=1
"CAR[-2,+2]",firm_year_FE,main,Specificity_mean,HC3,61,6,12,-0.03408875982679418,0.028430522501612054,0.23708615673214914,-0.09142437277576632,0.023246853122177967,0.2546273150404602,43.0,,none
"CAR[-2,+2]",firm_year_FE,main,Specificity_mean,firm_cluster_CR1,61,6,12,-0.03408875982679418,0.014243950075130673,0.062140427403168545,-0.0707039991576356,0.0025264795040472465,0.2546273150404602,5.0,,none
"CAR[-2,+2]",firm_year_FE,main,Specificity_z,HC3,61,6,12,-0.007825275367058479,0.00652639370088194,0.23708615673214983,-0.020987002632716696,0.005336451898599739,0.2546273150404602,43.0,,fixed pooled eligible sample; ddof=1
"CAR[-2,+2]",firm_year_FE,main,Specificity_z,firm_cluster_CR1,61,6,12,-0.007825275367058479,0.0032697825388449692,0.062140427403169655,-0.01623051896789415,0.0005799682337771922,0.2546273150404602,5.0,,fixed pooled eligible sample; ddof=1
"CAR[0,+1]",firm_year_FE,main,Specificity_mean,HC3,61,6,12,-0.0159909557405518,0.015600549646383763,0.31108337009252707,-0.047452462516080325,0.015470551034976722,0.21559591378754572,43.0,,none
"CAR[0,+1]",firm_year_FE,main,Specificity_mean,firm_cluster_CR1,61,6,12,-0.0159909557405518,0.013674499955280391,0.29495110191692037,-0.05114237693700517,0.019160465455901568,0.21559591378754572,5.0,,none
"CAR[0,+1]",firm_year_FE,main,Specificity_z,HC3,61,6,12,-0.0036708179672146997,0.0035811979514861845,0.3110833700925263,-0.010892991939867551,0.003551356005438152,0.2155959137875456,43.0,,fixed pooled eligible sample; ddof=1
"CAR[0,+1]",firm_year_FE,main,Specificity_z,firm_cluster_CR1,61,6,12,-0.0036708179672146997,0.0031390619136807013,0.294951101916921,-0.01174003350346008,0.004398397569030679,0.2155959137875456,5.0,,fixed pooled eligible sample; ddof=1
"CAR[-1,+1]",firm_year_FE,exclude_most_influential,Specificity_mean,HC3,60,6,12,-0.0058334416399968315,0.013992446508692195,0.6788752304120587,-0.034071341916854375,0.02240445863686071,0.3766455375081047,42.0,,none
"CAR[-1,+1]",firm_year_FE,exclude_most_influential,Specificity_mean,firm_cluster_CR1,60,6,12,-0.0058334416399968315,0.012449281486343949,0.6590900895525157,-0.03783533849551604,0.02616845521552238,0.3766455375081047,5.0,,none
"CAR[-1,+1]",firm_year_FE,exclude_most_influential,Specificity_z,HC3,60,6,12,-0.00133910084739317,0.0032120484155392422,0.6788752304120448,-0.00782127698335989,0.00514307528857355,0.3766455375081047,42.0,,fixed pooled eligible sample; ddof=1
"CAR[-1,+1]",firm_year_FE,exclude_most_influential,Specificity_z,firm_cluster_CR1,60,6,12,-0.00133910084739317,0.0028578058060091415,0.6590900895524998,-0.008685324542096267,0.006007122847309927,0.3766455375081047,5.0,,fixed pooled eligible sample; ddof=1
"CAR[-1,+1]",firm_year_FE,exclude_March_April_2020,Specificity_mean,HC3,55,6,11,-0.009813700359064193,0.014172049178886875,0.49285327838967385,-0.0385035140074762,0.018876113289347813,0.4353253705957816,38.0,,none
"CAR[-1,+1]",firm_year_FE,exclude_March_April_2020,Specificity_mean,firm_cluster_CR1,55,6,11,-0.009813700359064193,0.011243550314354755,0.4226849654957792,-0.0387161665652075,0.019088765847079116,0.4353253705957816,5.0,,none
"CAR[-1,+1]",firm_year_FE,exclude_March_April_2020,Specificity_z,HC3,55,6,11,-0.0022527926527593214,0.0032532772651093964,0.492853278389665,-0.008838708161834276,0.004333122856315633,0.4353253705957816,38.0,,fixed pooled eligible sample; ddof=1
"CAR[-1,+1]",firm_year_FE,exclude_March_April_2020,Specificity_z,firm_cluster_CR1,55,6,11,-0.0022527926527593214,0.0025810231219982565,0.42268496549576423,-0.00888752380752537,0.004381938502006729,0.4353253705957816,5.0,,fixed pooled eligible sample; ddof=1
"CAR[-1,+1]",firm_year_FE,existing_text_controls,Specificity_mean,HC3,61,6,12,-0.03128323458135342,0.02410156085233652,0.20155051652693137,-0.07995732417423299,0.017390855011526152,0.35553599184627127,41.0,log_total_sent + ESGSentiment_Corporate,none
"CAR[-1,+1]",firm_year_FE,existing_text_controls,Specificity_mean,firm_cluster_CR1,61,6,12,-0.03128323458135342,0.028332417331547927,0.3198099507962666,-0.10411403193349802,0.04154756277079119,0.35553599184627127,5.0,log_total_sent + ESGSentiment_Corporate,none
"CAR[-1,+1]",firm_year_FE,existing_text_controls,Specificity_z,HC3,61,6,12,-0.00718125054168034,0.0055326550864196475,0.20155051652693318,-0.01835467416402569,0.003992173080665009,0.35553599184627116,41.0,log_total_sent + ESGSentiment_Corporate,fixed pooled eligible sample; ddof=1
"CAR[-1,+1]",firm_year_FE,existing_text_controls,Specificity_z,firm_cluster_CR1,61,6,12,-0.00718125054168034,0.00650387308192763,0.31980995079626684,-0.02389998854736748,0.009537487464006802,0.35553599184627116,5.0,log_total_sent + ESGSentiment_Corporate,fixed pooled eligible sample; ddof=1
"|CAR|[-1,+1]",firm_year_FE,exclude_most_influential,Specificity_mean,HC3,60,6,12,-0.0007862721665425378,0.009918738130747288,0.9371932616609301,-0.02080309610325126,0.019230551770166183,0.34660411941819047,42.0,,none
"|CAR|[-1,+1]",firm_year_FE,exclude_most_influential,Specificity_mean,firm_cluster_CR1,60,6,12,-0.0007862721665425378,0.009848884106043305,0.9394663816238763,-0.02610363475082466,0.024531090417739584,0.34660411941819047,5.0,,none
"|CAR|[-1,+1]",firm_year_FE,exclude_most_influential,Specificity_z,HC3,60,6,12,-0.00018049340157612142,0.0022769046912006615,0.937193261660925,-0.004775473097949657,0.0044144862947974135,0.3466041194181906,42.0,,fixed pooled eligible sample; ddof=1
"|CAR|[-1,+1]",firm_year_FE,exclude_most_influential,Specificity_z,firm_cluster_CR1,60,6,12,-0.00018049340157612142,0.002260869288869117,0.9394663816238713,-0.005992242928291066,0.005631256125138822,0.3466041194181906,5.0,,fixed pooled eligible sample; ddof=1
"|CAR|[-1,+1]",firm_year_FE,exclude_March_April_2020,Specificity_mean,HC3,55,6,11,-0.00023885197433414092,0.01012413096652731,0.9813012349413227,-0.02073408361765247,0.020256379668984192,0.3524865799147203,38.0,,none
"|CAR|[-1,+1]",firm_year_FE,exclude_March_April_2020,Specificity_mean,firm_cluster_CR1,55,6,11,-0.00023885197433414092,0.009512414762881796,0.9809389354653251,-0.024691292576836804,0.024213588628168525,0.3524865799147203,5.0,,none
"|CAR|[-1,+1]",firm_year_FE,exclude_March_April_2020,Specificity_z,HC3,55,6,11,-5.482987590710607e-05,0.002324053825007987,0.9813012349413223,-0.0047596308758705635,0.004649971124056352,0.3524865799147203,38.0,,fixed pooled eligible sample; ddof=1
"|CAR|[-1,+1]",firm_year_FE,exclude_March_April_2020,Specificity_z,firm_cluster_CR1,55,6,11,-5.482987590710607e-05,0.002183630771651391,0.9809389354653246,-0.00566803147325068,0.005558371721436469,0.3524865799147203,5.0,,fixed pooled eligible sample; ddof=1
"|CAR|[-1,+1]",firm_year_FE,existing_text_controls,Specificity_mean,HC3,61,6,12,0.011524315305548746,0.01869644504561244,0.5410441998788065,-0.026233921465671252,0.049282552076768744,0.3912394832027848,41.0,log_total_sent + ESGSentiment_Corporate,none
"|CAR|[-1,+1]",firm_year_FE,existing_text_controls,Specificity_mean,firm_cluster_CR1,61,6,12,0.011524315305548746,0.019126763143824197,0.5731067069439691,-0.037642594606483865,0.06069122521758136,0.3912394832027848,5.0,log_total_sent + ESGSentiment_Corporate,none
"|CAR|[-1,+1]",firm_year_FE,existing_text_controls,Specificity_z,HC3,61,6,12,0.002645474377505604,0.004291878953953517,0.5410441998788044,-0.006022151010178598,0.011313099765189807,0.3912394832027847,41.0,log_total_sent + ESGSentiment_Corporate,fixed pooled eligible sample; ddof=1
"|CAR|[-1,+1]",firm_year_FE,existing_text_controls,Specificity_z,firm_cluster_CR1,61,6,12,0.002645474377505604,0.004390661005017993,0.573106706943965,-0.008641079048430332,0.013932027803441542,0.3912394832027847,5.0,log_total_sent + ESGSentiment_Corporate,fixed pooled eligible sample; ddof=1
