outcome,model,fixed_effects,covariance,term,N,firms,coefficient,SE,p_value,CI95_low,CI95_high,R_squared
"CAR[-1,+1]",M1_specificity,pooled,HC3,Specificity_mean,62,7,-0.005757031056377575,0.007999624147417384,0.47452670506112427,-0.02175866181538925,0.0102445997026341,0.003153228500194505
"CAR[-1,+1]",M1_specificity,pooled,firm_cluster_CR1,Specificity_mean,62,7,-0.005757031056377575,0.014997259667611857,0.7143080159302087,-0.04245400347175563,0.030939941359000484,0.003153228500194505
"CAR[-1,+1]",M1_specificity,firm_FE,HC3,Specificity_mean,61,6,-0.019321966812702884,0.015039747559904712,0.20437158501422,-0.049474845195132705,0.010830911569726934,0.1387886793370373
"CAR[-1,+1]",M1_specificity,firm_FE,firm_cluster_CR1,Specificity_mean,61,6,-0.019321966812702884,0.02298374368230618,0.43886839746750195,-0.07840356083736005,0.03975962721195429,0.1387886793370373
"CAR[-1,+1]",M1_specificity,firm_year_FE,HC3,Specificity_mean,61,6,-0.021110774592993754,0.021455357153376663,0.33064940716061525,-0.06437962599585537,0.022158076809867856,0.31520184247389793
"CAR[-1,+1]",M1_specificity,firm_year_FE,firm_cluster_CR1,Specificity_mean,61,6,-0.021110774592993754,0.023324452323676862,0.406913080994184,-0.08106818806240272,0.03884663887641522,0.31520184247389793
"CAR[-1,+1]",M2_overall_sentiment,pooled,HC3,Overall_sentiment,62,7,-0.01835754845441856,0.02087878172265997,0.38277670499514543,-0.060121330060566434,0.023406233151729315,0.019787616138943753
"CAR[-1,+1]",M2_overall_sentiment,pooled,firm_cluster_CR1,Overall_sentiment,62,7,-0.01835754845441856,0.02046110346859933,0.4041766499822659,-0.0684240650192379,0.03170896811040078,0.019787616138943753
"CAR[-1,+1]",M2_overall_sentiment,firm_FE,HC3,Overall_sentiment,61,6,-0.017301403452660444,0.03650209971612057,0.6374223978647676,-0.0904837071488857,0.05588090024356482,0.11700539679579147
"CAR[-1,+1]",M2_overall_sentiment,firm_FE,firm_cluster_CR1,Overall_sentiment,61,6,-0.017301403452660444,0.03547364641519818,0.6463770026352166,-0.10848931457135415,0.07388650766603326,0.11700539679579147
"CAR[-1,+1]",M2_overall_sentiment,firm_year_FE,HC3,Overall_sentiment,61,6,-0.01901694792606109,0.04539289778995389,0.6773446043126783,-0.11056045079940703,0.07252655494728484,0.2922227803351901
"CAR[-1,+1]",M2_overall_sentiment,firm_year_FE,firm_cluster_CR1,Overall_sentiment,61,6,-0.01901694792606109,0.0379624300965117,0.6376817182959884,-0.11660248116876741,0.07856858531664522,0.2922227803351901
"CAR[-1,+1]",M2b_ESG_sentiment,pooled,HC3,ESG_sentiment,62,7,-0.005277069662345087,0.0117546874573822,0.6550971554329803,-0.02878994538180504,0.018235806057114865,0.0027017352786061766
"CAR[-1,+1]",M2b_ESG_sentiment,pooled,firm_cluster_CR1,ESG_sentiment,62,7,-0.005277069662345087,0.008890125048336025,0.5744675225579102,-0.027030422001279336,0.01647628267658916,0.0027017352786061766
"CAR[-1,+1]",M2b_ESG_sentiment,firm_FE,HC3,ESG_sentiment,61,6,0.0032529590046033183,0.018600817322030918,0.8618259644871084,-0.0340394343877061,0.04054535239691273,0.11019421535754337
"CAR[-1,+1]",M2b_ESG_sentiment,firm_FE,firm_cluster_CR1,ESG_sentiment,61,6,0.0032529590046033183,0.012057174398614354,0.7980991220732004,-0.027740994493573947,0.034246912502780585,0.11019421535754337
"CAR[-1,+1]",M2b_ESG_sentiment,firm_year_FE,HC3,ESG_sentiment,61,6,0.012651438549223668,0.023847819938709672,0.598489643595326,-0.03544227388976189,0.06074515098820923,0.29089240268540784
"CAR[-1,+1]",M2b_ESG_sentiment,firm_year_FE,firm_cluster_CR1,ESG_sentiment,61,6,0.012651438549223668,0.011146709853947084,0.30784016026926053,-0.016002091328441024,0.041304968426888355,0.29089240268540784
"CAR[-1,+1]",M3_specificity_overall,pooled,HC3,Specificity_mean,62,7,-0.0042345732287057125,0.008603171963303692,0.6243969878391019,-0.02144948056417496,0.012980334106763535,0.021473319559647264
"CAR[-1,+1]",M3_specificity_overall,pooled,HC3,Overall_sentiment,62,7,-0.017769694917406785,0.021048762827636732,0.4019590546883378,-0.059888172049984006,0.024348782215170436,0.021473319559647264
"CAR[-1,+1]",M3_specificity_overall,pooled,firm_cluster_CR1,Specificity_mean,62,7,-0.0042345732287057125,0.01574974774660708,0.7970388167798148,-0.0427728176424225,0.03430367118501108,0.021473319559647264
"CAR[-1,+1]",M3_specificity_overall,pooled,firm_cluster_CR1,Overall_sentiment,62,7,-0.017769694917406785,0.01990722927138284,0.40643160688532237,-0.06648093014501368,0.030941540310200105,0.021473319559647264
"CAR[-1,+1]",M3_specificity_overall,firm_FE,HC3,Specificity_mean,61,6,-0.018218059040876988,0.014919737753513561,0.2274634316121142,-0.04814326329117963,0.011707145209425653,0.14212044611105634
"CAR[-1,+1]",M3_specificity_overall,firm_FE,HC3,Overall_sentiment,61,6,-0.011876615004242598,0.03861990635036022,0.7596484646120276,-0.08933833750602874,0.06558510749754354,0.14212044611105634
"CAR[-1,+1]",M3_specificity_overall,firm_FE,firm_cluster_CR1,Specificity_mean,61,6,-0.018218059040876988,0.020766470039461585,0.4204801361954266,-0.07159996971460268,0.0351638516328487,0.14212044611105634
"CAR[-1,+1]",M3_specificity_overall,firm_FE,firm_cluster_CR1,Overall_sentiment,61,6,-0.011876615004242598,0.031016040919515566,0.7175186503701144,-0.09160588640530197,0.06785265639681677,0.14212044611105634
"CAR[-1,+1]",M3_specificity_overall,firm_year_FE,HC3,Specificity_mean,61,6,-0.019914962719994718,0.02065933598908823,0.3405791037354944,-0.061607190671952264,0.021777265231962828,0.31640891607981647
"CAR[-1,+1]",M3_specificity_overall,firm_year_FE,HC3,Overall_sentiment,61,6,-0.008631748141386932,0.046837085831433437,0.8546705517969635,-0.10315281407113974,0.0858893177883659,0.31640891607981647
"CAR[-1,+1]",M3_specificity_overall,firm_year_FE,firm_cluster_CR1,Specificity_mean,61,6,-0.019914962719994718,0.01994678764648135,0.36391902138157045,-0.07118981272333452,0.03135988728334508,0.31640891607981647
"CAR[-1,+1]",M3_specificity_overall,firm_year_FE,firm_cluster_CR1,Overall_sentiment,61,6,-0.008631748141386932,0.030801138393492005,0.7905171672410148,-0.08780859501261778,0.07054509872984391,0.31640891607981647
"CAR[-1,+1]",M3b_specificity_ESG,pooled,HC3,Specificity_mean,62,7,-0.005339970814921601,0.008571987893800783,0.5357141149571771,-0.02249247897144555,0.011812537341602345,0.005394767931165445
"CAR[-1,+1]",M3b_specificity_ESG,pooled,HC3,ESG_sentiment,62,7,-0.004824383740772736,0.011821147399211591,0.6846668093120991,-0.02847844505029527,0.018829677568749797,0.005394767931165445
"CAR[-1,+1]",M3b_specificity_ESG,pooled,firm_cluster_CR1,Specificity_mean,62,7,-0.005339970814921601,0.015709762427067488,0.7455047891159884,-0.043780374676385146,0.03310043304654194,0.005394767931165445
"CAR[-1,+1]",M3b_specificity_ESG,pooled,firm_cluster_CR1,ESG_sentiment,62,7,-0.004824383740772736,0.009146539739163882,0.6168041481385955,-0.027205160225501342,0.01755639274395587,0.005394767931165445
"CAR[-1,+1]",M3b_specificity_ESG,firm_FE,HC3,Specificity_mean,61,6,-0.020400037321496697,0.014932414525417825,0.17765828664380093,-0.050350667956279876,0.00955059331328648,0.1415573986943004
"CAR[-1,+1]",M3b_specificity_ESG,firm_FE,HC3,ESG_sentiment,61,6,0.008104609233593905,0.01801218900501206,0.6545805200898328,-0.028023266730117583,0.044232485197305396,0.1415573986943004
"CAR[-1,+1]",M3b_specificity_ESG,firm_FE,firm_cluster_CR1,Specificity_mean,61,6,-0.020400037321496697,0.021056214317851898,0.3771233234988265,-0.07452675937423207,0.03372668473123869,0.1415573986943004
"CAR[-1,+1]",M3b_specificity_ESG,firm_FE,firm_cluster_CR1,ESG_sentiment,61,6,0.008104609233593905,0.011703855645271545,0.5194780754709526,-0.021981109495050666,0.03819032796223848,0.1415573986943004
"CAR[-1,+1]",M3b_specificity_ESG,firm_year_FE,HC3,Specificity_mean,61,6,-0.024250142004256195,0.021539509033562537,0.26662354719968406,-0.06771863107258135,0.019218347064068955,0.32763235594225915
"CAR[-1,+1]",M3b_specificity_ESG,firm_year_FE,HC3,ESG_sentiment,61,6,0.02049242621281942,0.024411217575944104,0.4059600280420216,-0.028771405320713397,0.06975625774635223,0.32763235594225915
"CAR[-1,+1]",M3b_specificity_ESG,firm_year_FE,firm_cluster_CR1,Specificity_mean,61,6,-0.024250142004256195,0.021317490883873233,0.30685791829274994,-0.07904849685168346,0.030548212843171066,0.32763235594225915
"CAR[-1,+1]",M3b_specificity_ESG,firm_year_FE,firm_cluster_CR1,ESG_sentiment,61,6,0.02049242621281942,0.0114762848388329,0.13421777654331468,-0.009008303134472866,0.049993155560111704,0.32763235594225915
"CAR[-1,+1]",M4_interaction_overall,pooled,HC3,Specificity_mean,62,7,0.03797265345895163,0.02712153490324533,0.16681233820891678,-0.016316997153729806,0.09226230407163306,0.04899677528826141
"CAR[-1,+1]",M4_interaction_overall,pooled,HC3,Overall_sentiment,62,7,0.1097799872236197,0.0659877273197997,0.10157855898139533,-0.02230880029143159,0.241868774738671,0.04899677528826141
"CAR[-1,+1]",M4_interaction_overall,pooled,HC3,Specificity_mean:Overall_sentiment,62,7,-0.09286563127041837,0.05666602143321362,0.10666385545719567,-0.20629499713023075,0.020563734589393992,0.04899677528826141
"CAR[-1,+1]",M4_interaction_overall,pooled,firm_cluster_CR1,Specificity_mean,62,7,0.03797265345895163,0.02678235484558349,0.20602391050799926,-0.027561408014276763,0.10350671493218003,0.04899677528826141
"CAR[-1,+1]",M4_interaction_overall,pooled,firm_cluster_CR1,Overall_sentiment,62,7,0.1097799872236197,0.08677960913418743,0.25276576928938654,-0.1025620668045526,0.322122041251792,0.04899677528826141
"CAR[-1,+1]",M4_interaction_overall,pooled,firm_cluster_CR1,Specificity_mean:Overall_sentiment,62,7,-0.09286563127041837,0.07588789960684629,0.2669287550365107,-0.27855663217691096,0.0928253696360742,0.04899677528826141
"CAR[-1,+1]",M4_interaction_overall,firm_FE,HC3,Specificity_mean,61,6,0.027579274567315355,0.041449904112485544,0.5087583020033768,-0.055596043090117085,0.11075459222474779,0.17371054799326957
"CAR[-1,+1]",M4_interaction_overall,firm_FE,HC3,Overall_sentiment,61,6,0.12629513379072693,0.11816472325153103,0.2900937797401741,-0.11081973059295636,0.3634099981744102,0.17371054799326957
"CAR[-1,+1]",M4_interaction_overall,firm_FE,HC3,Specificity_mean:Overall_sentiment,61,6,-0.10320531464827713,0.09564220519282612,0.2855333274170724,-0.29512544012751607,0.08871481083096179,0.17371054799326957
"CAR[-1,+1]",M4_interaction_overall,firm_FE,firm_cluster_CR1,Specificity_mean,61,6,0.027579274567315355,0.0333117265440365,0.445423300449645,-0.05805124460046895,0.11320979373509965,0.17371054799326957
"CAR[-1,+1]",M4_interaction_overall,firm_FE,firm_cluster_CR1,Overall_sentiment,61,6,0.12629513379072693,0.11712578254984132,0.33015508620523437,-0.17478627531658397,0.42737654289803784,0.17371054799326957
"CAR[-1,+1]",M4_interaction_overall,firm_FE,firm_cluster_CR1,Specificity_mean:Overall_sentiment,61,6,-0.10320531464827713,0.10611691518561192,0.37543833574159097,-0.37598752927817053,0.16957689998161624,0.17371054799326957
"CAR[-1,+1]",M4_interaction_overall,firm_year_FE,HC3,Specificity_mean,61,6,0.024626636126537822,0.05281017160655454,0.6434520529512974,-0.08202566908893894,0.13127894134201457,0.3390875533797414
"CAR[-1,+1]",M4_interaction_overall,firm_year_FE,HC3,Overall_sentiment,61,6,0.1197164729712094,0.1478671910291506,0.42283170865362646,-0.1789073774962417,0.4183403234386605,0.3390875533797414
"CAR[-1,+1]",M4_interaction_overall,firm_year_FE,HC3,Specificity_mean:Overall_sentiment,61,6,-0.0970843009196935,0.11706426991781856,0.41172315017318867,-0.33350039019353594,0.13933178835414894,0.3390875533797414
"CAR[-1,+1]",M4_interaction_overall,firm_year_FE,firm_cluster_CR1,Specificity_mean,61,6,0.024626636126537822,0.02859393727862492,0.42845812107486325,-0.04887641965121948,0.09812969190429513,0.3390875533797414
"CAR[-1,+1]",M4_interaction_overall,firm_year_FE,firm_cluster_CR1,Overall_sentiment,61,6,0.1197164729712094,0.09854005261429198,0.27864020374434517,-0.13358879636173632,0.37302174230415514,0.3390875533797414
"CAR[-1,+1]",M4_interaction_overall,firm_year_FE,firm_cluster_CR1,Specificity_mean:Overall_sentiment,61,6,-0.0970843009196935,0.09126789294312108,0.33610290473071686,-0.33169588869608035,0.13752728685669335,0.3390875533797414
"CAR[-1,+1]",M4b_interaction_ESG,pooled,HC3,Specificity_mean,62,7,0.01130448546735115,0.015073906154046334,0.4563237774329428,-0.018869216035567862,0.04147818697027016,0.017515455530508706
"CAR[-1,+1]",M4b_interaction_ESG,pooled,HC3,ESG_sentiment,62,7,0.05439399770434043,0.04648543126613583,0.24673441997520162,-0.03865670281911525,0.1474446982277961,0.017515455530508706
"CAR[-1,+1]",M4b_interaction_ESG,pooled,HC3,Specificity_mean:ESG_sentiment,62,7,-0.04531106092144152,0.03851779505708162,0.2442539549277833,-0.12241280473792474,0.031790682895041694,0.017515455530508706
"CAR[-1,+1]",M4b_interaction_ESG,pooled,firm_cluster_CR1,Specificity_mean,62,7,0.01130448546735115,0.011939816925528571,0.3802997341639518,-0.017911194068226118,0.04052016500292842,0.017515455530508706
"CAR[-1,+1]",M4b_interaction_ESG,pooled,firm_cluster_CR1,ESG_sentiment,62,7,0.05439399770434043,0.051124917227364855,0.3282871639620482,-0.07070416814810472,0.1794921635567856,0.017515455530508706
"CAR[-1,+1]",M4b_interaction_ESG,pooled,firm_cluster_CR1,Specificity_mean:ESG_sentiment,62,7,-0.04531106092144152,0.045320804998121,0.35601364627008075,-0.15620707577477438,0.06558495393189136,0.017515455530508706
"CAR[-1,+1]",M4b_interaction_ESG,firm_FE,HC3,Specificity_mean,61,6,-0.0025698181310195977,0.018383358389873043,0.889365597943075,-0.039458725510362315,0.034319089248323116,0.15284960218293642
"CAR[-1,+1]",M4b_interaction_ESG,firm_FE,HC3,ESG_sentiment,61,6,0.0680470622213871,0.07306149084725769,0.3559678763963425,-0.07856154496030629,0.21465566940308048,0.15284960218293642
"CAR[-1,+1]",M4b_interaction_ESG,firm_FE,HC3,Specificity_mean:ESG_sentiment,61,6,-0.049117256895340425,0.061621933776445405,0.4290324432834787,-0.1727707134295675,0.07453619963888666,0.15284960218293642
"CAR[-1,+1]",M4b_interaction_ESG,firm_FE,firm_cluster_CR1,Specificity_mean,61,6,-0.0025698181310195977,0.01675225819260333,0.8840807313079879,-0.04563286874681536,0.04049323248477616,0.15284960218293642
"CAR[-1,+1]",M4b_interaction_ESG,firm_FE,firm_cluster_CR1,ESG_sentiment,61,6,0.0680470622213871,0.0814715621254829,0.4416606108366675,-0.14138225549929478,0.277476379942069,0.15284960218293642
"CAR[-1,+1]",M4b_interaction_ESG,firm_FE,firm_cluster_CR1,Specificity_mean:ESG_sentiment,61,6,-0.049117256895340425,0.07645671122915218,0.5488943849805503,-0.24565548999349007,0.1474209762028092,0.15284960218293642
"CAR[-1,+1]",M4b_interaction_ESG,firm_year_FE,HC3,Specificity_mean,61,6,-0.01293994092047888,0.026902163775255106,0.6330735509688942,-0.0672699628581304,0.04139008101717265,0.3312767757010202
"CAR[-1,+1]",M4b_interaction_ESG,firm_year_FE,HC3,ESG_sentiment,61,6,0.056413245318900206,0.09238674321253891,0.5448211068600849,-0.1301655677244688,0.24299205836226923,0.3312767757010202
"CAR[-1,+1]",M4b_interaction_ESG,firm_year_FE,HC3,Specificity_mean:ESG_sentiment,61,6,-0.029626877087257038,0.07434225412994312,0.6923147970316429,-0.17976410513764174,0.12051035096312768,0.3312767757010202
"CAR[-1,+1]",M4b_interaction_ESG,firm_year_FE,firm_cluster_CR1,Specificity_mean,61,6,-0.01293994092047888,0.029059151973191977,0.6747229429778274,-0.08763886914176135,0.061758987300803585,0.3312767757010202
"CAR[-1,+1]",M4b_interaction_ESG,firm_year_FE,firm_cluster_CR1,ESG_sentiment,61,6,0.056413245318900206,0.0856834962850743,0.5393904775134256,-0.16384319384532342,0.27666968448312385,0.3312767757010202
"CAR[-1,+1]",M4b_interaction_ESG,firm_year_FE,firm_cluster_CR1,Specificity_mean:ESG_sentiment,61,6,-0.029626877087257038,0.07728477818724885,0.7172204542661861,-0.2282937240665806,0.16903996989206654,0.3312767757010202
"|CAR|[-1,+1]",M1_specificity,pooled,HC3,Specificity_mean,62,7,-0.001586194010956616,0.006678150749764398,0.8130626375798441,-0.014944484410793239,0.011772096388880006,0.0004063987798529345
"|CAR|[-1,+1]",M1_specificity,pooled,firm_cluster_CR1,Specificity_mean,62,7,-0.001586194010956616,0.011953751401696322,0.8987735136777718,-0.03083596998140825,0.027663581959495018,0.0004063987798529345
"|CAR|[-1,+1]",M1_specificity,firm_FE,HC3,Specificity_mean,61,6,0.008786174431280259,0.012063956060650027,0.4695767957731538,-0.015400601208327758,0.032972950070888275,0.07101442107928713
"|CAR|[-1,+1]",M1_specificity,firm_FE,firm_cluster_CR1,Specificity_mean,61,6,0.008786174431280259,0.019595509966980357,0.6726434986051353,-0.04158568754986981,0.05915803641243032,0.07101442107928713
"|CAR|[-1,+1]",M1_specificity,firm_year_FE,HC3,Specificity_mean,61,6,0.010715535701744118,0.015366302870496848,0.4893435348018817,-0.020273567428158994,0.04170463883164723,0.3809351655270373
"|CAR|[-1,+1]",M1_specificity,firm_year_FE,firm_cluster_CR1,Specificity_mean,61,6,0.010715535701744118,0.015096203175559176,0.5095399900738102,-0.028090489968423546,0.049521561371911785,0.3809351655270373
"|CAR|[-1,+1]",M2_overall_sentiment,pooled,HC3,Overall_sentiment,62,7,0.015639350337428016,0.01708747284288833,0.3637229592411104,-0.01854068437392933,0.04981938504878536,0.024382768337562144
"|CAR|[-1,+1]",M2_overall_sentiment,pooled,firm_cluster_CR1,Overall_sentiment,62,7,0.015639350337428016,0.014782304735787842,0.3307886423818288,-0.020531646307807804,0.05181034698266383,0.024382768337562144
"|CAR|[-1,+1]",M2_overall_sentiment,firm_FE,HC3,Overall_sentiment,61,6,0.024904633499064577,0.027168159247197766,0.3633838597244293,-0.029564246273837046,0.0793735132719662,0.08625198385035315
"|CAR|[-1,+1]",M2_overall_sentiment,firm_FE,firm_cluster_CR1,Overall_sentiment,61,6,0.024904633499064577,0.023963086914481017,0.346291943290866,-0.036694442449074584,0.08650370944720373,0.08625198385035315
"|CAR|[-1,+1]",M2_overall_sentiment,firm_year_FE,HC3,Overall_sentiment,61,6,0.024292626560504918,0.03185314048191439,0.4498389609726599,-0.03994535337027985,0.08853060649128969,0.38557326603965836
"|CAR|[-1,+1]",M2_overall_sentiment,firm_year_FE,firm_cluster_CR1,Overall_sentiment,61,6,0.024292626560504918,0.03096091731161398,0.468201700180288,-0.05529494509536789,0.10388019821637773,0.38557326603965836
"|CAR|[-1,+1]",M2b_ESG_sentiment,pooled,HC3,ESG_sentiment,62,7,0.010177079112723544,0.009623970818684493,0.2945353152452239,-0.009073728755019841,0.02942788698046693,0.017060231709126517
"|CAR|[-1,+1]",M2b_ESG_sentiment,pooled,firm_cluster_CR1,ESG_sentiment,62,7,0.010177079112723544,0.005686976309850995,0.1237314324129547,-0.0037384506170315968,0.024092608842478686,0.017060231709126517
"|CAR|[-1,+1]",M2b_ESG_sentiment,firm_FE,HC3,ESG_sentiment,61,6,0.009831310982835439,0.013756247935636847,0.4778853444803997,-0.01774830558650258,0.03741092755217346,0.06798594995006169
"|CAR|[-1,+1]",M2b_ESG_sentiment,firm_FE,firm_cluster_CR1,ESG_sentiment,61,6,0.009831310982835439,0.00744255045955499,0.24373803593914817,-0.009300374039303323,0.0289629960049742,0.06798594995006169
"|CAR|[-1,+1]",M2b_ESG_sentiment,firm_year_FE,HC3,ESG_sentiment,61,6,0.0032556287348048784,0.014274233118892594,0.8206672546557877,-0.02553110584602527,0.03204236331563502,0.36879605286509776
"|CAR|[-1,+1]",M2b_ESG_sentiment,firm_year_FE,firm_cluster_CR1,ESG_sentiment,61,6,0.0032556287348048784,0.006116558313332926,0.6173360151643338,-0.012467484962059036,0.01897874243166879,0.36879605286509776
"|CAR|[-1,+1]",M3_specificity_overall,pooled,HC3,Specificity_mean,62,7,-0.0029613519300076604,0.006719744754459071,0.6610450111639875,-0.016407530125613138,0.010484826265597817,0.0257824310824305
"|CAR|[-1,+1]",M3_specificity_overall,pooled,HC3,Overall_sentiment,62,7,0.016050452262550183,0.01715526801911114,0.35329344883500163,-0.01827715975355667,0.050378064278657035,0.0257824310824305
"|CAR|[-1,+1]",M3_specificity_overall,pooled,firm_cluster_CR1,Specificity_mean,62,7,-0.0029613519300076604,0.012032392509591091,0.8137965113104885,-0.03240355575935418,0.026480851899338853,0.0257824310824305
"|CAR|[-1,+1]",M3_specificity_overall,pooled,firm_cluster_CR1,Overall_sentiment,62,7,0.016050452262550183,0.01305969347387106,0.26507934761867646,-0.015905466470985653,0.04800637099608602,0.0257824310824305
"|CAR|[-1,+1]",M3_specificity_overall,firm_FE,HC3,Specificity_mean,61,6,0.006655544488745817,0.011427761349526808,0.5627658962385658,-0.016265642073515902,0.029576731051007537,0.0918897182158771
"|CAR|[-1,+1]",M3_specificity_overall,firm_FE,HC3,Overall_sentiment,61,6,0.02292281310977564,0.026406625619079326,0.3892694540599514,-0.030042170475550953,0.07588779669510223,0.0918897182158771
"|CAR|[-1,+1]",M3_specificity_overall,firm_FE,firm_cluster_CR1,Specificity_mean,61,6,0.006655544488745817,0.01801585558100739,0.7269387909187763,-0.0396556866212389,0.05296677559873053,0.0918897182158771
"|CAR|[-1,+1]",M3_specificity_overall,firm_FE,firm_cluster_CR1,Overall_sentiment,61,6,0.02292281310977564,0.01949410159093517,0.2925758031796528,-0.027188370341931285,0.07303399656148257,0.0918897182158771
"|CAR|[-1,+1]",M3_specificity_overall,firm_year_FE,HC3,Specificity_mean,61,6,0.007922468873494293,0.015301751641719348,0.6073498822432295,-0.022957716135731616,0.0388026538827202,0.392011046707726
"|CAR|[-1,+1]",M3_specificity_overall,firm_year_FE,HC3,Overall_sentiment,61,6,0.020161239362049607,0.03188737250944374,0.5306414066375059,-0.044190083650214665,0.08451256237431388,0.392011046707726
"|CAR|[-1,+1]",M3_specificity_overall,firm_year_FE,firm_cluster_CR1,Specificity_mean,61,6,0.007922468873494293,0.014128011990367104,0.5991565019859706,-0.02839474212259544,0.04423967986958403,0.392011046707726
"|CAR|[-1,+1]",M3_specificity_overall,firm_year_FE,firm_cluster_CR1,Overall_sentiment,61,6,0.020161239362049607,0.03026171222533813,0.5347664625548078,-0.057628968399657976,0.0979514471237572,0.392011046707726
"|CAR|[-1,+1]",M3b_specificity_ESG,pooled,HC3,Specificity_mean,62,7,-0.0024841915838147667,0.00704103946297474,0.7254837349127944,-0.016573279006164315,0.01160489583853478,0.018049731050926332
"|CAR|[-1,+1]",M3b_specificity_ESG,pooled,HC3,ESG_sentiment,62,7,0.010387671753668165,0.009880284838037589,0.2973834525676243,-0.009382732541440631,0.03015807604877696,0.018049731050926332
"|CAR|[-1,+1]",M3b_specificity_ESG,pooled,firm_cluster_CR1,Specificity_mean,62,7,-0.0024841915838147667,0.013063088217127147,0.8554477055765314,-0.03444841695485552,0.029480033787225985,0.018049731050926332
"|CAR|[-1,+1]",M3b_specificity_ESG,pooled,firm_cluster_CR1,ESG_sentiment,62,7,0.010387671753668165,0.004487711209833527,0.05988265097340977,-0.0005933619901896652,0.021368705497525994,0.018049731050926332
"|CAR|[-1,+1]",M3b_specificity_ESG,firm_FE,HC3,Specificity_mean,61,6,0.007722730874649163,0.012338597436393664,0.5340666494678141,-0.01702536152123675,0.032470823270535076,0.07554570313838693
"|CAR|[-1,+1]",M3b_specificity_ESG,firm_FE,HC3,ESG_sentiment,61,6,0.00799464821472659,0.013104986432874853,0.5444380612716047,-0.018290625841707146,0.03427992227116033,0.07554570313838693
"|CAR|[-1,+1]",M3b_specificity_ESG,firm_FE,firm_cluster_CR1,Specificity_mean,61,6,0.007722730874649163,0.020443079139197545,0.7211086343234248,-0.044827877025047716,0.06027333877434604,0.07554570313838693
"|CAR|[-1,+1]",M3b_specificity_ESG,firm_FE,firm_cluster_CR1,ESG_sentiment,61,6,0.00799464821472659,0.007016832890145794,0.3061800915036117,-0.010042694956377649,0.02603199138583083,0.07554570313838693
"|CAR|[-1,+1]",M3b_specificity_ESG,firm_year_FE,HC3,Specificity_mean,61,6,0.010749239985427886,0.015979219635645706,0.504821918828333,-0.02149813078658592,0.04299661075744169,0.3809375753358202
"|CAR|[-1,+1]",M3b_specificity_ESG,firm_year_FE,HC3,ESG_sentiment,61,6,-0.00022000691730708188,0.014727563753506007,0.9881520256086213,-0.029941433855349683,0.029501420020735518,0.3809375753358202
"|CAR|[-1,+1]",M3b_specificity_ESG,firm_year_FE,firm_cluster_CR1,Specificity_mean,61,6,0.010749239985427886,0.01539834663567528,0.516252347440465,-0.02883347017507054,0.05033195014592631,0.3809375753358202
"|CAR|[-1,+1]",M3b_specificity_ESG,firm_year_FE,firm_cluster_CR1,ESG_sentiment,61,6,-0.00022000691730708188,0.008301276647606187,0.9798815601885743,-0.021559117880235467,0.0211191040456213,0.3809375753358202
"|CAR|[-1,+1]",M4_interaction_overall,pooled,HC3,Specificity_mean,62,7,-0.007048238168811936,0.019111593747754282,0.7136242187576786,-0.045304249523572454,0.031207773185948584,0.0262205539389333
"|CAR|[-1,+1]",M4_interaction_overall,pooled,HC3,Overall_sentiment,62,7,0.0036999359738678394,0.054761632432701976,0.9463647867873834,-0.10591738112700651,0.11331725307474218,0.0262205539389333
"|CAR|[-1,+1]",M4_interaction_overall,pooled,HC3,Specificity_mean:Overall_sentiment,62,7,0.008992092119805888,0.045637165630535534,0.8444894546108254,-0.08236062024966911,0.1003448044892809,0.0262205539389333
"|CAR|[-1,+1]",M4_interaction_overall,pooled,firm_cluster_CR1,Specificity_mean,62,7,-0.007048238168811936,0.02202452560321835,0.7598055453126691,-0.060940310883172935,0.046843834545549065,0.0262205539389333
"|CAR|[-1,+1]",M4_interaction_overall,pooled,firm_cluster_CR1,Overall_sentiment,62,7,0.0036999359738678394,0.08618030280841647,0.967148422748368,-0.20717566830330936,0.21457554025104503,0.0262205539389333
"|CAR|[-1,+1]",M4_interaction_overall,pooled,firm_cluster_CR1,Specificity_mean:Overall_sentiment,62,7,0.008992092119805888,0.07215518313558639,0.9048935515885483,-0.16756528061619677,0.18554946485580856,0.0262205539389333
"|CAR|[-1,+1]",M4_interaction_overall,firm_FE,HC3,Specificity_mean,61,6,-0.008624840864440377,0.027476275388420714,0.7548517827936293,-0.06376002108760989,0.04651033935872914,0.09780461071626956
"|CAR|[-1,+1]",M4_interaction_overall,firm_FE,HC3,Overall_sentiment,61,6,-0.023178507647751954,0.08460588029741103,0.7852017810214551,-0.19295262703598343,0.14659561174047953,0.09780461071626956
"|CAR|[-1,+1]",M4_interaction_overall,firm_FE,HC3,Specificity_mean:Overall_sentiment,61,6,0.03443468984055449,0.07331132126540278,0.6405296284022666,-0.11267523875151698,0.18154461843262598,0.09780461071626956
"|CAR|[-1,+1]",M4_interaction_overall,firm_FE,firm_cluster_CR1,Specificity_mean,61,6,-0.008624840864440377,0.026533742459645872,0.7583022934731519,-0.07683199726265809,0.05958231553377734,0.09780461071626956
"|CAR|[-1,+1]",M4_interaction_overall,firm_FE,firm_cluster_CR1,Overall_sentiment,61,6,-0.023178507647751954,0.11178750825171833,0.8439211129492432,-0.3105374458106638,0.2641804305151598,0.09780461071626956
"|CAR|[-1,+1]",M4_interaction_overall,firm_FE,firm_cluster_CR1,Specificity_mean:Overall_sentiment,61,6,0.03443468984055449,0.09736810953235331,0.7380211777572447,-0.21585800389356002,0.284727383574669,0.09780461071626956
"|CAR|[-1,+1]",M4_interaction_overall,firm_year_FE,HC3,Specificity_mean,61,6,-0.004137472341446845,0.03869241147130168,0.9153641463150279,-0.08227838255291646,0.07400343787002277,0.39480734395689665
"|CAR|[-1,+1]",M4_interaction_overall,firm_year_FE,HC3,Overall_sentiment,61,6,-0.014589915552558466,0.10891868435998976,0.8940956182263567,-0.23455566106413012,0.20537582995901316,0.39480734395689665
"|CAR|[-1,+1]",M4_interaction_overall,firm_year_FE,HC3,Specificity_mean:Overall_sentiment,61,6,0.026286235615817076,0.08656075087524193,0.7629121616117455,-0.14852674720890316,0.20109921844053733,0.39480734395689665
"|CAR|[-1,+1]",M4_interaction_overall,firm_year_FE,firm_cluster_CR1,Specificity_mean,61,6,-0.004137472341446845,0.014399092322737998,0.7853780761918203,-0.04115151751592745,0.03287657283303376,0.39480734395689665
"|CAR|[-1,+1]",M4_interaction_overall,firm_year_FE,firm_cluster_CR1,Overall_sentiment,61,6,-0.014589915552558466,0.07011418655117317,0.8433709431374065,-0.1948241699214202,0.16564433881630325,0.39480734395689665
"|CAR|[-1,+1]",M4_interaction_overall,firm_year_FE,firm_cluster_CR1,Specificity_mean:Overall_sentiment,61,6,0.026286235615817076,0.058322715674893943,0.671075281582617,-0.12363707790304665,0.17620954913468082,0.39480734395689665
"|CAR|[-1,+1]",M4b_interaction_ESG,pooled,HC3,Specificity_mean,62,7,-0.0035941850828644165,0.011617936296513412,0.7581524295626466,-0.02685001129728086,0.019661641131552027,0.018141249865851417
"|CAR|[-1,+1]",M4b_interaction_ESG,pooled,HC3,ESG_sentiment,62,7,0.006438487874449119,0.04624329625159453,0.889750158856255,-0.0861275267568755,0.09900450250577374,0.018141249865851417
"|CAR|[-1,+1]",M4b_interaction_ESG,pooled,HC3,Specificity_mean:ESG_sentiment,62,7,0.003021725804970234,0.03656432079282959,0.9344212517352855,-0.07016971442193194,0.0762131660318724,0.018141249865851417
"|CAR|[-1,+1]",M4b_interaction_ESG,pooled,firm_cluster_CR1,Specificity_mean,62,7,-0.0035941850828644165,0.01088765975759837,0.7525342319043926,-0.03023532877496614,0.023046958609237306,0.018141249865851417
"|CAR|[-1,+1]",M4b_interaction_ESG,pooled,firm_cluster_CR1,ESG_sentiment,62,7,0.006438487874449119,0.07238725223331806,0.9320201753677956,-0.1706867374870777,0.18356371323597592,0.018141249865851417
"|CAR|[-1,+1]",M4b_interaction_ESG,pooled,firm_cluster_CR1,Specificity_mean:ESG_sentiment,62,7,0.003021725804970234,0.05835682999562563,0.9603847255009125,-0.1397722931065789,0.14581574471651937,0.018141249865851417
"|CAR|[-1,+1]",M4b_interaction_ESG,firm_FE,HC3,Specificity_mean,61,6,0.001977284899307692,0.012993947333592944,0.8796419881533725,-0.02409697800278643,0.02805154780140181,0.07751776450368542
"|CAR|[-1,+1]",M4b_interaction_ESG,firm_FE,HC3,ESG_sentiment,61,6,-0.011320656975394108,0.06785483795706662,0.8681458531957847,-0.1474813507699204,0.12484003681913217,0.07751776450368542
"|CAR|[-1,+1]",M4b_interaction_ESG,firm_FE,HC3,Specificity_mean:ESG_sentiment,61,6,0.015827093482948723,0.05515552951992179,0.7752879761524636,-0.09485057360968795,0.1265047605755854,0.07751776450368542
"|CAR|[-1,+1]",M4b_interaction_ESG,firm_FE,firm_cluster_CR1,Specificity_mean,61,6,0.001977284899307692,0.01036749016657476,0.8562472838390436,-0.024673197004027494,0.028627766802642875,0.07751776450368542
"|CAR|[-1,+1]",M4b_interaction_ESG,firm_FE,firm_cluster_CR1,ESG_sentiment,61,6,-0.011320656975394108,0.09151488001568746,0.906369474765501,-0.24656714523415707,0.22392583128336885,0.07751776450368542
"|CAR|[-1,+1]",M4b_interaction_ESG,firm_FE,firm_cluster_CR1,Specificity_mean:ESG_sentiment,61,6,0.015827093482948723,0.07687286494868309,0.844999974817867,-0.18178089680745957,0.21343508377335701,0.07751776450368542
"|CAR|[-1,+1]",M4b_interaction_ESG,firm_year_FE,HC3,Specificity_mean,61,6,0.013571390080906204,0.017568446236201553,0.4442566927904614,-0.021908806880099416,0.04905158704191183,0.3813192168045325
"|CAR|[-1,+1]",M4b_interaction_ESG,firm_year_FE,HC3,ESG_sentiment,61,6,0.00874304708314644,0.06358150342670572,0.8913013458866152,-0.1196624040493445,0.13714849821563738,0.3813192168045325
"|CAR|[-1,+1]",M4b_interaction_ESG,firm_year_FE,HC3,Specificity_mean:ESG_sentiment,61,6,-0.007392573605119492,0.050345918755221625,0.8839814327684948,-0.10906821922580244,0.09428307201556345,0.3813192168045325
"|CAR|[-1,+1]",M4b_interaction_ESG,firm_year_FE,firm_cluster_CR1,Specificity_mean,61,6,0.013571390080906204,0.011007847653607945,0.27242030883282226,-0.014725183146910206,0.04186796330872261,0.3813192168045325
"|CAR|[-1,+1]",M4b_interaction_ESG,firm_year_FE,firm_cluster_CR1,ESG_sentiment,61,6,0.00874304708314644,0.05957221277091697,0.8890524663326168,-0.1443922009744344,0.16187829514072727,0.3813192168045325
"|CAR|[-1,+1]",M4b_interaction_ESG,firm_year_FE,firm_cluster_CR1,Specificity_mean:ESG_sentiment,61,6,-0.007392573605119492,0.04810163789781969,0.8838672162974639,-0.13104177024961014,0.11625662303937116,0.3813192168045325
"CAR[-2,+2]",M1_specificity,pooled,HC3,Specificity_mean,62,7,-0.015234378725101264,0.010746653772408498,0.1614821383618323,-0.03673088685999132,0.006262129409788788,0.015716015972132125
"CAR[-2,+2]",M1_specificity,pooled,firm_cluster_CR1,Specificity_mean,62,7,-0.015234378725101264,0.005795305747611605,0.039125312282686224,-0.02941498103994071,-0.0010537764102618152,0.015716015972132125
"CAR[-2,+2]",M1_specificity,firm_FE,HC3,Specificity_mean,61,6,-0.030625558514335197,0.01873757411322552,0.107982328626197,-0.06819213276482973,0.006941015736159337,0.13274669886477053
"CAR[-2,+2]",M1_specificity,firm_FE,firm_cluster_CR1,Specificity_mean,61,6,-0.030625558514335197,0.01402166753148547,0.08068859921143644,-0.06666940237610322,0.005418285347432834,0.13274669886477053
"CAR[-2,+2]",M1_specificity,firm_year_FE,HC3,Specificity_mean,61,6,-0.03408875982679416,0.028430522501612057,0.23708615673214972,-0.09142437277576632,0.023246853122177995,0.25462731504046043
"CAR[-2,+2]",M1_specificity,firm_year_FE,firm_cluster_CR1,Specificity_mean,61,6,-0.03408875982679416,0.014243950075130653,0.062140427403168476,-0.07070399915763553,0.0025264795040472188,0.25462731504046043
"CAR[-2,+2]",M2_overall_sentiment,pooled,HC3,Overall_sentiment,62,7,-0.02483984500604114,0.02638956266157367,0.35033820167309415,-0.07762682972189579,0.02794713970981351,0.025786745897057872
"CAR[-2,+2]",M2_overall_sentiment,pooled,firm_cluster_CR1,Overall_sentiment,62,7,-0.02483984500604114,0.026695137819681095,0.38801826082865704,-0.09016049410496735,0.04048080409288507,0.025786745897057872
"CAR[-2,+2]",M2_overall_sentiment,firm_FE,HC3,Overall_sentiment,61,6,-0.04632846141757331,0.04363554514412223,0.29309102353287536,-0.13381246210581887,0.04115553927067227,0.11829057996240677
"CAR[-2,+2]",M2_overall_sentiment,firm_FE,firm_cluster_CR1,Overall_sentiment,61,6,-0.04632846141757331,0.03778628884494549,0.2747637391368622,-0.1434612091584973,0.05080428632335067,0.11829057996240677
"CAR[-2,+2]",M2_overall_sentiment,firm_year_FE,HC3,Overall_sentiment,61,6,-0.06364701286969207,0.057609826257397356,0.27539241557264105,-0.17982830008185557,0.052534274342471446,0.25071481631848125
"CAR[-2,+2]",M2_overall_sentiment,firm_year_FE,firm_cluster_CR1,Overall_sentiment,61,6,-0.06364701286969207,0.0466899611369954,0.23099953444562044,-0.1836673788750179,0.05637335313563377,0.25071481631848125
"CAR[-2,+2]",M2b_ESG_sentiment,pooled,HC3,ESG_sentiment,62,7,-0.0007830564555136893,0.014420251469114598,0.9568745265927101,-0.029627854062081554,0.028061741151054174,4.2342642186277146e-05
"CAR[-2,+2]",M2b_ESG_sentiment,pooled,firm_cluster_CR1,ESG_sentiment,62,7,-0.0007830564555136893,0.012664042772730586,0.952704083586055,-0.03177085279951508,0.0302047398884877,4.2342642186277146e-05
"CAR[-2,+2]",M2b_ESG_sentiment,firm_FE,HC3,ESG_sentiment,61,6,0.0036324290109417245,0.020243172951443497,0.8582640765743514,-0.03695268916661603,0.04421754718849948,0.08254400924550909
"CAR[-2,+2]",M2b_ESG_sentiment,firm_FE,firm_cluster_CR1,ESG_sentiment,61,6,0.0036324290109417245,0.013112630494744112,0.7928540425284325,-0.03007466075625831,0.03733951877814176,0.08254400924550909
"CAR[-2,+2]",M2b_ESG_sentiment,firm_year_FE,HC3,ESG_sentiment,61,6,-0.0004895046494025959,0.027407783110213094,0.9858331071796094,-0.05576256704589745,0.05478355774709226,0.2016824517840251
"CAR[-2,+2]",M2b_ESG_sentiment,firm_year_FE,firm_cluster_CR1,ESG_sentiment,61,6,-0.0004895046494025959,0.012614936436528746,0.9705486741841348,-0.03291723111085009,0.0319382218120449,0.2016824517840251
"CAR[-2,+2]",M3_specificity_overall,pooled,HC3,Specificity_mean,62,7,-0.013263930228842561,0.010312218368626091,0.2033859636456191,-0.0338986315223003,0.007370771064615174,0.03755849500719899
"CAR[-2,+2]",M3_specificity_overall,pooled,HC3,Overall_sentiment,62,7,-0.022998514633750994,0.026165010836936304,0.3829781437388574,-0.07535458038608996,0.02935755111858797,0.03755849500719899
"CAR[-2,+2]",M3_specificity_overall,pooled,firm_cluster_CR1,Specificity_mean,62,7,-0.013263930228842561,0.006212642347030645,0.07667903507848507,-0.028465718414717005,0.0019378579570318803,0.03755849500719899
"CAR[-2,+2]",M3_specificity_overall,pooled,firm_cluster_CR1,Overall_sentiment,62,7,-0.022998514633750994,0.028202972078788136,0.4459623169921033,-0.09200870125084863,0.046011671983346644,0.03755849500719899
"CAR[-2,+2]",M3_specificity_overall,firm_FE,HC3,Specificity_mean,61,6,-0.027068600827045222,0.017938661119460318,0.1372494883908281,-0.06304899852876711,0.008911796874676664,0.15672601153703725
"CAR[-2,+2]",M3_specificity_overall,firm_FE,HC3,Overall_sentiment,61,6,-0.03826824859512543,0.04414011596285473,0.3898655638109696,-0.12680210942048764,0.05026561223023677,0.15672601153703725
"CAR[-2,+2]",M3_specificity_overall,firm_FE,firm_cluster_CR1,Specificity_mean,61,6,-0.027068600827045222,0.012701999891913325,0.08628930122912501,-0.059720131025452046,0.0055829293713616016,0.15672601153703725
"CAR[-2,+2]",M3_specificity_overall,firm_FE,firm_cluster_CR1,Overall_sentiment,61,6,-0.03826824859512543,0.035575422088648286,0.33120786854810624,-0.12971778241129964,0.053181285221048764,0.15672601153703725
"CAR[-2,+2]",M3_specificity_overall,firm_year_FE,HC3,Specificity_mean,61,6,-0.027239184797648947,0.028177934185080626,0.3392352622881312,-0.08410455819978252,0.02962618860448462,0.28208131365805644
"CAR[-2,+2]",M3_specificity_overall,firm_year_FE,HC3,Overall_sentiment,61,6,-0.04944239797421816,0.05960274107653036,0.4114933533667877,-0.16972559917858937,0.07084080323015307,0.28208131365805644
"CAR[-2,+2]",M3_specificity_overall,firm_year_FE,firm_cluster_CR1,Specificity_mean,61,6,-0.027239184797648947,0.010785689907360896,0.052819467833987055,-0.05496468335831679,0.0004863137630188967,0.28208131365805644
"CAR[-2,+2]",M3_specificity_overall,firm_year_FE,firm_cluster_CR1,Overall_sentiment,61,6,-0.04944239797421816,0.04624184275747681,0.3338514590067763,-0.16831083901293872,0.0694260430645024,0.28208131365805644
"CAR[-2,+2]",M3b_specificity_ESG,pooled,HC3,Specificity_mean,62,7,-0.015278654357254028,0.010576612988376189,0.15386885356563398,-0.03644240806282312,0.005885099348315059,0.01573399693774702
"CAR[-2,+2]",M3b_specificity_ESG,pooled,HC3,ESG_sentiment,62,7,0.0005121625574390333,0.014174590372270996,0.9712987286066146,-0.02785112726376968,0.028875452378647744,0.01573399693774702
"CAR[-2,+2]",M3b_specificity_ESG,pooled,firm_cluster_CR1,Specificity_mean,62,7,-0.015278654357254028,0.005183453598857653,0.02569346013769324,-0.027962108398158908,-0.0025952003163491454,0.01573399693774702
"CAR[-2,+2]",M3b_specificity_ESG,pooled,firm_cluster_CR1,ESG_sentiment,62,7,0.0005121625574390333,0.01460261665694503,0.9731589856848356,-0.03521915319816683,0.036243478313044905,0.01573399693774702
"CAR[-2,+2]",M3b_specificity_ESG,firm_FE,HC3,Specificity_mean,61,6,-0.032125031009710925,0.01831339248849748,0.08517977745544177,-0.06885704465419909,0.004606982634777233,0.13645975858947434
"CAR[-2,+2]",M3b_specificity_ESG,firm_FE,HC3,ESG_sentiment,61,6,0.011272582389012024,0.017317808062680375,0.5179076011183787,-0.02346254178039264,0.04600770655841668,0.13645975858947434
"CAR[-2,+2]",M3b_specificity_ESG,firm_FE,firm_cluster_CR1,Specificity_mean,61,6,-0.032125031009710925,0.01158009196924471,0.03917186426574206,-0.06189260508084933,-0.0023574569385725157,0.13645975858947434
"CAR[-2,+2]",M3b_specificity_ESG,firm_FE,firm_cluster_CR1,ESG_sentiment,61,6,0.011272582389012024,0.014372914762953146,0.4683779791801792,-0.025674171225784356,0.0482193360038084,0.13645975858947434
"CAR[-2,+2]",M3b_specificity_ESG,firm_year_FE,HC3,Specificity_mean,61,6,-0.035786421601353605,0.029468058748295285,0.23137378490832142,-0.09525537177886731,0.0236825285761601,0.2571471809934369
"CAR[-2,+2]",M3b_specificity_ESG,firm_year_FE,HC3,ESG_sentiment,61,6,0.011081598326043942,0.028842357151407223,0.7027592840406276,-0.04712463490736568,0.06928783155945356,0.2571471809934369
"CAR[-2,+2]",M3b_specificity_ESG,firm_year_FE,firm_cluster_CR1,Specificity_mean,61,6,-0.035786421601353605,0.012392511691400586,0.03427681672053276,-0.06764238705317861,-0.003930456149528597,0.2571471809934369
"CAR[-2,+2]",M3b_specificity_ESG,firm_year_FE,firm_cluster_CR1,ESG_sentiment,61,6,0.011081598326043942,0.01627476141323036,0.5261791562706245,-0.030754007742120816,0.052917204394208696,0.2571471809934369
"CAR[-2,+2]",M4_interaction_overall,pooled,HC3,Specificity_mean,62,7,0.0039564661592866235,0.030581834423526126,0.8975100593474157,-0.05725972650352026,0.0651726588220935,0.040819491130328234
"CAR[-2,+2]",M4_interaction_overall,pooled,HC3,Overall_sentiment,62,7,0.02904129603428017,0.08764800053519345,0.741581839209734,-0.1464052390873875,0.20448783115594787,0.040819491130328234
"CAR[-2,+2]",M4_interaction_overall,pooled,HC3,Specificity_mean:Overall_sentiment,62,7,-0.0378888429023009,0.07766493109966978,0.6274951724092683,-0.19335209338944498,0.11757440758484317,0.040819491130328234
"CAR[-2,+2]",M4_interaction_overall,pooled,firm_cluster_CR1,Specificity_mean,62,7,0.0039564661592866235,0.031746112289955074,0.9048883940566996,-0.07372347223078372,0.08163640454935696,0.040819491130328234
"CAR[-2,+2]",M4_interaction_overall,pooled,firm_cluster_CR1,Overall_sentiment,62,7,0.02904129603428017,0.07438904918323998,0.7097263782663312,-0.15298215000759646,0.21106474207615677,0.040819491130328234
"CAR[-2,+2]",M4_interaction_overall,pooled,firm_cluster_CR1,Specificity_mean:Overall_sentiment,62,7,-0.0378888429023009,0.0732054942261976,0.6232802910369498,-0.21701623429330916,0.14123854848870734,0.040819491130328234
"CAR[-2,+2]",M4_interaction_overall,firm_FE,HC3,Specificity_mean,61,6,0.00893249605584584,0.04974289230918658,0.8581854762513128,-0.09088391987091102,0.1087489119826027,0.17025833678473057
"CAR[-2,+2]",M4_interaction_overall,firm_FE,HC3,Overall_sentiment,61,6,0.07034799874806838,0.1554302866553376,0.6527183323434731,-0.24154568937868712,0.38224168687482385,0.17025833678473057
"CAR[-2,+2]",M4_interaction_overall,firm_FE,HC3,Specificity_mean:Overall_sentiment,61,6,-0.08112927628645261,0.12691454306854025,0.5254707435654935,-0.3358019386508029,0.17354338607789765,0.17025833678473057
"CAR[-2,+2]",M4_interaction_overall,firm_FE,firm_cluster_CR1,Specificity_mean,61,6,0.00893249605584584,0.038980529904790485,0.8278285442466521,-0.09127014606088674,0.10913513817257842,0.17025833678473057
"CAR[-2,+2]",M4_interaction_overall,firm_FE,firm_cluster_CR1,Overall_sentiment,61,6,0.07034799874806838,0.10509612652621143,0.532922208377492,-0.19981019509594658,0.34050619259208337,0.17025833678473057
"CAR[-2,+2]",M4_interaction_overall,firm_FE,firm_cluster_CR1,Specificity_mean:Overall_sentiment,61,6,-0.08112927628645261,0.09812089140756654,0.4459839058635993,-0.3333570574351865,0.1710985048622813,0.17025833678473057
"CAR[-2,+2]",M4_interaction_overall,firm_year_FE,HC3,Specificity_mean,61,6,0.02006613564264037,0.07019731380740869,0.7764297867796603,-0.12170021560635158,0.16183248689163232,0.2998140456346481
"CAR[-2,+2]",M4_interaction_overall,firm_year_FE,HC3,Overall_sentiment,61,6,0.08686958643819434,0.22020276504532804,0.6952579553915167,-0.35783891937532175,0.5315780922517104,0.2998140456346481
"CAR[-2,+2]",M4_interaction_overall,firm_year_FE,HC3,Specificity_mean:Overall_sentiment,61,6,-0.10310819736290405,0.15957442425492016,0.5217860329003106,-0.42537528498030935,0.21915889025450125,0.2998140456346481
"CAR[-2,+2]",M4_interaction_overall,firm_year_FE,firm_cluster_CR1,Specificity_mean,61,6,0.02006613564264037,0.03240105863074337,0.5628405050804361,-0.06322343712893577,0.10335570841421651,0.2998140456346481
"CAR[-2,+2]",M4_interaction_overall,firm_year_FE,firm_cluster_CR1,Overall_sentiment,61,6,0.08686958643819434,0.08626526196293402,0.3601503412494302,-0.13488232901013214,0.3086215018865208,0.2998140456346481
"CAR[-2,+2]",M4_interaction_overall,firm_year_FE,firm_cluster_CR1,Specificity_mean:Overall_sentiment,61,6,-0.10310819736290405,0.0738846141501669,0.22166548311904205,-0.2930346444303209,0.0868182497045128,0.2998140456346481
"CAR[-2,+2]",M4b_interaction_ESG,pooled,HC3,Specificity_mean,62,7,-0.021501935592539836,0.020921982728751835,0.3083487025815112,-0.06338183422366703,0.02037796303858736,0.0169400364997363
"CAR[-2,+2]",M4b_interaction_ESG,pooled,HC3,ESG_sentiment,62,7,-0.021629302191029626,0.05660664169579577,0.7037849268850401,-0.13493980659224875,0.09168120221018948,0.0169400364997363
"CAR[-2,+2]",M4b_interaction_ESG,pooled,HC3,Specificity_mean:ESG_sentiment,62,7,0.016941585258247613,0.05219066824619319,0.7466445538916174,-0.08752938787938086,0.12141255839587609,0.0169400364997363
"CAR[-2,+2]",M4b_interaction_ESG,pooled,firm_cluster_CR1,Specificity_mean,62,7,-0.021501935592539836,0.018765116612047106,0.295495024027159,-0.06741852181867541,0.02441465063359574,0.0169400364997363
"CAR[-2,+2]",M4b_interaction_ESG,pooled,firm_cluster_CR1,ESG_sentiment,62,7,-0.021629302191029626,0.061082255734093156,0.7353747447216056,-0.1710921976414505,0.12783359325939125,0.0169400364997363
"CAR[-2,+2]",M4b_interaction_ESG,pooled,firm_cluster_CR1,Specificity_mean:ESG_sentiment,62,7,0.016941585258247613,0.05625918480899886,0.7734750076568506,-0.12071968078664726,0.1546028513031425,0.0169400364997363
"CAR[-2,+2]",M4b_interaction_ESG,firm_FE,HC3,Specificity_mean,61,6,-0.02824676374029685,0.0231519529419009,0.2279467114476997,-0.07470455614210084,0.01821102866150714,0.13683010754414981
"CAR[-2,+2]",M4b_interaction_ESG,firm_FE,HC3,ESG_sentiment,61,6,0.024310720113932004,0.09471155447597708,0.7984373912007771,-0.1657419180777134,0.21436335830557743,0.13683010754414981
"CAR[-2,+2]",M4b_interaction_ESG,firm_FE,HC3,Specificity_mean:ESG_sentiment,61,6,-0.010683539430762667,0.08266224764568782,0.8976637767315625,-0.17655747456820015,0.1551903957066748,0.13683010754414981
"CAR[-2,+2]",M4b_interaction_ESG,firm_FE,firm_cluster_CR1,Specificity_mean,61,6,-0.02824676374029685,0.020117671457633535,0.21925905455178174,-0.07996088456458876,0.02346735708399506,0.13683010754414981
"CAR[-2,+2]",M4b_interaction_ESG,firm_FE,firm_cluster_CR1,ESG_sentiment,61,6,0.024310720113932004,0.0718960153174611,0.7489953345653165,-0.16050387091576376,0.20912531114362778,0.13683010754414981
"CAR[-2,+2]",M4b_interaction_ESG,firm_FE,firm_cluster_CR1,Specificity_mean:ESG_sentiment,61,6,-0.010683539430762667,0.06914653076399385,0.8832539973949007,-0.18843035540995287,0.16706327654842754,0.13683010754414981
"CAR[-2,+2]",M4b_interaction_ESG,firm_year_FE,HC3,Specificity_mean,61,6,-0.033810787962962816,0.03325322527379647,0.3152269118068586,-0.10096703880271142,0.03334546287678579,0.25722426617254623
"CAR[-2,+2]",M4b_interaction_ESG,firm_year_FE,HC3,ESG_sentiment,61,6,0.01735614446530874,0.1166875859553978,0.8824877595286552,-0.21829921611351677,0.2530115050441343,0.25722426617254623
"CAR[-2,+2]",M4b_interaction_ESG,firm_year_FE,HC3,Specificity_mean:ESG_sentiment,61,6,-0.00517513831456172,0.09728326116777462,0.9578336272948376,-0.2016426699810311,0.19129239335190767,0.25722426617254623
"CAR[-2,+2]",M4b_interaction_ESG,firm_year_FE,firm_cluster_CR1,Specificity_mean,61,6,-0.033810787962962816,0.02782190670585593,0.27851579669120785,-0.10532927597380425,0.037707700047878615,0.25722426617254623
"CAR[-2,+2]",M4b_interaction_ESG,firm_year_FE,firm_cluster_CR1,ESG_sentiment,61,6,0.01735614446530874,0.0749026599391958,0.8259432093690804,-0.17518727261523187,0.20989956154584932,0.25722426617254623
"CAR[-2,+2]",M4b_interaction_ESG,firm_year_FE,firm_cluster_CR1,Specificity_mean:ESG_sentiment,61,6,-0.00517513831456172,0.05933816087107599,0.9338862551596115,-0.15770873680981518,0.1473584601806917,0.25722426617254623
"CAR[0,+1]",M1_specificity,pooled,HC3,Specificity_mean,62,7,-0.009605284669105891,0.006263132894162586,0.13037888101995926,-0.02213341575628518,0.0029228464180733986,0.01860307644823911
"CAR[0,+1]",M1_specificity,pooled,firm_cluster_CR1,Specificity_mean,62,7,-0.009605284669105891,0.007531993114042304,0.24936599525287118,-0.02803540788259838,0.0088248385443866,0.01860307644823911
"CAR[0,+1]",M1_specificity,firm_FE,HC3,Specificity_mean,61,6,-0.01796613854412637,0.011200231971815557,0.11452851301153225,-0.04042125164732105,0.004488974559068316,0.09822522560196423
"CAR[0,+1]",M1_specificity,firm_FE,firm_cluster_CR1,Specificity_mean,61,6,-0.01796613854412637,0.01199563301387226,0.19447147013509403,-0.048801894876545696,0.012869617788292962,0.09822522560196423
"CAR[0,+1]",M1_specificity,firm_year_FE,HC3,Specificity_mean,61,6,-0.015990955740551795,0.015600549646383766,0.3110833700925274,-0.047452462516080325,0.015470551034976736,0.2155959137875456
"CAR[0,+1]",M1_specificity,firm_year_FE,firm_cluster_CR1,Specificity_mean,61,6,-0.015990955740551795,0.013674499955280387,0.2949511019169203,-0.05114237693700516,0.019160465455901568,0.2155959137875456
"CAR[0,+1]",M2_overall_sentiment,pooled,HC3,Overall_sentiment,62,7,-0.007176245963456037,0.01326655657467195,0.5905602170631667,-0.0337133101854013,0.019360818258489225,0.006408623128910773
"CAR[0,+1]",M2_overall_sentiment,pooled,firm_cluster_CR1,Overall_sentiment,62,7,-0.007176245963456037,0.012291336831247581,0.5805939684568553,-0.03725206372225052,0.02289957179533844,0.006408623128910773
"CAR[0,+1]",M2_overall_sentiment,firm_FE,HC3,Overall_sentiment,61,6,-0.0071961743843940214,0.026030242598129572,0.7832544829762325,-0.05938366863589446,0.044991319867106416,0.04785391576494291
"CAR[0,+1]",M2_overall_sentiment,firm_FE,firm_cluster_CR1,Overall_sentiment,61,6,-0.0071961743843940214,0.02805264858647172,0.8077669482099911,-0.07930780328226696,0.06491545451347892,0.04785391576494291
"CAR[0,+1]",M2_overall_sentiment,firm_year_FE,HC3,Overall_sentiment,61,6,-0.003183414754379447,0.03422296046890723,0.9263198470044485,-0.07220059216650684,0.06583376265774796,0.1804890126536195
"CAR[0,+1]",M2_overall_sentiment,firm_year_FE,firm_cluster_CR1,Overall_sentiment,61,6,-0.003183414754379447,0.028239247321322516,0.9146306233721654,-0.07577471097061256,0.06940788146185367,0.1804890126536195
"CAR[0,+1]",M2b_ESG_sentiment,pooled,HC3,ESG_sentiment,62,7,-0.00028998090029911565,0.008275083539428678,0.9721620510608179,-0.016842612481204354,0.016262650680606124,1.7290275687864565e-05
"CAR[0,+1]",M2b_ESG_sentiment,pooled,firm_cluster_CR1,ESG_sentiment,62,7,-0.00028998090029911565,0.004739594256117805,0.9532008549996912,-0.011887350255212443,0.011307388454614212,1.7290275687864565e-05
"CAR[0,+1]",M2b_ESG_sentiment,firm_FE,HC3,ESG_sentiment,61,6,0.004806140810445215,0.014130151643165426,0.7350754157279615,-0.02352310755789358,0.03313538917878401,0.04732084113216173
"CAR[0,+1]",M2b_ESG_sentiment,firm_FE,firm_cluster_CR1,ESG_sentiment,61,6,0.004806140810445215,0.005744264455337918,0.44091174592209287,-0.009959961057537766,0.019572242678428196,0.04732084113216173
"CAR[0,+1]",M2b_ESG_sentiment,firm_year_FE,HC3,ESG_sentiment,61,6,0.01265446097311541,0.017437885969848063,0.47196156707460524,-0.022512387633301493,0.04782130957953232,0.19064282820114753
"CAR[0,+1]",M2b_ESG_sentiment,firm_year_FE,firm_cluster_CR1,ESG_sentiment,61,6,0.01265446097311541,0.003930182466330891,0.02347047788238608,0.0025516053144288894,0.02275731663180193,0.19064282820114753
"CAR[0,+1]",M3_specificity_overall,pooled,HC3,Specificity_mean,62,7,-0.009098662668847495,0.006406306413076027,0.16079314001273848,-0.02191765219202985,0.0037203268543348593,0.022902509262890502
"CAR[0,+1]",M3_specificity_overall,pooled,HC3,Overall_sentiment,62,7,-0.005913147950248708,0.013374850373475402,0.6600263929908962,-0.03267616173019512,0.0208498658296977,0.022902509262890502
"CAR[0,+1]",M3_specificity_overall,pooled,firm_cluster_CR1,Specificity_mean,62,7,-0.009098662668847495,0.007292953800831836,0.25866338131367844,-0.026943877753955733,0.008746552416260742,0.022902509262890502
"CAR[0,+1]",M3_specificity_overall,pooled,firm_cluster_CR1,Overall_sentiment,62,7,-0.005913147950248708,0.013053344772883675,0.6664697550182525,-0.03785353197209913,0.02602723607160172,0.022902509262890502
"CAR[0,+1]",M3_specificity_overall,firm_FE,HC3,Specificity_mean,61,6,-0.017789634176094304,0.011301373463963961,0.12141257211072536,-0.04045731874303165,0.00487805039084304,0.09840502438623822
"CAR[0,+1]",M3_specificity_overall,firm_FE,HC3,Overall_sentiment,61,6,-0.0018989579375968413,0.0293378399167113,0.9486346852696873,-0.06074321286181725,0.05694529698662357,0.09840502438623822
"CAR[0,+1]",M3_specificity_overall,firm_FE,firm_cluster_CR1,Specificity_mean,61,6,-0.017789634176094304,0.01102826550860595,0.16764298062154465,-0.04613869317109124,0.010559424818902631,0.09840502438623822
"CAR[0,+1]",M3_specificity_overall,firm_FE,firm_cluster_CR1,Overall_sentiment,61,6,-0.0018989579375968413,0.02979356213933305,0.9516491503990375,-0.0784857475918682,0.07468783171667452,0.09840502438623822
"CAR[0,+1]",M3_specificity_overall,firm_year_FE,HC3,Specificity_mean,61,6,-0.016760797270350795,0.014441014236408367,0.2523436407144143,-0.04590394387098719,0.012382349330285598,0.2166519468800885
"CAR[0,+1]",M3_specificity_overall,firm_year_FE,HC3,Overall_sentiment,61,6,0.005556959538576293,0.036056818562001755,0.8782558676282445,-0.0672086462632439,0.07832256534039649,0.2166519468800885
"CAR[0,+1]",M3_specificity_overall,firm_year_FE,firm_cluster_CR1,Specificity_mean,61,6,-0.016760797270350795,0.01171458664279126,0.2119040049526071,-0.0468741009062978,0.013352506365596217,0.2166519468800885
"CAR[0,+1]",M3_specificity_overall,firm_year_FE,firm_cluster_CR1,Overall_sentiment,61,6,0.005556959538576293,0.029048071701201054,0.8558146164152438,-0.0691134859367924,0.08022740501394499,0.2166519468800885
"CAR[0,+1]",M3b_specificity_ESG,pooled,HC3,Specificity_mean,62,7,-0.009650943215567174,0.006462203750857851,0.14064974248067516,-0.022581783053298395,0.0032798966221640486,0.018660014021970484
"CAR[0,+1]",M3b_specificity_ESG,pooled,HC3,ESG_sentiment,62,7,0.00052815954934034,0.00791699997395267,0.9470364703835564,-0.01531372080686388,0.016370039905544562,0.018660014021970484
"CAR[0,+1]",M3b_specificity_ESG,pooled,firm_cluster_CR1,Specificity_mean,62,7,-0.009650943215567174,0.007226800058949892,0.23016064031507552,-0.027334285925666897,0.00803239949453255,0.018660014021970484
"CAR[0,+1]",M3b_specificity_ESG,pooled,firm_cluster_CR1,ESG_sentiment,62,7,0.00052815954934034,0.005786113883664894,0.930240888980369,-0.01362995108467379,0.014686270183354468,0.018660014021970484
"CAR[0,+1]",M3b_specificity_ESG,firm_FE,HC3,Specificity_mean,61,6,-0.019213268482060605,0.011117940755176605,0.08978745647384115,-0.0415130336279374,0.0030864966638161906,0.10604645168088112
"CAR[0,+1]",M3b_specificity_ESG,firm_FE,HC3,ESG_sentiment,61,6,0.009375547079737655,0.01350830457890664,0.490676927217193,-0.017718680732938367,0.03646977489241368,0.10604645168088112
"CAR[0,+1]",M3b_specificity_ESG,firm_FE,firm_cluster_CR1,Specificity_mean,61,6,-0.019213268482060605,0.01113243182027847,0.1449587389249107,-0.04783009550572816,0.009403558541606943,0.10604645168088112
"CAR[0,+1]",M3b_specificity_ESG,firm_FE,firm_cluster_CR1,ESG_sentiment,61,6,0.009375547079737655,0.009346006855935896,0.3618309635553466,-0.01464912837986362,0.03340022253933893,0.10604645168088112
"CAR[0,+1]",M3b_specificity_ESG,firm_year_FE,HC3,Specificity_mean,61,6,-0.018863987250178765,0.015017951969629956,0.21602360852265554,-0.0491714413338952,0.011443466833537665,0.2375721027140163
"CAR[0,+1]",M3b_specificity_ESG,firm_year_FE,HC3,ESG_sentiment,61,6,0.018753901186245654,0.01716562399956343,0.28082898626950625,-0.015887730524734467,0.053395532897225775,0.2375721027140163
"CAR[0,+1]",M3b_specificity_ESG,firm_year_FE,firm_cluster_CR1,Specificity_mean,61,6,-0.018863987250178765,0.012299334267237286,0.18567513755128484,-0.050480432507958216,0.012752458007600685,0.2375721027140163
"CAR[0,+1]",M3b_specificity_ESG,firm_year_FE,firm_cluster_CR1,ESG_sentiment,61,6,0.018753901186245654,0.007074017524386068,0.04536661634505347,0.0005695602330858598,0.03693824213940545,0.2375721027140163
"CAR[0,+1]",M4_interaction_overall,pooled,HC3,Specificity_mean,62,7,0.022410076748304374,0.013853687681696371,0.11116962304822373,-0.005321092104034728,0.05014124560064348,0.055411042556506085
"CAR[0,+1]",M4_interaction_overall,pooled,HC3,Overall_sentiment,62,7,0.08930584682197615,0.03957850299650621,0.027828629211506615,0.010080865377575063,0.16853082826637722,0.055411042556506085
"CAR[0,+1]",M4_interaction_overall,pooled,HC3,Specificity_mean:Overall_sentiment,62,7,-0.06932649231285781,0.03360569440322442,0.04360515563246664,-0.13659559836663382,-0.002057386259081806,0.055411042556506085
"CAR[0,+1]",M4_interaction_overall,pooled,firm_cluster_CR1,Specificity_mean,62,7,0.022410076748304374,0.01421500157874723,0.16598077005157622,-0.012372779078776808,0.05719293257538556,0.055411042556506085
"CAR[0,+1]",M4_interaction_overall,pooled,firm_cluster_CR1,Overall_sentiment,62,7,0.08930584682197615,0.03975407558559627,0.06576061867162927,-0.007968871859732649,0.18658056550368496,0.055411042556506085
"CAR[0,+1]",M4_interaction_overall,pooled,firm_cluster_CR1,Specificity_mean:Overall_sentiment,62,7,-0.06932649231285781,0.03764029478842473,0.11508816673429552,-0.16142897571124487,0.02277599108552926,0.055411042556506085
"CAR[0,+1]",M4_interaction_overall,firm_FE,HC3,Specificity_mean,61,6,0.02108063162434164,0.02465882334200779,0.39653263541596356,-0.028400917451478862,0.07056218070016214,0.14644164922005432
"CAR[0,+1]",M4_interaction_overall,firm_FE,HC3,Overall_sentiment,61,6,0.11537364678912884,0.07766927189877482,0.1434629622836305,-0.04048114951801518,0.27122844309627286,0.14644164922005432
"CAR[0,+1]",M4_interaction_overall,firm_FE,HC3,Specificity_mean:Overall_sentiment,61,6,-0.0875950125550224,0.057568660436265476,0.13417392957012403,-0.2031149810911357,0.027924955981090904,0.14644164922005432
"CAR[0,+1]",M4_interaction_overall,firm_FE,firm_cluster_CR1,Specificity_mean,61,6,0.02108063162434164,0.014393239581399691,0.20291017962733215,-0.01591836859956604,0.058079631848249325,0.14644164922005432
"CAR[0,+1]",M4_interaction_overall,firm_FE,firm_cluster_CR1,Overall_sentiment,61,6,0.11537364678912884,0.05439801441159886,0.08740402018770475,-0.024460900952009645,0.25520819453026733,0.14644164922005432
"CAR[0,+1]",M4_interaction_overall,firm_FE,firm_cluster_CR1,Specificity_mean:Overall_sentiment,61,6,-0.0875950125550224,0.04869803567462394,0.13197180996246075,-0.21277729849137994,0.03758727338133515,0.14644164922005432
"CAR[0,+1]",M4_interaction_overall,firm_year_FE,HC3,Specificity_mean,61,6,0.03265355356157694,0.026846225457182,0.23081997808344906,-0.021563498650908362,0.08687060577406225,0.27557135348644923
"CAR[0,+1]",M4_interaction_overall,firm_year_FE,HC3,Overall_sentiment,61,6,0.14794619097509887,0.08281693771240257,0.08142688088122446,-0.019306007781589613,0.3151983897317874,0.27557135348644923
"CAR[0,+1]",M4_interaction_overall,firm_year_FE,HC3,Specificity_mean:Overall_sentiment,61,6,-0.10770510781275298,0.06553311471156104,0.10792301799952969,-0.24005191789338498,0.024641702267878998,0.27557135348644923
"CAR[0,+1]",M4_interaction_overall,firm_year_FE,firm_cluster_CR1,Specificity_mean,61,6,0.03265355356157694,0.01851198630437206,0.13802553315240193,-0.014933022173990104,0.08024012929714398,0.27557135348644923
"CAR[0,+1]",M4_interaction_overall,firm_year_FE,firm_cluster_CR1,Overall_sentiment,61,6,0.14794619097509887,0.054282362625662696,0.04150242814323488,0.008408935614146767,0.28748344633605094,0.27557135348644923
"CAR[0,+1]",M4_interaction_overall,firm_year_FE,firm_cluster_CR1,Specificity_mean:Overall_sentiment,61,6,-0.10770510781275298,0.05164164280910823,0.09140633326331954,-0.24045417678026532,0.025043961154759334,0.27557135348644923
"CAR[0,+1]",M4b_interaction_ESG,pooled,HC3,Specificity_mean,62,7,0.005363320849589922,0.009930390799451239,0.5912017001585103,-0.014514516038066605,0.02524115773724645,0.03956270128914574
"CAR[0,+1]",M4b_interaction_ESG,pooled,HC3,ESG_sentiment,62,7,0.053946571148347645,0.03054286085424724,0.0826149393596902,-0.007191607439414147,0.11508474973610944,0.03956270128914574
"CAR[0,+1]",M4b_interaction_ESG,pooled,HC3,Specificity_mean:ESG_sentiment,62,7,-0.0408732025972824,0.0247214235572935,0.10366261961793811,-0.09035850836487672,0.008612103170311906,0.03956270128914574
"CAR[0,+1]",M4b_interaction_ESG,pooled,firm_cluster_CR1,Specificity_mean,62,7,0.005363320849589922,0.006383666787688021,0.4330140202051616,-0.010256949066964496,0.02098359076614434,0.03956270128914574
"CAR[0,+1]",M4b_interaction_ESG,pooled,firm_cluster_CR1,ESG_sentiment,62,7,0.053946571148347645,0.02215423452926384,0.050812682985964065,-0.00026288787435335,0.10815603017104863,0.03956270128914574
"CAR[0,+1]",M4b_interaction_ESG,pooled,firm_cluster_CR1,Specificity_mean:ESG_sentiment,62,7,-0.0408732025972824,0.022129683528377034,0.11426655446791188,-0.095022587484956,0.013276182290391195,0.03956270128914574
"CAR[0,+1]",M4b_interaction_ESG,firm_FE,HC3,Specificity_mean,61,6,0.0002956125116165497,0.014013890339135852,0.9832512073371442,-0.027825315763895263,0.02841654078712836,0.1345826999806209
"CAR[0,+1]",M4b_interaction_ESG,firm_FE,HC3,ESG_sentiment,61,6,0.07496140271703192,0.044871143800995876,0.10081123732068564,-0.015079134630700028,0.16500194006476387,0.1345826999806209
"CAR[0,+1]",M4b_interaction_ESG,firm_FE,HC3,Specificity_mean:ESG_sentiment,61,6,-0.05374149971296145,0.0364468042351014,0.14637092549374414,-0.12687736298603647,0.01939436356011358,0.1345826999806209
"CAR[0,+1]",M4b_interaction_ESG,firm_FE,firm_cluster_CR1,Specificity_mean,61,6,0.0002956125116165497,0.006035670102671442,0.9628333957892312,-0.015219571420203828,0.015810796443436928,0.1345826999806209
"CAR[0,+1]",M4b_interaction_ESG,firm_FE,firm_cluster_CR1,ESG_sentiment,61,6,0.07496140271703192,0.028691029829172453,0.04751389704202127,0.0012087625924615403,0.14871404284160228,0.1345826999806209
"CAR[0,+1]",M4b_interaction_ESG,firm_FE,firm_cluster_CR1,Specificity_mean:ESG_sentiment,61,6,-0.05374149971296145,0.028241165432614755,0.11542567828303957,-0.12633772659124112,0.01885472716531822,0.1345826999806209
"CAR[0,+1]",M4b_interaction_ESG,firm_year_FE,HC3,Specificity_mean,61,6,0.005467986947000389,0.01662340768499315,0.7438806956387772,-0.028103665941193297,0.039039639835194075,0.2731769608080856
"CAR[0,+1]",M4b_interaction_ESG,firm_year_FE,HC3,ESG_sentiment,61,6,0.09603143472933572,0.0510169943532528,0.06689981210935421,-0.006999475555834633,0.19906234501450606,0.2731769608080856
"CAR[0,+1]",M4b_interaction_ESG,firm_year_FE,HC3,Specificity_mean:ESG_sentiment,61,6,-0.06373718764948605,0.04201155850901305,0.13690613164394894,-0.1485812512905329,0.021106875991560803,0.2731769608080856
"CAR[0,+1]",M4b_interaction_ESG,firm_year_FE,firm_cluster_CR1,Specificity_mean,61,6,0.005467986947000389,0.012679917511647303,0.6842590863769429,-0.027126778685806985,0.03806275257980776,0.2731769608080856
"CAR[0,+1]",M4b_interaction_ESG,firm_year_FE,firm_cluster_CR1,ESG_sentiment,61,6,0.09603143472933572,0.03889140004447699,0.05658434059412426,-0.003942091787462201,0.19600496124613365,0.2731769608080856
"CAR[0,+1]",M4b_interaction_ESG,firm_year_FE,firm_cluster_CR1,Specificity_mean:ESG_sentiment,61,6,-0.06373718764948605,0.02892539009789728,0.07874578116182056,-0.1380922700238353,0.010617894724863214,0.2731769608080856
"CAR[0,+5]",M1_specificity,pooled,HC3,Specificity_mean,62,7,-0.016818126575614392,0.016449643912696623,0.31069598985983093,-0.04972231346709158,0.016086060315862794,0.010187055925351296
"CAR[0,+5]",M1_specificity,pooled,firm_cluster_CR1,Specificity_mean,62,7,-0.016818126575614392,0.019432919573505614,0.42004725791399067,-0.06436876778237252,0.03073251463114373,0.010187055925351296
"CAR[0,+5]",M1_specificity,firm_FE,HC3,Specificity_mean,61,6,-0.03031272723743004,0.028111713905915915,0.28569529180472814,-0.08667332020286903,0.026047865728008948,0.06225760790057011
"CAR[0,+5]",M1_specificity,firm_FE,firm_cluster_CR1,Specificity_mean,61,6,-0.03031272723743004,0.03061446825775489,0.3675692286059864,-0.1090097232484793,0.04838426877361921,0.06225760790057011
"CAR[0,+5]",M1_specificity,firm_year_FE,HC3,Specificity_mean,61,6,-0.040212665315726065,0.03809804917615583,0.29708913345295607,-0.11704470389507755,0.036619373263625424,0.22661236869999124
"CAR[0,+5]",M1_specificity,firm_year_FE,firm_cluster_CR1,Specificity_mean,61,6,-0.040212665315726065,0.03099459478153204,0.25112311116086444,-0.11988680766404043,0.0394614770325883,0.22661236869999124
"CAR[0,+5]",M2_overall_sentiment,pooled,HC3,Overall_sentiment,62,7,0.0026032806717310245,0.03516533335207917,0.9412329751334151,-0.06773785904283836,0.07294442038630042,0.0001506403293684011
"CAR[0,+5]",M2_overall_sentiment,pooled,firm_cluster_CR1,Overall_sentiment,62,7,0.0026032806717310245,0.027354550977882853,0.9272801275450709,-0.06433089429880001,0.06953745564226205,0.0001506403293684011
"CAR[0,+5]",M2_overall_sentiment,firm_FE,HC3,Overall_sentiment,61,6,0.022611592235300924,0.06218943541187463,0.7175822050132334,-0.1020707187660754,0.14729390323667724,0.040373469983088106
"CAR[0,+5]",M2_overall_sentiment,firm_FE,firm_cluster_CR1,Overall_sentiment,61,6,0.022611592235300924,0.05569778292170425,0.7015555011898604,-0.12056411682844656,0.16578730129904842,0.040373469983088106
"CAR[0,+5]",M2_overall_sentiment,firm_year_FE,HC3,Overall_sentiment,61,6,0.018753211933829738,0.08159633915290343,0.8193143961925473,-0.1458014887213785,0.18330791258903795,0.18952129275638085
"CAR[0,+5]",M2_overall_sentiment,firm_year_FE,firm_cluster_CR1,Overall_sentiment,61,6,0.018753211933829738,0.06305770834407108,0.7781227062980404,-0.14334178773229186,0.18084821159995132,0.18952129275638085
"CAR[0,+5]",M2b_ESG_sentiment,pooled,HC3,ESG_sentiment,62,7,0.0032494236290291946,0.019620072012469018,0.869014907016188,-0.035996563685275526,0.04249541094333391,0.0003877974649915128
"CAR[0,+5]",M2b_ESG_sentiment,pooled,firm_cluster_CR1,ESG_sentiment,62,7,0.0032494236290291946,0.010727311992795037,0.7721849660033209,-0.022999363217070645,0.029498210475129034,0.0003877974649915128
"CAR[0,+5]",M2b_ESG_sentiment,firm_FE,HC3,ESG_sentiment,61,6,0.021936375572517763,0.027188956361075062,0.4233141545549268,-0.032574199903250535,0.07644695104828605,0.043530978956840105
"CAR[0,+5]",M2b_ESG_sentiment,firm_FE,firm_cluster_CR1,ESG_sentiment,61,6,0.021936375572517763,0.016076166570206833,0.23060455896970622,-0.019388726199519674,0.0632614773445552,0.043530978956840105
"CAR[0,+5]",M2b_ESG_sentiment,firm_year_FE,HC3,ESG_sentiment,61,6,0.009614827210447732,0.035445945087756885,0.7874942644522669,-0.06186873374228938,0.08109838816318485,0.1883131412035336
"CAR[0,+5]",M2b_ESG_sentiment,firm_year_FE,firm_cluster_CR1,ESG_sentiment,61,6,0.009614827210447732,0.025819045541957197,0.7248632267312317,-0.0567551422731742,0.07598479669406967,0.1883131412035336
"CAR[0,+5]",M3_specificity_overall,pooled,HC3,Specificity_mean,62,7,-0.0172462943310318,0.016335760984571207,0.2953916092269418,-0.049934076558713424,0.01544148789664982,0.010735585641069467
"CAR[0,+5]",M3_specificity_overall,pooled,HC3,Overall_sentiment,62,7,0.004997452309646502,0.035030075294393864,0.8870434021248687,-0.0650975664485196,0.07509247106781261,0.010735585641069467
"CAR[0,+5]",M3_specificity_overall,pooled,firm_cluster_CR1,Specificity_mean,62,7,-0.0172462943310318,0.01726077211575297,0.35629217001255004,-0.059481882180980536,0.024989293518916933,0.010735585641069467
"CAR[0,+5]",M3_specificity_overall,pooled,firm_cluster_CR1,Overall_sentiment,62,7,0.004997452309646502,0.027315700583655435,0.8608614506832585,-0.061841659170827804,0.07183656379012081,0.010735585641069467
"CAR[0,+5]",M3_specificity_overall,firm_FE,HC3,Specificity_mean,61,6,-0.033337104688681285,0.02574245709985005,0.20092494336786576,-0.08496993492634757,0.018295725548984995,0.07151945119371805
"CAR[0,+5]",M3_specificity_overall,firm_FE,HC3,Overall_sentiment,61,6,0.032538376423071835,0.06150621927235815,0.5989963271403608,-0.09082747656960324,0.15590422941574691,0.07151945119371805
"CAR[0,+5]",M3_specificity_overall,firm_FE,firm_cluster_CR1,Specificity_mean,61,6,-0.033337104688681285,0.026687797527462385,0.26690124781296776,-0.10194027224591584,0.03526606286855327,0.07151945119371805
"CAR[0,+5]",M3_specificity_overall,firm_FE,firm_cluster_CR1,Overall_sentiment,61,6,0.032538376423071835,0.0522275920416521,0.5605890997486912,-0.1017169229982228,0.16679367584436647,0.07151945119371805
"CAR[0,+5]",M3_specificity_overall,firm_year_FE,HC3,Specificity_mean,61,6,-0.046144299962579516,0.03511403128597342,0.19593571925771489,-0.11700728401299688,0.024718684087837853,0.23761187651332571
"CAR[0,+5]",M3_specificity_overall,firm_year_FE,HC3,Overall_sentiment,61,6,0.04281641409861117,0.0809596460858167,0.5996857403031052,-0.1205667663338324,0.20619959453105474,0.23761187651332571
"CAR[0,+5]",M3_specificity_overall,firm_year_FE,firm_cluster_CR1,Specificity_mean,61,6,-0.046144299962579516,0.021808251886430152,0.08796033857500504,-0.10220419612881826,0.009915596203659227,0.23761187651332571
"CAR[0,+5]",M3_specificity_overall,firm_year_FE,firm_cluster_CR1,Overall_sentiment,61,6,0.04281641409861117,0.05802204661516974,0.49371008977989367,-0.10633400499678769,0.19196683319401003,0.23761187651332571
"CAR[0,+5]",M3b_specificity_ESG,pooled,HC3,Specificity_mean,62,7,-0.01722526941453454,0.01655607122738182,0.3023896400240292,-0.05035389141982571,0.015903352590756627,0.01099573752527383
"CAR[0,+5]",M3b_specificity_ESG,pooled,HC3,ESG_sentiment,62,7,0.00470966325008885,0.018933953258988768,0.8044244442261342,-0.033177089710086954,0.04259641621026465,0.01099573752527383
"CAR[0,+5]",M3b_specificity_ESG,pooled,firm_cluster_CR1,Specificity_mean,62,7,-0.01722526941453454,0.018084388043200318,0.3776246152254606,-0.06147617283814596,0.027025634009076878,0.01099573752527383
"CAR[0,+5]",M3b_specificity_ESG,pooled,firm_cluster_CR1,ESG_sentiment,62,7,0.00470966325008885,0.010842144695019741,0.6791955389024961,-0.02182010909598362,0.031239435596161318,0.01099573752527383
"CAR[0,+5]",M3b_specificity_ESG,firm_FE,HC3,Specificity_mean,61,6,-0.03431630207041882,0.02641647395279357,0.199550096213433,-0.0873010389116533,0.018668434770815666,0.07639915554798538
"CAR[0,+5]",M3b_specificity_ESG,firm_FE,HC3,ESG_sentiment,61,6,0.030097669210084606,0.024033352314951753,0.21594803096959475,-0.0181071309496933,0.07830246936986252,0.07639915554798538
"CAR[0,+5]",M3b_specificity_ESG,firm_FE,firm_cluster_CR1,Specificity_mean,61,6,-0.03431630207041882,0.026847645852299918,0.2573028747109658,-0.10333037282793764,0.034697768687099985,0.07639915554798538
"CAR[0,+5]",M3b_specificity_ESG,firm_FE,firm_cluster_CR1,ESG_sentiment,61,6,0.030097669210084606,0.017046511892364113,0.13772244994474087,-0.013721784621385003,0.07391712304155422,0.07639915554798538
"CAR[0,+5]",M3b_specificity_ESG,firm_year_FE,HC3,Specificity_mean,61,6,-0.043858099274782965,0.03836125757599155,0.2593926262523306,-0.12127425128599695,0.03355805273643101,0.23281991091358367
"CAR[0,+5]",M3b_specificity_ESG,firm_year_FE,HC3,ESG_sentiment,61,6,0.02379580871983331,0.0369590237786376,0.5231777685681793,-0.05079052092186703,0.09838213836153364,0.23281991091358367
"CAR[0,+5]",M3b_specificity_ESG,firm_year_FE,firm_cluster_CR1,Specificity_mean,61,6,-0.043858099274782965,0.02683023957354558,0.16304975241731257,-0.11282742576830987,0.025111227218743933,0.23281991091358367
"CAR[0,+5]",M3b_specificity_ESG,firm_year_FE,firm_cluster_CR1,ESG_sentiment,61,6,0.02379580871983331,0.03081639678419038,0.4749041362300312,-0.055420261093367826,0.10301187853303444,0.23281991091358367
"CAR[0,+5]",M4_interaction_overall,pooled,HC3,Specificity_mean,62,7,0.007550806044762397,0.04478208931004011,0.8666883267145072,-0.08209028510369834,0.09719189719322313,0.014331971535563648
"CAR[0,+5]",M4_interaction_overall,pooled,HC3,Overall_sentiment,62,7,0.07993396245653552,0.12152712357341158,0.513303568492693,-0.1633290055982411,0.3231969305113121,0.014331971535563648
"CAR[0,+5]",M4_interaction_overall,pooled,HC3,Specificity_mean:Overall_sentiment,62,7,-0.0545593387861104,0.10491823615545652,0.6050304872650176,-0.2645760065041665,0.15545732893194575,0.014331971535563648
"CAR[0,+5]",M4_interaction_overall,pooled,firm_cluster_CR1,Specificity_mean,62,7,0.007550806044762397,0.05279442939315023,0.8909544433318095,-0.12163250891177373,0.13673412100129853,0.014331971535563648
"CAR[0,+5]",M4_interaction_overall,pooled,firm_cluster_CR1,Overall_sentiment,62,7,0.07993396245653552,0.1593019288389032,0.6337017943292015,-0.30986381512963085,0.46973174004270185,0.014331971535563648
"CAR[0,+5]",M4_interaction_overall,pooled,firm_cluster_CR1,Specificity_mean:Overall_sentiment,62,7,-0.0545593387861104,0.13435798641190866,0.6987735216927687,-0.3833214880333858,0.27420281046116496,0.014331971535563648
"CAR[0,+5]",M4_interaction_overall,firm_FE,HC3,Specificity_mean,61,6,0.012402936217217879,0.05400488798918297,0.8192544863967194,-0.09596579972399047,0.12077167215842621,0.08318970151835581
"CAR[0,+5]",M4_interaction_overall,firm_FE,HC3,Overall_sentiment,61,6,0.17053727164239968,0.16779296253312434,0.31416591912533676,-0.16616394053652978,0.5072384838213291,0.08318970151835581
"CAR[0,+5]",M4_interaction_overall,firm_FE,HC3,Specificity_mean:Overall_sentiment,61,6,-0.10307620426342812,0.1562800578875795,0.5124463528870716,-0.4166750831183952,0.21052267459153895,0.08318970151835581
"CAR[0,+5]",M4_interaction_overall,firm_FE,firm_cluster_CR1,Specificity_mean,61,6,0.012402936217217879,0.056311434253568035,0.8343824297612299,-0.13235021381363268,0.15715608624806846,0.08318970151835581
"CAR[0,+5]",M4_interaction_overall,firm_FE,firm_cluster_CR1,Overall_sentiment,61,6,0.17053727164239968,0.1730004137180005,0.36951757488577097,-0.2741744494186599,0.6152489927034592,0.08318970151835581
"CAR[0,+5]",M4_interaction_overall,firm_FE,firm_cluster_CR1,Specificity_mean:Overall_sentiment,61,6,-0.10307620426342812,0.166732501675364,0.5635048939475702,-0.5316757444803202,0.32552333595346394,0.08318970151835581
"CAR[0,+5]",M4_interaction_overall,firm_year_FE,HC3,Specificity_mean,61,6,-0.008186449217667643,0.07459811353000353,0.9131504120018514,-0.1588403958091469,0.14246749737381162,0.24371152788071904
"CAR[0,+5]",M4_interaction_overall,firm_year_FE,HC3,Overall_sentiment,61,6,0.15219332796182233,0.21132533167053177,0.47549708797335455,-0.27458683743892903,0.5789734933625736,0.24371152788071904
"CAR[0,+5]",M4_interaction_overall,firm_year_FE,HC3,Specificity_mean:Overall_sentiment,61,6,-0.08273415188082608,0.18482837280841746,0.6567786998551061,-0.4560026232674379,0.2905343195057857,0.24371152788071904
"CAR[0,+5]",M4_interaction_overall,firm_year_FE,firm_cluster_CR1,Specificity_mean,61,6,-0.008186449217667643,0.03466078199051072,0.8226573537921507,-0.0972848258114248,0.0809119273760895,0.24371152788071904
"CAR[0,+5]",M4_interaction_overall,firm_year_FE,firm_cluster_CR1,Overall_sentiment,61,6,0.15219332796182233,0.09871458483884908,0.18377193208155868,-0.10156059073730306,0.4059472466609477,0.24371152788071904
"CAR[0,+5]",M4_interaction_overall,firm_year_FE,firm_cluster_CR1,Specificity_mean:Overall_sentiment,61,6,-0.08273415188082608,0.10801849772234741,0.47829947616285295,-0.360404540038615,0.1949362362769628,0.24371152788071904
"CAR[0,+5]",M4b_interaction_ESG,pooled,HC3,Specificity_mean,62,7,3.935527663880348e-05,0.0267798607648419,0.9988324844030876,-0.05356636023932024,0.05364507079259784,0.015932445912602455
"CAR[0,+5]",M4b_interaction_ESG,pooled,HC3,ESG_sentiment,62,7,0.06613450724198999,0.07853706288626243,0.4032019632304605,-0.0910745046908554,0.2233435191748354,0.015932445912602455
"CAR[0,+5]",M4b_interaction_ESG,pooled,HC3,Specificity_mean:ESG_sentiment,62,7,-0.04699934007461383,0.06782796317716476,0.4911252389851783,-0.18277175988030375,0.08877307973107611,0.015932445912602455
"CAR[0,+5]",M4b_interaction_ESG,pooled,firm_cluster_CR1,Specificity_mean,62,7,3.935527663880348e-05,0.02100106148590447,0.9985655445218525,-0.051348390959845225,0.05142710151312284,0.015932445912602455
"CAR[0,+5]",M4b_interaction_ESG,pooled,firm_cluster_CR1,ESG_sentiment,62,7,0.06613450724198999,0.10095849230470054,0.5367152605798752,-0.18090202405211092,0.3131710385360909,0.015932445912602455
"CAR[0,+5]",M4b_interaction_ESG,pooled,firm_cluster_CR1,Specificity_mean:ESG_sentiment,62,7,-0.04699934007461383,0.08395857169439844,0.5958853170465765,-0.25243856415884275,0.15843988400961506,0.015932445912602455
"CAR[0,+5]",M4b_interaction_ESG,firm_FE,HC3,Specificity_mean,61,6,-0.007953130344197201,0.03131234752735455,0.8005022997863909,-0.07078595246894445,0.05487969178055005,0.0855419105750177
"CAR[0,+5]",M4b_interaction_ESG,firm_FE,HC3,ESG_sentiment,61,6,0.11872659546872318,0.12615869763319884,0.351010625096965,-0.1344293520676788,0.37188254300512513,0.0855419105750177
"CAR[0,+5]",M4b_interaction_ESG,firm_FE,HC3,Specificity_mean:ESG_sentiment,61,6,-0.07262314974480996,0.11230088864789084,0.5206810283427606,-0.2979713691556885,0.15272506966606858,0.0855419105750177
"CAR[0,+5]",M4b_interaction_ESG,firm_FE,firm_cluster_CR1,Specificity_mean,61,6,-0.007953130344197201,0.023103834477652112,0.7446752491397302,-0.06734342758599773,0.05143716689760334,0.0855419105750177
"CAR[0,+5]",M4b_interaction_ESG,firm_FE,firm_cluster_CR1,ESG_sentiment,61,6,0.11872659546872318,0.11192964438563965,0.33734145115189945,-0.16899771525823432,0.40645090619568064,0.0855419105750177
"CAR[0,+5]",M4b_interaction_ESG,firm_FE,firm_cluster_CR1,Specificity_mean:ESG_sentiment,61,6,-0.07262314974480996,0.10550118110294739,0.521852567740888,-0.3438225695262237,0.1985762700366038,0.0855419105750177
"CAR[0,+5]",M4b_interaction_ESG,firm_year_FE,HC3,Specificity_mean,61,6,-0.02463299538425453,0.04522498012681385,0.5889263862410192,-0.11596669563775211,0.06670070486924304,0.23671970400291087
"CAR[0,+5]",M4b_interaction_ESG,firm_year_FE,HC3,ESG_sentiment,61,6,0.08485409354005738,0.13888461840532462,0.5445931365673717,-0.19562908349361205,0.3653372705737268,0.23671970400291087
"CAR[0,+5]",M4b_interaction_ESG,firm_year_FE,HC3,Specificity_mean:ESG_sentiment,61,6,-0.05035982877186905,0.11762440865455617,0.6707892538944006,-0.2879071411736844,0.1871874836299463,0.23671970400291087
"CAR[0,+5]",M4b_interaction_ESG,firm_year_FE,firm_cluster_CR1,Specificity_mean,61,6,-0.02463299538425453,0.034934160632114276,0.5122146266865565,-0.11443411414836871,0.06516812337985967,0.23671970400291087
"CAR[0,+5]",M4b_interaction_ESG,firm_year_FE,firm_cluster_CR1,ESG_sentiment,61,6,0.08485409354005738,0.07395652763263712,0.30315496099446937,-0.10525721301913477,0.2749654000992495,0.23671970400291087
"CAR[0,+5]",M4b_interaction_ESG,firm_year_FE,firm_cluster_CR1,Specificity_mean:ESG_sentiment,61,6,-0.05035982877186905,0.06980426234587805,0.5029516193474978,-0.22979739760817514,0.129077740064437,0.23671970400291087
"CAR[0,+20]",M1_specificity,pooled,HC3,Specificity_mean,62,7,-0.038162546443761804,0.030081051843197336,0.20946332210936117,-0.09833360892960748,0.02200851604208387,0.025103528315327583
"CAR[0,+20]",M1_specificity,pooled,firm_cluster_CR1,Specificity_mean,62,7,-0.038162546443761804,0.02162496517337292,0.12805180040374928,-0.09107693000708544,0.01475183711956183,0.025103528315327583
"CAR[0,+20]",M1_specificity,firm_FE,HC3,Specificity_mean,61,6,-0.025036411903158327,0.03754198598985375,0.507681440461855,-0.1003035620516623,0.05023073824534564,0.1456937697837819
"CAR[0,+20]",M1_specificity,firm_FE,firm_cluster_CR1,Specificity_mean,61,6,-0.025036411903158327,0.018505225377987385,0.23403249295307588,-0.07260560812416886,0.022532784317852196,0.1456937697837819
"CAR[0,+20]",M1_specificity,firm_year_FE,HC3,Specificity_mean,61,6,-0.0204640162903222,0.03887041165646048,0.6012685659804083,-0.09885367225868032,0.05792563967803592,0.5225149773958419
"CAR[0,+20]",M1_specificity,firm_year_FE,firm_cluster_CR1,Specificity_mean,61,6,-0.0204640162903222,0.020274546715140705,0.35913073199037293,-0.0725813978020228,0.031653365221378404,0.5225149773958419
"CAR[0,+20]",M2_overall_sentiment,pooled,HC3,Overall_sentiment,62,7,0.0687296568677489,0.037108674497147214,0.06893022317370044,-0.005498743906730788,0.14295805764222858,0.05025210257733359
"CAR[0,+20]",M2_overall_sentiment,pooled,firm_cluster_CR1,Overall_sentiment,62,7,0.0687296568677489,0.03656533480477319,0.10920954846707946,-0.0207424942071346,0.1582018079426324,0.05025210257733359
"CAR[0,+20]",M2_overall_sentiment,firm_FE,HC3,Overall_sentiment,61,6,0.08628596668852856,0.0540882984320911,0.11648632733208998,-0.022154542571305405,0.1947264759483625,0.170129927053845
"CAR[0,+20]",M2_overall_sentiment,firm_FE,firm_cluster_CR1,Overall_sentiment,61,6,0.08628596668852856,0.0439379585878007,0.10676563931300753,-0.026660151552212547,0.19923208492926966,0.170129927053845
"CAR[0,+20]",M2_overall_sentiment,firm_year_FE,HC3,Overall_sentiment,61,6,0.06205719374921203,0.06844131628502215,0.3696074998957829,-0.07596787490767637,0.20008226240610044,0.5298637706539491
"CAR[0,+20]",M2_overall_sentiment,firm_year_FE,firm_cluster_CR1,Overall_sentiment,61,6,0.06205719374921203,0.03987834348134112,0.18039576036530533,-0.04045335163918929,0.16456773913761336,0.5298637706539491
"CAR[0,+20]",M2b_ESG_sentiment,pooled,HC3,ESG_sentiment,62,7,0.05081029898332221,0.02427924819198174,0.04060915551286762,0.0022445717047574823,0.09937602626188693,0.04537978309226043
"CAR[0,+20]",M2b_ESG_sentiment,pooled,firm_cluster_CR1,ESG_sentiment,62,7,0.05081029898332221,0.020449669438248323,0.0475050618630674,0.0007717604828751043,0.10084883748376933,0.04537978309226043
"CAR[0,+20]",M2b_ESG_sentiment,firm_FE,HC3,ESG_sentiment,61,6,0.0676253939764327,0.03546835685313835,0.06189386251022123,-0.0034843800644872858,0.1387351680173527,0.17349670131839579
"CAR[0,+20]",M2b_ESG_sentiment,firm_FE,firm_cluster_CR1,ESG_sentiment,61,6,0.0676253939764327,0.018632817490054993,0.015070514693866504,0.019728211789770717,0.11552257616309469,0.17349670131839579
"CAR[0,+20]",M2b_ESG_sentiment,firm_year_FE,HC3,ESG_sentiment,61,6,0.03856533751151839,0.043769763647679955,0.38316467271637056,-0.04970480339880336,0.12683547842184012,0.525991633655899
"CAR[0,+20]",M2b_ESG_sentiment,firm_year_FE,firm_cluster_CR1,ESG_sentiment,61,6,0.03856533751151839,0.018047747045818848,0.08565805749593743,-0.007827873218622501,0.08495854824165927,0.525991633655899
"CAR[0,+20]",M3_specificity_overall,pooled,HC3,Specificity_mean,62,7,-0.04458135830849544,0.028483889366212045,0.12289770924722092,-0.10157748928026328,0.0124147726632724,0.08410300427830764
"CAR[0,+20]",M3_specificity_overall,pooled,HC3,Overall_sentiment,62,7,0.07491854716459928,0.03701438366632467,0.04750175791745164,0.0008529365254977828,0.14898415780370078,0.08410300427830764
"CAR[0,+20]",M3_specificity_overall,pooled,firm_cluster_CR1,Specificity_mean,62,7,-0.04458135830849544,0.017910973259667798,0.04722274763881479,-0.0884079310431174,-0.0007547855738734913,0.08410300427830764
"CAR[0,+20]",M3_specificity_overall,pooled,firm_cluster_CR1,Overall_sentiment,62,7,0.07491854716459928,0.03749994828065231,0.09270456353304844,-0.016840520700652645,0.1666776150298512,0.08410300427830764
"CAR[0,+20]",M3_specificity_overall,firm_FE,HC3,Specificity_mean,61,6,-0.03399747306233861,0.03649990699216597,0.35584964735228786,-0.10720701534135019,0.03921206921667297,0.1863108883093656
"CAR[0,+20]",M3_specificity_overall,firm_FE,HC3,Overall_sentiment,61,6,0.0964093886584627,0.05741807277042987,0.09902389837185104,-0.018756680859696978,0.21157545817662238,0.1863108883093656
"CAR[0,+20]",M3_specificity_overall,firm_FE,firm_cluster_CR1,Specificity_mean,61,6,-0.03399747306233861,0.017443117841378798,0.10880270949521896,-0.07883643494225066,0.01084148881757345,0.1863108883093656
"CAR[0,+20]",M3_specificity_overall,firm_FE,firm_cluster_CR1,Overall_sentiment,61,6,0.0964093886584627,0.04420322208175921,0.08100575260030009,-0.017218611101505563,0.21003738841843095,0.1863108883093656
"CAR[0,+20]",M3_specificity_overall,firm_year_FE,HC3,Specificity_mean,61,6,-0.03132417189092637,0.038599514092058286,0.4216440945383638,-0.1092211450177919,0.046572801235939154,0.540933777868182
"CAR[0,+20]",M3_specificity_overall,firm_year_FE,HC3,Overall_sentiment,61,6,0.07839203643762586,0.07199139641811611,0.28240312667987094,-0.06689248343412356,0.22367655630937527,0.540933777868182
"CAR[0,+20]",M3_specificity_overall,firm_year_FE,firm_cluster_CR1,Specificity_mean,61,6,-0.03132417189092637,0.01747729044966535,0.13307399810857448,-0.07625097725697616,0.013602633475123416,0.540933777868182
"CAR[0,+20]",M3_specificity_overall,firm_year_FE,firm_cluster_CR1,Overall_sentiment,61,6,0.07839203643762586,0.0463629191868946,0.15165817988276684,-0.040787641471279765,0.19757171434653148,0.540933777868182
"CAR[0,+20]",M3b_specificity_ESG,pooled,HC3,Specificity_mean,62,7,-0.04286918211843004,0.028740135225192767,0.1411282332990986,-0.10037805986967256,0.014639695632812477,0.07682510346527183
"CAR[0,+20]",M3b_specificity_ESG,pooled,HC3,ESG_sentiment,62,7,0.05444445278058785,0.02296216433040943,0.021022171265380692,0.008497268084535312,0.10039163747664039,0.07682510346527183
"CAR[0,+20]",M3b_specificity_ESG,pooled,firm_cluster_CR1,Specificity_mean,62,7,-0.04286918211843004,0.016870157193652077,0.0440140674799157,-0.08414896968625603,-0.0015893945506040563,0.07682510346527183
"CAR[0,+20]",M3b_specificity_ESG,pooled,firm_cluster_CR1,ESG_sentiment,62,7,0.05444445278058785,0.019207048192558574,0.029776994016270528,0.007446498932703528,0.10144240662847218,0.07682510346527183
"CAR[0,+20]",M3b_specificity_ESG,firm_FE,HC3,Specificity_mean,61,6,-0.03514368869095905,0.03644759288503317,0.3393120847921694,-0.10824830215909037,0.03796092477717227,0.19071673972431757
"CAR[0,+20]",M3b_specificity_ESG,firm_FE,HC3,ESG_sentiment,61,6,0.07598346129748586,0.03718103390008936,0.04597668505043175,0.0014077514506037059,0.150559171144368,0.19071673972431757
"CAR[0,+20]",M3b_specificity_ESG,firm_FE,firm_cluster_CR1,Specificity_mean,61,6,-0.03514368869095905,0.01289961984832769,0.04155662891168845,-0.06830321715968388,-0.0019841602222342228,0.19071673972431757
"CAR[0,+20]",M3b_specificity_ESG,firm_FE,firm_cluster_CR1,ESG_sentiment,61,6,0.07598346129748586,0.018726001937344996,0.009751695688292412,0.027846740863256378,0.12412018173171534,0.19071673972431757
"CAR[0,+20]",M3b_specificity_ESG,firm_year_FE,HC3,Specificity_mean,61,6,-0.027746490477652236,0.041586210939407925,0.5082911444729996,-0.1116708618640196,0.05617788090871513,0.534889940176469
"CAR[0,+20]",M3b_specificity_ESG,firm_year_FE,HC3,ESG_sentiment,61,6,0.04753682681270124,0.05089662375885942,0.35564903688292837,-0.05517671833028747,0.15025037195568994,0.534889940176469
"CAR[0,+20]",M3b_specificity_ESG,firm_year_FE,firm_cluster_CR1,Specificity_mean,61,6,-0.027746490477652236,0.017015643471078982,0.1638937426155484,-0.07148659450607152,0.015993613550767047,0.534889940176469
"CAR[0,+20]",M3b_specificity_ESG,firm_year_FE,firm_cluster_CR1,ESG_sentiment,61,6,0.04753682681270124,0.024292352522255114,0.10771945395257523,-0.014908653325881774,0.10998230695128425,0.534889940176469
"CAR[0,+20]",M4_interaction_overall,pooled,HC3,Specificity_mean,62,7,-0.0796841752385031,0.07375565261842824,0.28444478740946905,-0.22732215463935324,0.06795380416234703,0.0875521777830307
"CAR[0,+20]",M4_interaction_overall,pooled,HC3,Overall_sentiment,62,7,-0.031161702428924257,0.22578502653666574,0.8907066691149821,-0.48311953770556404,0.42079613284771555,0.0875521777830307
"CAR[0,+20]",M4_interaction_overall,pooled,HC3,Specificity_mean:Overall_sentiment,62,7,0.07723429159889261,0.16719181911327013,0.6458451621823157,-0.2574364959261878,0.411905079123973,0.0875521777830307
"CAR[0,+20]",M4_interaction_overall,pooled,firm_cluster_CR1,Specificity_mean,62,7,-0.0796841752385031,0.07134791966328846,0.30678033830027196,-0.2542662454171435,0.09489789494013731,0.0875521777830307
"CAR[0,+20]",M4_interaction_overall,pooled,firm_cluster_CR1,Overall_sentiment,62,7,-0.031161702428924257,0.17154717342741876,0.8618380429937895,-0.4509225141188982,0.38859910926104974,0.0875521777830307
"CAR[0,+20]",M4_interaction_overall,pooled,firm_cluster_CR1,Specificity_mean:Overall_sentiment,62,7,0.07723429159889261,0.14334764864848135,0.609424819252609,-0.2735247687128429,0.42799335191062815,0.0875521777830307
"CAR[0,+20]",M4_interaction_overall,firm_FE,HC3,Specificity_mean,61,6,-0.03985554993571645,0.07041873586972526,0.5738422901507102,-0.18116108128518355,0.10144998141375063,0.18640651122663865
"CAR[0,+20]",M4_interaction_overall,firm_FE,HC3,Overall_sentiment,61,6,0.07873541809295394,0.2295442403163227,0.7329755777005132,-0.38187879835810734,0.5393496345440152,0.18640651122663865
"CAR[0,+20]",M4_interaction_overall,firm_FE,HC3,Specificity_mean:Overall_sentiment,61,6,0.013201307135544654,0.1792494455679613,0.9415732997908038,-0.34648902012248384,0.3728916343935731,0.18640651122663865
"CAR[0,+20]",M4_interaction_overall,firm_FE,firm_cluster_CR1,Specificity_mean,61,6,-0.03985554993571645,0.05887456506483098,0.5284809180865555,-0.1911974374723593,0.1114863376009264,0.18640651122663865
"CAR[0,+20]",M4_interaction_overall,firm_FE,firm_cluster_CR1,Overall_sentiment,61,6,0.07873541809295394,0.15495732590139905,0.6329921827505294,-0.31959506916795904,0.4770659053538669,0.18640651122663865
"CAR[0,+20]",M4_interaction_overall,firm_FE,firm_cluster_CR1,Specificity_mean:Overall_sentiment,61,6,0.013201307135544654,0.14422135961149848,0.9306215977493959,-0.3575315001925462,0.38393411446363546,0.18640651122663865
"CAR[0,+20]",M4_interaction_overall,firm_year_FE,HC3,Specificity_mean,61,6,-0.031207781700804245,0.0801169739855566,0.6989018650461025,-0.19300729309242168,0.1305917296908132,0.5409338065165128
"CAR[0,+20]",M4_interaction_overall,firm_year_FE,HC3,Overall_sentiment,61,6,0.07872741896191769,0.22623978789826996,0.7296338921737251,-0.37817310184260544,0.5356279397664409,0.5409338065165128
"CAR[0,+20]",M4_interaction_overall,firm_year_FE,HC3,Specificity_mean:Overall_sentiment,61,6,-0.0002536878004954571,0.17179165279180908,0.9988289119479212,-0.34719396899339344,0.34668659339240254,0.5409338065165128
"CAR[0,+20]",M4_interaction_overall,firm_year_FE,firm_cluster_CR1,Specificity_mean,61,6,-0.031207781700804245,0.05656370165734542,0.6048853571447104,-0.1766094057375281,0.11419384233591962,0.5409338065165128
"CAR[0,+20]",M4_interaction_overall,firm_year_FE,firm_cluster_CR1,Overall_sentiment,61,6,0.07872741896191769,0.15539087778328434,0.6339516213425772,-0.32071754889137555,0.47817238681521096,0.5409338065165128
"CAR[0,+20]",M4_interaction_overall,firm_year_FE,firm_cluster_CR1,Specificity_mean:Overall_sentiment,61,6,-0.0002536878004954571,0.11256703882603755,0.998288993130208,-0.28961647309807537,0.28910909749708447,0.5409338065165128
"CAR[0,+20]",M4b_interaction_ESG,pooled,HC3,Specificity_mean,62,7,-0.07309375082665588,0.04371167727934255,0.09987588201331324,-0.1605921794980299,0.014404677844718147,0.0840662949605312
"CAR[0,+20]",M4b_interaction_ESG,pooled,HC3,ESG_sentiment,62,7,-0.05308985224108094,0.13315737699880853,0.6915783132308824,-0.3196333019225146,0.21345359744035275,0.0840662949605312
"CAR[0,+20]",M4b_interaction_ESG,pooled,HC3,Specificity_mean:ESG_sentiment,62,7,0.0822800847824219,0.10145194067598703,0.4206668475890729,-0.12079803866916657,0.28535820823401037,0.0840662949605312
"CAR[0,+20]",M4b_interaction_ESG,pooled,firm_cluster_CR1,Specificity_mean,62,7,-0.07309375082665588,0.03309659037948632,0.06928645787626997,-0.15407819005871187,0.007890688405400095,0.0840662949605312
"CAR[0,+20]",M4b_interaction_ESG,pooled,firm_cluster_CR1,ESG_sentiment,62,7,-0.05308985224108094,0.09885967694768008,0.6105723457700369,-0.2949907673647234,0.18881106288256155,0.0840662949605312
"CAR[0,+20]",M4b_interaction_ESG,pooled,firm_cluster_CR1,Specificity_mean:ESG_sentiment,62,7,0.0822800847824219,0.0800732242416423,0.34378687463413415,-0.11365203657384208,0.27821220613868586,0.0840662949605312
"CAR[0,+20]",M4b_interaction_ESG,firm_FE,HC3,Specificity_mean,61,6,-0.05882928294139977,0.04960770630700843,0.2410563698829248,-0.15837442830879678,0.040715862425997236,0.1944032471960745
"CAR[0,+20]",M4b_interaction_ESG,firm_FE,HC3,ESG_sentiment,61,6,-0.003643861545705193,0.14113547482310648,0.9795011857503957,-0.2868529111803561,0.27956518808894576,0.1944032471960745
"CAR[0,+20]",M4b_interaction_ESG,firm_FE,HC3,Specificity_mean:ESG_sentiment,61,6,0.06524717419845472,0.11202438644835375,0.5627892938750625,-0.15954620295713018,0.2900405513540396,0.1944032471960745
"CAR[0,+20]",M4b_interaction_ESG,firm_FE,firm_cluster_CR1,Specificity_mean,61,6,-0.05882928294139977,0.023940082709614775,0.05741490572714091,-0.1203692246983665,0.002710658815566973,0.1944032471960745
"CAR[0,+20]",M4b_interaction_ESG,firm_FE,firm_cluster_CR1,ESG_sentiment,61,6,-0.003643861545705193,0.09183009294124705,0.9698835371220731,-0.23970063042526943,0.23241290733385903,0.1944032471960745
"CAR[0,+20]",M4b_interaction_ESG,firm_FE,firm_cluster_CR1,Specificity_mean:ESG_sentiment,61,6,0.06524717419845472,0.08457121433071506,0.47526941467013106,-0.152150053177787,0.2826444015746964,0.1944032471960745
"CAR[0,+20]",M4b_interaction_ESG,firm_year_FE,HC3,Specificity_mean,61,6,-0.03801105696279369,0.06033767698948819,0.5322082039902025,-0.15986546770432294,0.08384335377873556,0.5354452689552727
"CAR[0,+20]",M4b_interaction_ESG,firm_year_FE,HC3,ESG_sentiment,61,6,0.014936908103566758,0.17864578514785567,0.9337719402200847,-0.3458455741991952,0.3757193904063287,0.5354452689552727
"CAR[0,+20]",M4b_interaction_ESG,firm_year_FE,HC3,Specificity_mean:ESG_sentiment,61,6,0.02688785525179184,0.13332620926192984,0.8411722330950484,-0.24236988678631594,0.2961455972898996,0.5354452689552727
"CAR[0,+20]",M4b_interaction_ESG,firm_year_FE,firm_cluster_CR1,Specificity_mean,61,6,-0.03801105696279369,0.05500525185716994,0.5203029852781983,-0.1794065582514354,0.10338444432584801,0.5354452689552727
"CAR[0,+20]",M4b_interaction_ESG,firm_year_FE,firm_cluster_CR1,ESG_sentiment,61,6,0.014936908103566758,0.13341885298198106,0.9152146956745844,-0.32802717190334574,0.3579009881104792,0.5354452689552727
"CAR[0,+20]",M4b_interaction_ESG,firm_year_FE,firm_cluster_CR1,Specificity_mean:ESG_sentiment,61,6,0.02688785525179184,0.10578078678979493,0.8094751964565702,-0.24503031382937285,0.2988060243329565,0.5354452689552727
