Company,Fiscal Year,Event Date (adjusted),Estimation N,Alpha,Beta,"CAR[-1,+1]","CAR[-2,+2]","CAR[0,+1]","|CAR|[-1,+1]",Specificity source company,Specificity_mean,total_sent,ESGSentiment_Corporate,Corporate_ESG_share,Verified_ESG_share,_merge,exclusion_reason,regression_eligible,COVID_period,Specificity_z,log_total_sent
American International Group (AIG),2012,2013-04-01,221.0,0.0012004373388496,0.4679529125937234,0.0138084199361698,-0.0168013796145952,0.000107135912297,0.0138084199361698,AIG,1.1428571428571428,41.0,0.5714285714285714,0.1707317073170731,0.024390243902439,both,,True,False,-1.2923606651980517,3.713572066704308
American International Group (AIG),2013,2014-04-02,221.0,0.0010711287679622,0.3438718049660335,0.01524822045724,0.0060430762140658,0.0174571530990683,0.01524822045724,AIG,1.0,22.0,1.0,0.0909090909090909,0.0,both,,True,False,-1.9146803413719182,3.091042453358316
American International Group (AIG),2014,2015-03-31,221.0,0.00028799384339,0.8241002003297361,0.0160059939224788,0.0127855067706493,0.0066214644881364,0.0160059939224788,AIG,1.3333333333333333,90.0,1.0,0.0333333333333333,0.0111111111111111,both,,True,False,-0.4626010969662292,4.499809670330265
American International Group (AIG),2015,2016-04-01,221.0,0.0002558686602485,0.8711733712004635,0.0064976156624949,0.0206297309826258,0.0105035969674003,0.0064976156624949,AIG,1.125,102.0,0.0833333333333333,0.2352941176470588,0.0196078431372549,both,,True,False,-1.3701506247197848,4.624972813284271
American International Group (AIG),2016,2017-04-03,221.0,0.0001730042624671,1.0087623232605978,-0.0011380640704293,0.002078517651547,-0.0023420998296414,0.0011380640704293,AIG,1.0,85.0,0.0,0.0352941176470588,0.0,both,,True,False,-1.9146803413719182,4.442651256490317
American International Group (AIG),2017,2018-04-02,221.0,-0.0006503663385443,0.7213419943808749,-0.0138926845805581,0.0038346453364978,-0.0028906710087948,0.0138926845805581,AIG,1.625,96.0,0.875,0.0833333333333333,0.03125,both,,True,False,0.8079682418887493,4.564348191467836
American International Group (AIG),2018,2019-04-01,221.0,-0.0010215893535185,1.0149822317799255,-0.0038974914622265,-0.0015757878674328,0.0015260289895251,0.0038974914622265,AIG,1.0,75.0,0.8333333333333334,0.08,0.0,both,,True,False,-1.9146803413719182,4.31748811353631
American International Group (AIG),2019,2020-03-30,221.0,-9.163834595472482e-05,1.0198070095905911,-0.1080738605873305,-0.1579248685120652,-0.0664381043654763,0.1080738605873305,AIG,1.5,61.0,0.5833333333333334,0.1967213114754098,0.081967213114754,both,,True,True,0.2634385252366158,4.110873864173311
American International Group (AIG),2020,2021-04-01,221.0,8.049281639699748e-05,1.7396261731533875,-0.0612530259545551,-0.0389030431486961,-0.0312622261384516,0.0612530259545551,AIG,1.5714285714285714,50.0,0.6428571428571429,0.28,0.12,both,,True,False,0.5745983633235491,3.912023005428146
American International Group (AIG),2021,2022-03-31,221.0,0.0009838015812361,1.133717779335371,0.0279611743835211,-0.0299451112473378,0.0147836458898495,0.0279611743835211,AIG,1.2580645161290325,96.0,0.3870967741935484,0.3229166666666667,0.0625,both,,True,False,-0.7904899586062223,4.564348191467836
American International Group (AIG),2022,2023-04-03,221.0,0.0002899761648267,0.931250895685179,-0.0119311440638014,0.0151611391260533,-0.0111048224642478,0.0119311440638014,AIG,1.5,80.0,0.6428571428571429,0.175,0.075,both,,True,False,0.2634385252366158,4.382026634673881
American International Group (AIG),2023,2024-04-01,221.0,0.0009872836155876,0.8165359091181551,0.0009434445796586,-0.0002679961453894,0.0041007110066819,0.0009434445796586,AIG,1.25,112.0,0.5,0.0714285714285714,0.0089285714285714,both,,True,False,-0.8256209080676512,4.718498871295094
Chubb,2012,2013-04-22,221.0,0.0006486042071468,0.2828087320867432,0.0134805974328667,-0.0029414196269868,0.0063187428123403,0.0134805974328667,Chubb,,181.0,,0.0,0.0,both,Specificity undefined: no qualifying corporate ESG sentences,False,False,,5.198497031265826
Chubb,2013,2014-04-07,221.0,0.0002282528200537,0.2384129067071166,-0.0123939930037503,0.0056501601367231,-0.0077553742965421,0.0123939930037503,Chubb,1.0,320.0,0.0,0.028125,0.0,both,,True,False,-1.9146803413719182,5.768320995793772
Chubb,2014,2015-04-06,221.0,0.0005862688982909,0.5566176066911428,-0.005766229132449,-0.0117156598166792,-0.0033443344658128,0.005766229132449,Chubb,1.4210526315789471,413.0,0.2105263157894736,0.0460048426150121,0.0121065375302663,both,,True,False,-0.08047498001736432,6.023447592961033
Chubb,2015,2016-04-08,221.0,0.0007289276933264,0.695501900100995,-0.0029450985661474,-0.0048594157255234,0.0012083111641478,0.0029450985661474,Chubb,1.125,244.0,0.0,0.0327868852459016,0.0040983606557377,both,,True,False,-1.3701506247197848,5.497168225293202
Chubb,2016,2017-04-03,221.0,0.000295804344474,0.6942508974659426,0.005099270459698,0.0041967329647998,0.0087452947467613,0.005099270459698,Chubb,1.2857142857142858,267.0,0.1428571428571428,0.0524344569288389,0.0112359550561797,both,,True,False,-0.6700409890241841,5.58724865840025
Chubb,2017,2018-04-02,221.0,-5.791444595357714e-05,0.7063547807392881,-0.0241916654142573,-0.0055590083706545,-0.0038587515206309,0.0241916654142573,Chubb,1.5555555555555556,377.0,0.3888888888888889,0.0477453580901856,0.0212201591511936,both,,True,False,0.5054517326375642,5.932245187448011
Chubb,2018,2019-04-01,221.0,-2.2171961262476632e-05,0.71803092830624,-0.0063212321579839,-0.0236886834670907,-0.0096301804777103,0.0063212321579839,Chubb,1.6206896551724137,384.0,0.4482758620689655,0.0755208333333333,0.0338541666666666,both,,True,False,0.7891913551076408,5.950642552587727
Chubb,2019,2020-03-30,221.0,0.0003014444224252,0.7293149195507235,0.0325162040390374,0.029774271991991,0.0180831262547401,0.0325162040390374,Chubb,1.3636363636363635,433.0,0.4,0.1270207852193995,0.0369515011547344,both,,True,True,-0.3305938929293485,6.07073772800249
Chubb,2020,2021-04-01,221.0,9.720755988200192e-06,1.1020346120093367,-0.0406167832408406,-0.0211290836023995,-0.0148626823096486,0.0406167832408406,Chubb,1.3541666666666667,476.0,0.25,0.1008403361344537,0.0315126050420168,both,,True,False,-0.371846144190873,6.16541785423142
Chubb,2021,2022-04-04,221.0,0.0010367293338807,0.8227914651660357,-0.0091951299117113,-0.0055837815219712,-0.0163744985197469,0.0091951299117113,Chubb,1.5,512.0,0.3225806451612903,0.12109375,0.044921875,both,,True,False,0.2634385252366158,6.238324625039508
Chubb,2022,2023-04-03,221.0,0.0001920334485241,0.5880557227183645,0.0023317109499251,0.0037534371100838,0.0057775543817102,0.0023317109499251,Chubb,1.5769230769230769,421.0,0.3846153846153846,0.0617577197149643,0.0285035629453681,both,,True,False,0.5985337354840824,6.042632833682381
Chubb,2023,2024-04-01,221.0,0.0009825584803256,0.3511112080885383,-0.0078814643946331,-0.0101808984541526,-0.0093362245876383,0.0078814643946331,Chubb,1.4193548387096775,439.0,0.1935483870967742,0.0706150341685649,0.0296127562642369,both,,True,False,-0.08787096937766357,6.0844994130751715
"MetLife, Inc.",2012,2013-04-12,221.0,-1.560223870162468e-06,0.46948897692728,-0.0338861612123293,-0.0067869397657647,-0.0210834272217446,0.0338861612123293,MetLife,1.2222222222222223,102.0,0.3333333333333333,0.088235294117647,0.0196078431372549,both,,True,False,-0.9466275117681249,4.624972813284271
"MetLife, Inc.",2013,2014-04-11,221.0,0.0014738390961172,0.3297049933361121,-0.0608907403342545,-0.0369026167952848,-0.0217854950063568,0.0608907403342545,MetLife,,96.0,,0.0,0.0,both,Specificity undefined: no qualifying corporate ESG sentences,False,False,,4.564348191467836
"MetLife, Inc.",2014,2015-04-10,221.0,-0.0001744980763416,1.1129899698937085,0.0013783104047748,-0.0158467893744483,-0.0066935806845046,0.0013783104047748,MetLife,,87.0,,0.0,0.0,both,Specificity undefined: no qualifying corporate ESG sentences,False,False,,4.465908118654584
"MetLife, Inc.",2015,2016-04-08,221.0,-0.0003675516238864,1.0628403902638164,-0.0047846951277911,-0.0125934903889711,0.0047420552013125,0.0047846951277911,,,,,,,left_only,No narrative firm-year output,False,False,,
"MetLife, Inc.",2016,2017-04-07,221.0,0.0003642217789382,1.4047416086125142,0.0143967083344639,0.0050800653801364,0.0006490326989505,0.0143967083344639,,,,,,,left_only,No narrative firm-year output,False,False,,
"MetLife, Inc.",2017,2018-04-06,221.0,-0.0005474861333262,1.0400084974153478,-0.0034866646580934,-0.0004445647770677,0.000430680819771,0.0034866646580934,,,,,,,left_only,No narrative firm-year output,False,False,,
"MetLife, Inc.",2018,2019-04-05,221.0,-1.1111158032394958e-05,1.175126164979572,0.011758367431452,0.0040820242171197,0.0003429432254333,0.011758367431452,,,,,,,left_only,No narrative firm-year output,False,False,,
"MetLife, Inc.",2019,2020-04-03,221.0,6.188256992739567e-05,1.232878506062132,0.0140576806468966,0.0112834527756819,0.0340969922102483,0.0140576806468966,,,,,,,left_only,No narrative firm-year output,False,True,,
"MetLife, Inc.",2020,2021-04-09,221.0,0.0003215997824919,1.5290257888372882,-0.0029128737920649,-0.0135513529793554,0.0156141323446299,0.0029128737920649,,,,,,,left_only,No narrative firm-year output,False,False,,
"MetLife, Inc.",2021,2022-04-08,221.0,0.0005077040976733,1.087168096695338,0.0206040996798264,0.0313467318663997,0.0332558383203032,0.0206040996798264,,,,,,,left_only,No narrative firm-year output,False,False,,
"MetLife, Inc.",2022,2023-04-10,221.0,0.0006597604865546,0.7999753151462893,0.018079158841122,0.0403120173996066,0.0146148459679917,0.018079158841122,,,,,,,left_only,No narrative firm-year output,False,False,,
"MetLife, Inc.",2023,2024-04-05,221.0,5.8813131561215475e-05,1.0343885860379631,0.0041181295005268,-0.0074468138585925,-0.0015566478024273,0.0041181295005268,,,,,,,left_only,No narrative firm-year output,False,False,,
"Prudential Financial, Inc.",2012,2013-03-22,221.0,-0.0004606843357131,0.454684766314992,-0.0153659193534793,0.0022112244166046,0.005557975488496,0.0153659193534793,,,,,,,left_only,No narrative firm-year output,False,False,,
"Prudential Financial, Inc.",2013,2014-03-28,221.0,0.0015894298334132,0.3478084631850493,-0.012480824863131,-0.0282168215937723,0.006692162654588,0.012480824863131,,,,,,,left_only,No narrative firm-year output,False,False,,
"Prudential Financial, Inc.",2014,2015-03-27,221.0,-0.0004029675988238,1.0412688533853576,0.0223396163563203,0.0176968006593928,0.0014146304304208,0.0223396163563203,,,,,,,left_only,No narrative firm-year output,False,False,,
"Prudential Financial, Inc.",2015,2016-03-28,221.0,-0.0003729022683494,1.1826582232994407,-0.0331661870387891,-0.0226398412297693,-0.003386940468158,0.0331661870387891,Prudentials,1.391304347826087,122.0,0.7391304347826086,0.1885245901639344,0.0573770491803278,both,,True,False,-0.2100655762000222,4.804021044733257
"Prudential Financial, Inc.",2016,2017-03-30,221.0,0.0014102418135601,1.2301421587923744,0.0072792214571908,0.0052737458803507,0.0136357377870976,0.0072792214571908,Prudentials,1.375,112.0,0.5625,0.2857142857142857,0.0714285714285714,both,,True,False,-0.2810911914155177,4.718498871295094
"Prudential Financial, Inc.",2017,2018-03-29,221.0,-0.0005847319847314,1.3661689326549342,-0.0053771433363899,0.0063556816520115,-0.0073668087507767,0.0053771433363899,Prudentials,1.565217391304348,126.0,0.717391304347826,0.365079365079365,0.1428571428571428,both,,True,False,0.5475409860985988,4.836281906951478
"Prudential Financial, Inc.",2018,2019-03-28,221.0,-0.0003387800741521,1.2190869144634966,0.0006201330409689,0.0391815105300024,-0.0047572208198411,0.0006201330409689,Prudentials,1.6730769230769231,169.0,0.6923076923076923,0.6153846153846154,0.2781065088757396,both,,True,False,1.0174027482934163,5.1298987149230735
"Prudential Financial, Inc.",2019,2020-03-27,221.0,-0.0007129895857838,1.553333897353996,-0.0353604529172242,0.0092639417236704,-0.0082197088866252,0.0353604529172242,Prudentials,1.1666666666666667,58.0,0.4444444444444444,0.3103448275862069,0.0517241379310344,both,,True,True,-1.1886407191690733,4.060443010546419
"Prudential Financial, Inc.",2020,2021-03-26,221.0,-0.0008804969494535,1.6922918090764387,-0.0051089647407437,0.0296984199237423,-0.0202315085093615,0.0051089647407437,Prudentials,1.5,75.0,0.8125,0.4266666666666667,0.1466666666666666,both,,True,False,0.2634385252366158,4.31748811353631
"Prudential Financial, Inc.",2021,2022-03-25,221.0,0.0010420504514241,1.114459703282461,0.0014204859760801,-0.0147531314317945,-0.0027769246426588,0.0014204859760801,Prudentials,1.7333333333333334,87.0,0.5333333333333333,0.5172413793103449,0.2413793103448276,both,,True,False,1.2798939963205986,4.465908118654584
"Prudential Financial, Inc.",2022,2023-03-23,221.0,-5.411880083522451e-05,0.9641366016767008,-0.0513358305169198,-0.019474825861482,-0.0181396301244663,0.0513358305169198,Prudentials,1.3636363636363635,71.0,0.5454545454545454,0.3098591549295774,0.0704225352112676,both,,True,False,-0.3305938929293485,4.2626798770413155
"Prudential Financial, Inc.",2023,2024-03-28,221.0,0.0005478571511512,1.0686348707812463,-0.0026407481748777,0.0067984435871444,-0.0042797710181964,0.0026407481748777,Prudentials,1.411764705882353,52.0,0.5294117647058824,0.3269230769230769,0.0961538461538461,both,,True,False,-0.12093539240018392,3.9512437185814275
The Allstate Corporation,2012,2013-04-12,221.0,0.0015977278545396,0.3036076519539356,-0.010915452394885,-0.0148382759888649,-0.0170749599028629,0.010915452394885,Allstate,2.0,51.0,0.75,0.1568627450980392,0.0784313725490196,both,,True,False,2.4415573918451496,3.9318256327243257
The Allstate Corporation,2013,2014-04-11,221.0,0.0003971404469515,0.2334507662391829,-0.0169048853849411,-0.0040255509851661,-0.0057274686317652,0.0169048853849411,Allstate,1.4444444444444444,49.0,0.5555555555555556,0.1836734693877551,0.0408163265306122,both,,True,False,0.02142531783566747,3.8918202981106265
The Allstate Corporation,2014,2015-04-10,221.0,0.0010650199275436,0.4482429854488714,0.0013405102264257,-0.0089336699365202,-0.0024871138603727,0.0013405102264257,Allstate,1.4444444444444444,49.0,0.5555555555555556,0.1836734693877551,0.0408163265306122,both,,True,False,0.02142531783566747,3.8918202981106265
The Allstate Corporation,2015,2016-04-08,221.0,-2.3694468192224313e-05,0.6411500713224434,0.0005643486080047,-0.0049512150151734,0.0028209758441014,0.0005643486080047,Allstate,1.1666666666666667,44.0,0.1666666666666666,0.1363636363636363,0.0227272727272727,both,,True,False,-1.1886407191690733,3.784189633918261
The Allstate Corporation,2016,2017-04-07,221.0,0.0006867171591787,0.4529875019701257,-0.0033095023621435,-0.0096498273664616,-0.002634604042619,0.0033095023621435,Allstate,1.6666666666666667,55.0,0.5,0.3272727272727272,0.1272727272727272,both,,True,False,0.9894781474394608,4.007333185232471
The Allstate Corporation,2017,2018-04-06,221.0,0.0001532743760044,0.7735559404794317,-0.0072135541138712,0.0042961733006093,-0.0070354651727415,0.0072135541138712,Allstate,1.0,16.0,0.0,0.25,0.0,both,,True,False,-1.9146803413719182,2.772588722239781
The Allstate Corporation,2018,2019-04-05,221.0,-8.371162109306822e-05,0.7556725459252625,-0.0120561880053261,-0.0071224885823398,-0.0159658538429917,0.0120561880053261,Allstate,1.75,25.0,0.5,0.32,0.16,both,,True,False,1.3524979585408827,3.2188758248682006
The Allstate Corporation,2019,2020-04-03,221.0,0.0007413215442917,0.8296789711917598,0.0238829233014126,-0.0101698827810586,0.0487467248332851,0.0238829233014126,Allstate,1.5,34.0,0.5714285714285714,0.4117647058823529,0.1470588235294117,both,,True,True,0.2634385252366158,3.5263605246161616
The Allstate Corporation,2020,2021-04-09,221.0,-0.0008819508187576,0.9033877574028292,0.0185342409071176,0.0013990027951641,0.0181567986336442,0.0185342409071176,Allstate,1.6111111111111112,45.0,0.5,0.4,0.1333333333333333,both,,True,False,0.7474649400385125,3.8066624897703196
The Allstate Corporation,2021,2022-04-08,221.0,0.0002888052230386,0.5682428147127183,0.0344921293168348,0.0502345266421007,0.0272509760106626,0.0344921293168348,Allstate,1.4210526315789471,51.0,0.4210526315789473,0.3725490196078431,0.0980392156862745,both,,True,False,-0.08047498001736432,3.9318256327243257
The Allstate Corporation,2022,2023-04-11,221.0,7.377989997552177e-05,0.6831072893082829,0.0063155393017884,-0.0194494672576052,-0.0006964564670205,0.0063155393017884,Allstate,1.5,75.0,0.4166666666666667,0.32,0.12,both,,True,False,0.2634385252366158,4.31748811353631
The Allstate Corporation,2023,2024-04-01,221.0,0.0015756679417208,0.4758492082398709,0.0158601151779649,0.0070644929567493,-0.0012289057582999,0.0158601151779649,Allstate,1.7058823529411764,139.0,0.4705882352941176,0.2446043165467626,0.1079136690647482,both,,True,False,1.1603109997224825,4.9344739331306915
The Progressive Corporation,2012,2013-04-18,221.0,0.0006215184620003,0.1683629577430755,-0.0077747102959229,-0.0014845481755649,0.000915551433494,0.0077747102959229,,,,,,,left_only,No narrative firm-year output,False,False,,
The Progressive Corporation,2013,2014-04-17,221.0,4.863066985195368e-05,0.2317964740204937,-0.0040256026273373,-0.0109592086171308,-0.0069222094330131,0.0040256026273373,,,,,,,left_only,No narrative firm-year output,False,False,,
The Progressive Corporation,2014,2015-04-16,221.0,0.0003666116258398,0.65152043329756,0.0043695453299364,0.0037159346587669,-0.0112765494517207,0.0043695453299364,,,,,,,left_only,No narrative firm-year output,False,False,,
The Progressive Corporation,2015,2016-04-14,221.0,0.0013096508997013,0.6799925401634598,-0.0494431345674798,-0.0428238297125208,-0.039288639281634,0.0494431345674798,,,,,,,left_only,No narrative firm-year output,False,False,,
The Progressive Corporation,2016,2017-04-13,221.0,0.0005853767151729,0.5577474907643738,0.0014528329470033,-0.0150650946529353,0.006210984559835,0.0014528329470033,,,,,,,left_only,No narrative firm-year output,False,False,,
The Progressive Corporation,2017,2018-04-12,221.0,0.0013979172799804,0.6911998073058548,-0.0086612112799258,-0.0050992093966504,-0.0040208908080683,0.0086612112799258,,,,,,,left_only,No narrative firm-year output,False,False,,
The Progressive Corporation,2018,2019-04-11,221.0,0.0010184007953927,0.9964110026975712,0.0024436967697827,-0.005149263604536,-0.0005521957502426,0.0024436967697827,Progressive,1.434782608695652,184.0,0.3043478260869565,0.125,0.0326086956521739,both,,True,False,-0.020663935625367193,5.214935757608986
The Progressive Corporation,2019,2020-04-09,221.0,0.0004056140316189,0.8563057444964005,-0.0086129189907798,0.0061125707008614,-0.0170081600411318,0.0086129189907798,Progressive,1.4871794871794872,183.0,0.3076923076923077,0.2131147540983606,0.0710382513661202,both,,True,True,0.20758932352870488,5.209486152841421
The Progressive Corporation,2020,2021-04-08,221.0,-0.0002513134191903,0.6423672041685577,-0.0041641344601157,-0.0061325114963407,-0.008549906872295,0.0041641344601157,,,,,,,left_only,No narrative firm-year output,False,False,,
The Progressive Corporation,2021,2022-04-07,221.0,0.0004023915765541,0.435763348342776,0.0411680086766424,0.0531353104320012,0.0127970356900866,0.0411680086766424,Progressive,1.4081632653061225,187.0,0.4081632653061224,0.2620320855614973,0.0855614973262032,both,,True,False,-0.13662412373229857,5.231108616854587
The Progressive Corporation,2022,2023-04-06,221.0,0.0011885059105375,0.5905206403381164,0.0294130476893156,0.0203301312996707,0.0124388124788277,0.0294130476893156,Progressive,1.6231884057971016,274.0,0.3623188405797101,0.2518248175182482,0.1167883211678832,both,,True,False,0.8000765068648058,5.6131281063880705
The Progressive Corporation,2023,2024-04-04,221.0,0.0014740567320638,-0.0216523494993317,0.0007427619360413,-0.0048409437184114,-0.0018492382580527,0.0007427619360413,Progressive,1.5092592592592593,287.0,0.4351851851851852,0.3763066202090592,0.1533101045296167,both,,True,False,0.3037740598034407,5.659482215759621
"The Travelers Companies, Inc.",2012,2013-04-19,221.0,0.0014282202658467,0.2719238731609362,-0.0105478899378828,-0.0057070607880096,0.0028741322210687,0.0105478899378828,Travelers,1.761904761904762,113.0,0.3809523809523809,0.1858407079646017,0.1150442477876106,both,,True,False,1.4043579315553725,4.727387818712341
"The Travelers Companies, Inc.",2013,2014-04-21,221.0,-6.140352146508164e-05,0.1911445469483599,-0.0003436437919004,0.0213040270080478,0.002127257059677,0.0003436437919004,Travelers,1.8666666666666667,71.0,0.4,0.2112676056338028,0.1126760563380281,both,,True,False,1.8607256940828742,4.2626798770413155
"The Travelers Companies, Inc.",2014,2015-04-17,221.0,0.0009228670971378,0.5225828720136535,-0.021557296553285,-0.0592474611556834,-0.0250459028578199,0.021557296553285,Travelers,1.8571428571428568,80.0,0.2142857142857142,0.175,0.0875,both,,True,False,1.8192377156712813,4.382026634673881
"The Travelers Companies, Inc.",2015,2016-04-15,221.0,0.0005381325533478,0.72800414297341,-0.0039423021341912,-0.014719270822488,0.0021832609006521,0.0039423021341912,Travelers,1.5714285714285714,143.0,0.3571428571428571,0.0979020979020979,0.0419580419580419,both,,True,False,0.5745983633235491,4.962844630259907
"The Travelers Companies, Inc.",2016,2017-04-13,221.0,0.0001027384509674,0.5972201069043381,0.0078334731764806,-0.0001512544367424,0.0039432205889143,0.0078334731764806,Travelers,1.681818181818182,140.0,0.4090909090909091,0.1571428571428571,0.0714285714285714,both,,True,False,1.055481749457902,4.941642422609304
"The Travelers Companies, Inc.",2017,2018-04-13,221.0,0.000281196997871,0.7232071004805837,-0.0011930574590235,-0.015667686232137,-0.0014069801494358,0.0011930574590235,Travelers,1.7741935483870968,175.0,0.3548387096774194,0.1771428571428571,0.0857142857142857,both,,True,False,1.4578908069251666,5.1647859739235145
"The Travelers Companies, Inc.",2018,2019-04-12,221.0,-8.02455373091364e-05,0.7923641850085329,0.0054651110032195,0.0155338085338219,-0.0010186329506213,0.0054651110032195,Travelers,1.3529411764705883,171.0,0.4117647058823529,0.0994152046783625,0.0292397660818713,both,,True,False,-0.3771846708247174,5.14166355650266
"The Travelers Companies, Inc.",2019,2020-04-13,221.0,-0.0005291274268943,0.7261854302443063,0.0067005878771945,-0.0060112321811752,-0.0262978086101908,0.0067005878771945,Travelers,1.2857142857142858,184.0,0.2857142857142857,0.1141304347826086,0.0326086956521739,both,,True,True,-0.6700409890241841,5.214935757608986
"The Travelers Companies, Inc.",2020,2021-04-09,221.0,-0.0002140786034254,1.1467968120235852,-0.0143795849999271,-0.0145180522320706,0.0060280547527521,0.0143795849999271,Travelers,1.5294117647058822,196.0,0.4901960784313725,0.2602040816326531,0.1071428571428571,both,,True,False,0.39156316444888206,5.278114659230517
"The Travelers Companies, Inc.",2021,2022-04-08,221.0,0.0006233244611225,0.7098839604087576,0.0244973247871783,0.0370443178139181,0.0308884598156159,0.0244973247871783,Travelers,1.351351351351351,178.0,0.4054054054054054,0.2078651685393258,0.0674157303370786,both,,True,False,-0.3841103269983549,5.181783550292085
"The Travelers Companies, Inc.",2022,2023-04-14,221.0,0.0002843241643752,0.4671619032872803,-0.020972969900387,-0.0164843256622531,-0.010743437494343,0.020972969900387,Travelers,1.2580645161290325,193.0,0.4838709677419355,0.160621761658031,0.0310880829015544,both,,True,False,-0.7904899586062223,5.262690188904886
"The Travelers Companies, Inc.",2023,2024-04-26,221.0,0.0007066323064298,0.4182590013896196,-0.0084280950817538,-0.0110407856957337,-0.0118396600904311,0.0084280950817538,Travelers,1.3571428571428572,213.0,0.5,0.0657276995305164,0.0234741784037558,both,,True,False,-0.35888115093725076,5.3612921657094255
