Company Name,Year,total_sent,E_sent,S_sent,G_sent,E_ratio,S_ratio,G_ratio
AIG,2012,41,1,8,0,0.024390243902439025,0.1951219512195122,0.0
AIG,2013,22,2,5,0,0.09090909090909091,0.22727272727272727,0.0
AIG,2014,90,3,7,0,0.03333333333333333,0.07777777777777778,0.0
AIG,2015,102,1,26,1,0.00980392156862745,0.2549019607843137,0.00980392156862745
AIG,2016,85,1,6,1,0.011764705882352941,0.07058823529411765,0.011764705882352941
AIG,2017,96,6,13,1,0.0625,0.13541666666666666,0.010416666666666666
AIG,2018,75,1,5,1,0.013333333333333334,0.06666666666666667,0.013333333333333334
AIG,2019,61,7,14,4,0.11475409836065574,0.22950819672131148,0.06557377049180328
AIG,2020,50,0,19,0,0.0,0.38,0.0
AIG,2021,96,12,35,6,0.125,0.3645833333333333,0.0625
AIG,2022,80,2,17,0,0.025,0.2125,0.0
AIG,2023,112,3,7,0,0.026785714285714284,0.0625,0.0
AXA,2016,42,3,11,2,0.07142857142857142,0.2619047619047619,0.047619047619047616
AXA,2017,36,5,5,1,0.1388888888888889,0.1388888888888889,0.027777777777777776
AXA,2018,41,4,5,0,0.0975609756097561,0.12195121951219512,0.0
AXA,2019,42,4,5,0,0.09523809523809523,0.11904761904761904,0.0
AXA,2020,47,5,17,0,0.10638297872340426,0.3617021276595745,0.0
AXA,2021,58,13,17,2,0.22413793103448276,0.29310344827586204,0.034482758620689655
AXA,2022,43,9,12,2,0.20930232558139536,0.27906976744186046,0.046511627906976744
AXA,2023,20,2,6,1,0.1,0.3,0.05
Allianz,2012,37,1,2,0,0.02702702702702703,0.05405405405405406,0.0
Allianz,2013,50,2,0,0,0.04,0.0,0.0
Allianz,2014,103,7,4,0,0.06796116504854369,0.038834951456310676,0.0
Allianz,2015,84,6,7,0,0.07142857142857142,0.08333333333333333,0.0
Allianz,2016,40,3,7,0,0.075,0.175,0.0
Allianz,2017,44,5,2,0,0.11363636363636363,0.045454545454545456,0.0
Allianz,2018,59,8,6,0,0.13559322033898305,0.1016949152542373,0.0
Allianz,2019,42,3,7,0,0.07142857142857142,0.16666666666666666,0.0
Allianz,2020,42,2,8,1,0.047619047619047616,0.19047619047619047,0.023809523809523808
Allianz,2021,49,9,15,2,0.1836734693877551,0.30612244897959184,0.04081632653061224
Allianz,2022,39,4,11,0,0.10256410256410256,0.28205128205128205,0.0
Allianz,2023,38,3,10,0,0.07894736842105263,0.2631578947368421,0.0
Allstate,2012,51,4,11,1,0.0784313725490196,0.21568627450980393,0.0196078431372549
Allstate,2013,49,0,8,2,0.0,0.16326530612244897,0.04081632653061224
Allstate,2014,49,0,8,2,0.0,0.16326530612244897,0.04081632653061224
Allstate,2015,44,1,6,1,0.022727272727272728,0.13636363636363635,0.022727272727272728
Allstate,2016,55,3,19,1,0.05454545454545454,0.34545454545454546,0.01818181818181818
Allstate,2017,16,2,8,0,0.125,0.5,0.0
Allstate,2018,25,0,9,0,0.0,0.36,0.0
Allstate,2019,34,5,14,1,0.14705882352941177,0.4117647058823529,0.029411764705882353
Allstate,2020,45,9,17,1,0.2,0.37777777777777777,0.022222222222222223
Allstate,2021,51,5,17,4,0.09803921568627451,0.3333333333333333,0.0784313725490196
Allstate,2022,75,9,19,0,0.12,0.25333333333333335,0.0
Allstate,2023,139,25,30,4,0.17985611510791366,0.2158273381294964,0.02877697841726619
China Life,2012,43,2,7,2,0.046511627906976744,0.16279069767441862,0.046511627906976744
China Life,2013,44,3,9,1,0.06818181818181818,0.20454545454545456,0.022727272727272728
China Life,2014,38,2,8,0,0.05263157894736842,0.21052631578947367,0.0
China Life,2015,43,0,4,2,0.0,0.09302325581395349,0.046511627906976744
China Life,2016,56,3,5,1,0.05357142857142857,0.08928571428571429,0.017857142857142856
China Life,2017,37,0,2,1,0.0,0.05405405405405406,0.02702702702702703
China Life,2018,87,3,12,0,0.034482758620689655,0.13793103448275862,0.0
China Life,2019,87,3,12,2,0.034482758620689655,0.13793103448275862,0.022988505747126436
China Life,2020,81,5,15,10,0.06172839506172839,0.18518518518518517,0.12345679012345678
China Life,2021,63,2,6,4,0.031746031746031744,0.09523809523809523,0.06349206349206349
China Life,2022,44,2,6,1,0.045454545454545456,0.13636363636363635,0.022727272727272728
China Life,2023,53,4,9,3,0.07547169811320754,0.16981132075471697,0.05660377358490566
Chubb,2012,181,9,7,0,0.049723756906077346,0.03867403314917127,0.0
Chubb,2013,320,6,25,2,0.01875,0.078125,0.00625
Chubb,2014,413,12,25,0,0.029055690072639227,0.06053268765133172,0.0
Chubb,2015,244,5,24,0,0.020491803278688523,0.09836065573770492,0.0
Chubb,2016,267,10,21,1,0.03745318352059925,0.07865168539325842,0.003745318352059925
Chubb,2017,377,37,15,1,0.09814323607427056,0.03978779840848806,0.002652519893899204
Chubb,2018,384,37,45,2,0.09635416666666667,0.1171875,0.005208333333333333
Chubb,2019,433,42,50,3,0.09699769053117784,0.11547344110854503,0.006928406466512702
Chubb,2020,476,33,67,1,0.06932773109243698,0.1407563025210084,0.0021008403361344537
Chubb,2021,512,66,67,0,0.12890625,0.130859375,0.0
Chubb,2022,421,32,26,2,0.07600950118764846,0.06175771971496437,0.004750593824228029
Chubb,2023,439,33,29,1,0.07517084282460136,0.06605922551252848,0.002277904328018223
Daichi,2012,66,7,17,0,0.10606060606060606,0.25757575757575757,0.0
Daichi,2013,145,11,17,3,0.07586206896551724,0.11724137931034483,0.020689655172413793
Daichi,2014,63,2,26,1,0.031746031746031744,0.4126984126984127,0.015873015873015872
Daichi,2015,62,2,26,1,0.03225806451612903,0.41935483870967744,0.016129032258064516
Daichi,2016,63,1,16,1,0.015873015873015872,0.25396825396825395,0.015873015873015872
Daichi,2017,39,1,8,0,0.02564102564102564,0.20512820512820512,0.0
Daichi,2018,122,1,53,0,0.00819672131147541,0.4344262295081967,0.0
Daichi,2019,28,1,13,0,0.03571428571428571,0.4642857142857143,0.0
Daichi,2020,137,15,47,3,0.10948905109489052,0.34306569343065696,0.021897810218978103
Daichi,2021,184,13,65,7,0.07065217391304347,0.3532608695652174,0.03804347826086957
Daichi,2022,77,1,9,0,0.012987012987012988,0.11688311688311688,0.0
Daichi,2023,102,3,22,2,0.029411764705882353,0.21568627450980393,0.0196078431372549
Generali,2012,12,0,2,2,0.0,0.16666666666666666,0.16666666666666666
Generali,2013,17,0,1,1,0.0,0.058823529411764705,0.058823529411764705
Generali,2014,24,1,4,1,0.041666666666666664,0.16666666666666666,0.041666666666666664
Generali,2015,22,1,2,0,0.045454545454545456,0.09090909090909091,0.0
Generali,2016,18,1,2,0,0.05555555555555555,0.1111111111111111,0.0
Generali,2017,21,2,6,0,0.09523809523809523,0.2857142857142857,0.0
Generali,2018,25,4,7,2,0.16,0.28,0.08
Generali,2019,33,7,10,1,0.21212121212121213,0.30303030303030304,0.030303030303030304
Generali,2020,30,5,11,0,0.16666666666666666,0.36666666666666664,0.0
Generali,2021,30,5,11,0,0.16666666666666666,0.36666666666666664,0.0
Generali,2022,38,12,10,1,0.3157894736842105,0.2631578947368421,0.02631578947368421
Generali,2023,22,5,8,1,0.22727272727272727,0.36363636363636365,0.045454545454545456
MET,2012,102,0,10,1,0.0,0.09803921568627451,0.00980392156862745
MET,2013,96,0,1,0,0.0,0.010416666666666666,0.0
MET,2014,87,0,0,0,0.0,0.0,0.0
MSAD,2012,82,11,3,0,0.13414634146341464,0.036585365853658534,0.0
MSAD,2013,28,2,6,0,0.07142857142857142,0.21428571428571427,0.0
MSAD,2014,30,1,6,1,0.03333333333333333,0.2,0.03333333333333333
MSAD,2015,182,15,40,5,0.08241758241758242,0.21978021978021978,0.027472527472527472
MSAD,2016,141,22,15,4,0.15602836879432624,0.10638297872340426,0.028368794326241134
MSAD,2017,146,19,56,6,0.13013698630136986,0.3835616438356164,0.0410958904109589
MSAD,2018,171,31,56,1,0.18128654970760233,0.32748538011695905,0.005847953216374269
MSAD,2019,133,31,49,2,0.23308270676691728,0.3684210526315789,0.015037593984962405
MSAD,2020,146,16,35,1,0.1095890410958904,0.23972602739726026,0.00684931506849315
MSAD,2021,155,23,57,0,0.14838709677419354,0.36774193548387096,0.0
MSAD,2022,143,26,52,2,0.18181818181818182,0.36363636363636365,0.013986013986013986
MSAD,2023,127,26,42,3,0.2047244094488189,0.33070866141732286,0.023622047244094488
Munich RE,2012,44,6,0,0,0.13636363636363635,0.0,0.0
Munich RE,2013,33,1,0,0,0.030303030303030304,0.0,0.0
Munich RE,2014,40,3,4,0,0.075,0.1,0.0
Munich RE,2015,46,7,0,0,0.15217391304347827,0.0,0.0
Munich RE,2016,42,2,2,0,0.047619047619047616,0.047619047619047616,0.0
Munich RE,2017,56,2,1,0,0.03571428571428571,0.017857142857142856,0.0
Munich RE,2018,49,1,3,0,0.02040816326530612,0.061224489795918366,0.0
Munich RE,2019,60,13,2,1,0.21666666666666667,0.03333333333333333,0.016666666666666666
Munich RE,2020,74,13,8,0,0.17567567567567569,0.10810810810810811,0.0
Munich RE,2021,86,31,9,4,0.36046511627906974,0.10465116279069768,0.046511627906976744
Munich RE,2022,84,15,15,3,0.17857142857142858,0.17857142857142858,0.03571428571428571
Munich RE,2023,80,9,5,2,0.1125,0.0625,0.025
PIC,2012,58,4,4,3,0.06896551724137931,0.06896551724137931,0.05172413793103448
PIC,2013,41,4,4,2,0.0975609756097561,0.0975609756097561,0.04878048780487805
PIC,2014,52,1,7,1,0.019230769230769232,0.1346153846153846,0.019230769230769232
PIC,2015,60,1,1,1,0.016666666666666666,0.016666666666666666,0.016666666666666666
PIC,2016,68,4,16,2,0.058823529411764705,0.23529411764705882,0.029411764705882353
PIC,2017,68,4,16,2,0.058823529411764705,0.23529411764705882,0.029411764705882353
PIC,2018,96,4,9,3,0.041666666666666664,0.09375,0.03125
PIC,2019,114,6,9,4,0.05263157894736842,0.07894736842105263,0.03508771929824561
PIC,2020,80,4,6,3,0.05,0.075,0.0375
PIC,2021,63,4,4,2,0.06349206349206349,0.06349206349206349,0.031746031746031744
PIC,2022,60,5,3,4,0.08333333333333333,0.05,0.06666666666666667
PIC,2023,57,4,6,1,0.07017543859649122,0.10526315789473684,0.017543859649122806
Ping An,2012,113,8,14,5,0.07079646017699115,0.12389380530973451,0.04424778761061947
Ping An,2013,122,5,20,3,0.040983606557377046,0.16393442622950818,0.02459016393442623
Ping An,2014,133,4,21,0,0.03007518796992481,0.15789473684210525,0.0
Ping An,2015,155,0,4,0,0.0,0.025806451612903226,0.0
Ping An,2016,55,1,3,0,0.01818181818181818,0.05454545454545454,0.0
Ping An,2017,67,1,5,0,0.014925373134328358,0.07462686567164178,0.0
Ping An,2018,67,2,10,0,0.029850746268656716,0.14925373134328357,0.0
Ping An,2019,84,7,14,4,0.08333333333333333,0.16666666666666666,0.047619047619047616
Ping An,2020,84,2,11,2,0.023809523809523808,0.13095238095238096,0.023809523809523808
Ping An,2021,98,10,23,1,0.10204081632653061,0.23469387755102042,0.01020408163265306
Ping An,2022,100,7,24,2,0.07,0.24,0.02
Ping An,2023,129,10,21,0,0.07751937984496124,0.16279069767441862,0.0
Power Corp Canada,2012,182,1,5,3,0.005494505494505495,0.027472527472527472,0.016483516483516484
Power Corp Canada,2013,164,4,10,1,0.024390243902439025,0.06097560975609756,0.006097560975609756
Power Corp Canada,2014,115,5,7,3,0.043478260869565216,0.06086956521739131,0.02608695652173913
Power Corp Canada,2015,115,4,7,1,0.034782608695652174,0.06086956521739131,0.008695652173913044
Power Corp Canada,2016,145,6,10,2,0.041379310344827586,0.06896551724137931,0.013793103448275862
Power Corp Canada,2017,121,7,8,0,0.05785123966942149,0.06611570247933884,0.0
Power Corp Canada,2018,106,8,3,2,0.07547169811320754,0.02830188679245283,0.018867924528301886
Power Corp Canada,2019,103,4,12,5,0.038834951456310676,0.11650485436893204,0.04854368932038835
Power Corp Canada,2020,93,6,18,4,0.06451612903225806,0.1935483870967742,0.043010752688172046
Power Corp Canada,2021,86,13,20,7,0.1511627906976744,0.23255813953488372,0.08139534883720931
Power Corp Canada,2022,144,20,25,10,0.1388888888888889,0.1736111111111111,0.06944444444444445
Power Corp Canada,2023,71,6,11,5,0.08450704225352113,0.15492957746478872,0.07042253521126761
Progressive,2018,184,4,24,1,0.021739130434782608,0.13043478260869565,0.005434782608695652
Progressive,2019,183,6,45,3,0.03278688524590164,0.2459016393442623,0.01639344262295082
Progressive,2021,187,6,57,1,0.03208556149732621,0.3048128342245989,0.0053475935828877
Progressive,2022,274,11,102,0,0.040145985401459854,0.3722627737226277,0.0
Progressive,2023,287,3,120,0,0.010452961672473868,0.4181184668989547,0.0
Prudential Financials,2015,122,2,28,4,0.01639344262295082,0.22950819672131148,0.03278688524590164
Prudential Financials,2016,112,5,32,5,0.044642857142857144,0.2857142857142857,0.044642857142857144
Prudential Financials,2017,126,0,49,1,0.0,0.3888888888888889,0.007936507936507936
Prudential Financials,2018,169,1,58,3,0.005917159763313609,0.3431952662721893,0.01775147928994083
Prudential Financials,2019,58,2,19,2,0.034482758620689655,0.3275862068965517,0.034482758620689655
Prudential Financials,2020,75,7,31,0,0.09333333333333334,0.41333333333333333,0.0
Prudential Financials,2021,87,12,41,4,0.13793103448275862,0.47126436781609193,0.04597701149425287
Prudential Financials,2022,71,4,22,3,0.056338028169014086,0.30985915492957744,0.04225352112676056
Prudential Financials,2023,52,0,17,1,0.0,0.3269230769230769,0.019230769230769232
Sompo,2012,19,2,2,0,0.10526315789473684,0.10526315789473684,0.0
Sompo,2013,16,1,4,0,0.0625,0.25,0.0
Sompo,2014,27,0,6,1,0.0,0.2222222222222222,0.037037037037037035
Sompo,2015,20,0,5,1,0.0,0.25,0.05
Sompo,2016,91,10,23,9,0.10989010989010989,0.25274725274725274,0.0989010989010989
Sompo,2017,70,9,24,5,0.12857142857142856,0.34285714285714286,0.07142857142857142
Sompo,2018,90,10,29,0,0.1111111111111111,0.32222222222222224,0.0
Sompo,2019,130,10,44,5,0.07692307692307693,0.3384615384615385,0.038461538461538464
Sompo,2020,148,17,61,8,0.11486486486486487,0.41216216216216217,0.05405405405405406
Sompo,2021,114,10,36,1,0.08771929824561403,0.3157894736842105,0.008771929824561403
Sompo,2022,186,8,84,2,0.043010752688172046,0.45161290322580644,0.010752688172043012
Sompo,2023,72,2,40,0,0.027777777777777776,0.5555555555555556,0.0
Swiss RE,2013,38,0,2,0,0.0,0.05263157894736842,0.0
Swiss RE,2014,54,5,7,0,0.09259259259259259,0.12962962962962962,0.0
Swiss RE,2015,44,2,6,0,0.045454545454545456,0.13636363636363635,0.0
Swiss RE,2016,67,7,2,0,0.1044776119402985,0.029850746268656716,0.0
Swiss RE,2017,82,21,22,9,0.25609756097560976,0.2682926829268293,0.10975609756097561
Swiss RE,2018,93,29,7,2,0.3118279569892473,0.07526881720430108,0.021505376344086023
Swiss RE,2019,109,26,15,2,0.23853211009174313,0.13761467889908258,0.01834862385321101
Swiss RE,2020,75,14,4,0,0.18666666666666668,0.05333333333333334,0.0
Swiss RE,2021,94,15,13,2,0.1595744680851064,0.13829787234042554,0.02127659574468085
Swiss RE,2022,96,16,14,0,0.16666666666666666,0.14583333333333334,0.0
Swiss RE,2023,76,15,11,0,0.19736842105263158,0.14473684210526316,0.0
Talanx,2012,41,2,1,0,0.04878048780487805,0.024390243902439025,0.0
Talanx,2013,41,2,1,0,0.04878048780487805,0.024390243902439025,0.0
Talanx,2014,58,4,1,0,0.06896551724137931,0.017241379310344827,0.0
Talanx,2015,49,2,1,0,0.04081632653061224,0.02040816326530612,0.0
Talanx,2016,53,2,1,0,0.03773584905660377,0.018867924528301886,0.0
Talanx,2017,43,6,1,0,0.13953488372093023,0.023255813953488372,0.0
Talanx,2018,30,0,0,0,0.0,0.0,0.0
Talanx,2019,35,2,5,1,0.05714285714285714,0.14285714285714285,0.02857142857142857
Talanx,2020,42,4,3,0,0.09523809523809523,0.07142857142857142,0.0
Talanx,2021,38,6,1,0,0.15789473684210525,0.02631578947368421,0.0
Talanx,2022,50,8,6,0,0.16,0.12,0.0
Talanx,2023,47,7,5,0,0.14893617021276595,0.10638297872340426,0.0
Tokio Marine,2014,17,1,6,0,0.058823529411764705,0.35294117647058826,0.0
Tokio Marine,2015,22,2,8,1,0.09090909090909091,0.36363636363636365,0.045454545454545456
Tokio Marine,2016,16,2,5,0,0.125,0.3125,0.0
Tokio Marine,2017,121,9,41,1,0.0743801652892562,0.33884297520661155,0.008264462809917356
Tokio Marine,2018,59,5,20,0,0.0847457627118644,0.3389830508474576,0.0
Tokio Marine,2019,141,19,44,2,0.1347517730496454,0.3120567375886525,0.014184397163120567
Tokio Marine,2020,191,25,46,4,0.13089005235602094,0.24083769633507854,0.020942408376963352
Tokio Marine,2021,174,28,56,1,0.16091954022988506,0.3218390804597701,0.005747126436781609
Tokio Marine,2022,159,31,43,1,0.1949685534591195,0.27044025157232704,0.006289308176100629
Tokio Marine,2023,139,18,35,1,0.12949640287769784,0.2517985611510791,0.007194244604316547
Travelers,2012,113,19,15,3,0.168141592920354,0.13274336283185842,0.02654867256637168
Travelers,2013,71,5,13,0,0.07042253521126761,0.18309859154929578,0.0
Travelers,2014,80,4,16,0,0.05,0.2,0.0
Travelers,2015,143,0,19,4,0.0,0.13286713286713286,0.027972027972027972
Travelers,2016,140,5,24,0,0.03571428571428571,0.17142857142857143,0.0
Travelers,2017,175,8,32,1,0.045714285714285714,0.18285714285714286,0.005714285714285714
Travelers,2018,171,5,18,0,0.029239766081871343,0.10526315789473684,0.0
Travelers,2019,184,8,23,0,0.043478260869565216,0.125,0.0
Travelers,2020,196,24,41,0,0.12244897959183673,0.20918367346938777,0.0
Travelers,2021,178,12,35,0,0.06741573033707865,0.19662921348314608,0.0
Travelers,2022,193,11,33,0,0.05699481865284974,0.17098445595854922,0.0
Travelers,2023,213,7,18,1,0.03286384976525822,0.08450704225352113,0.004694835680751174
Zurich,2012,40,2,2,0,0.05,0.05,0.0
Zurich,2013,52,7,3,0,0.1346153846153846,0.057692307692307696,0.0
Zurich,2014,33,6,2,1,0.18181818181818182,0.06060606060606061,0.030303030303030304
Zurich,2015,38,4,3,1,0.10526315789473684,0.07894736842105263,0.02631578947368421
Zurich,2016,60,1,1,0,0.016666666666666666,0.016666666666666666,0.0
Zurich,2017,66,4,13,1,0.06060606060606061,0.19696969696969696,0.015151515151515152
Zurich,2018,53,4,14,0,0.07547169811320754,0.2641509433962264,0.0
Zurich,2019,67,8,25,1,0.11940298507462686,0.373134328358209,0.014925373134328358
Zurich,2020,62,9,26,0,0.14516129032258066,0.41935483870967744,0.0
Zurich,2021,63,15,20,0,0.23809523809523808,0.31746031746031744,0.0
Zurich,2022,59,12,15,3,0.2033898305084746,0.2542372881355932,0.05084745762711865
Zurich,2023,38,2,0,0,0.05263157894736842,0.0,0.0
