Company,Region,Fiscal Year,Event Date (adjusted),Estimation N,Est_Calendar_Mismatch_N,Alpha,Beta,"CAR[-1,+1]","CAR[-1,+1]_Calendar_Gaps","CAR[-2,+2]","CAR[0,+1]","CAR[0,+5]","CAR[0,+15]","CAR[0,+20]","CAR[0,+30]","CAR[0,+45]","CAR[0,+60]","|CAR|[-1,+1]",n_corporate_tier1plus,Specificity,ESGSentiment,total_sentences,Sentiment
AXA SA,Europe (France),2016,2017-03-29,215,6,4.772451752659483e-05,1.8951580131513532,0.0038567368984394,0,0.0202529766274567,0.0119062286113726,0.0039503343788222,0.0094543232533672,0.0147101049889167,0.0343671025262914,-0.0262267394830186,-0.0179345540050217,0.0038567368984394,13.0,1.1538461538461537,0.5384615384615384,42.0,0.6666666666666666
AXA SA,Europe (France),2017,2018-03-27,216,5,6.623660234283438e-05,0.5394066488294742,0.0007673330070715,0,-0.012433669253196,0.0209610037861418,0.0206480504868662,0.0810127004545404,0.0847314873426973,0.0868067491412728,0.0670962478435756,0.0460282202712248,0.0007673330070715,8.0,1.75,0.875,36.0,0.75
AXA SA,Europe (France),2018,2019-03-28,215,6,0.0001476281897204,0.4789941787080848,0.0003718888477211,0,0.0069270413870261,-0.0060769961342605,0.0266515715260657,0.0358138708971886,0.0292982582428081,0.0321382484712093,0.0358746158674287,0.0531369605567006,0.0003718888477211,7.0,1.8571428571428572,0.8571428571428571,41.0,0.7804878048780488
AXA SA,Europe (France),2019,2020-03-30,214,7,0.000146388107724,0.7353132725677681,-0.0242910963343473,0,-0.1046980926053233,0.0064694132632065,-0.0730115729592264,-0.1139162485562695,-0.0316839353453858,-0.1147248751249728,0.0594732527555747,0.0321975610000893,0.0242910963343473,8.0,2.125,0.875,42.0,0.8333333333333334
AXA SA,Europe (France),2020,2021-03-23,216,5,-0.0004895046702979,0.9557245595625258,-0.0027415868865964,0,-0.0047422118720889,0.0168945524771954,0.0327996302365624,0.0151050366782811,0.0155186684475855,0.0506417587458726,0.039027055927803,0.0667152947192501,0.0027415868865964,17.0,1.2941176470588236,0.7647058823529411,47.0,0.48936170212765956
AXA SA,Europe (France),2021,2022-03-24,215,6,0.0010230502207173,0.5350190703147427,-0.0158039561949042,0,-0.0022018479417321,-0.0102709413937272,0.01989827387768,0.0417359079422689,0.0036639565164138,-0.0503060924165768,-0.0052260991303773,-0.0244405231914455,0.0158039561949042,24.0,1.75,0.875,58.0,0.7586206896551724
AXA SA,Europe (France),2022,2023-03-23,214,7,0.0007299009921386,0.3876044139145493,-0.0383527797234324,0,0.0065366914685038,-0.0348801392912005,0.013253081838089,-0.0017048393265099,0.0289231764472495,0.0218409695846096,-0.0165959379188421,-0.0653987528986613,0.0383527797234324,11.0,1.4545454545454546,0.7272727272727273,43.0,0.627906976744186
AXA SA,Europe (France),2023,2024-03-21,215,6,0.000349782247887,0.5252504075374989,-0.0107094310656447,0,0.0014609393792789,-0.0047109840814081,0.0017029506765439,-0.0122607299358991,0.0051736223326931,-0.0083085239396987,-0.0043620534735025,-0.1054819885216829,0.0107094310656447,6.0,1.3333333333333333,0.6666666666666666,20.0,0.75
Allianz SE,Europe (Germany),2012,2013-03-15,214,7,0.0006261167952496,0.330605592938678,-0.0155958042753507,0,-0.0208486069076528,-0.0274576775660175,-0.0419246359179507,-0.0888235091332662,-0.074551823364779,-0.0394257756634163,0.0578306525978628,-0.0313907613195107,0.0155958042753507,3.0,1.6666666666666667,0.3333333333333333,37.0,0.3783783783783784
Allianz SE,Europe (Germany),2013,2014-03-14,216,5,0.0002578333320963,0.2469515909697615,0.0110564261490943,0,0.0029411438126946,0.0192900804255423,-0.0073021041136046,0.01862623299984,-0.0140582132509445,0.0170053689709501,0.0400524416191506,0.0434832003382481,0.0110564261490943,2.0,1.0,0.0,50.0,0.42
Allianz SE,Europe (Germany),2014,2015-03-13,216,5,0.0009730384869022,0.6222312632303862,0.0255966785664178,0,0.0387094053254435,0.0290860221961543,0.0233431033001806,0.0503620312457646,0.0571858041429455,-0.0412450409976525,-0.0357400822950104,-0.0876445188109872,0.0255966785664178,4.0,1.25,0.25,103.0,0.2815533980582524
Allianz SE,Europe (Germany),2015,2016-03-18,216,5,0.0001279699779694,0.7968200034060616,-0.0157454321246421,0,-0.017615377159328,-0.0054019172988021,-0.0195442333599631,-0.0279478550972995,0.0117718871315862,0.0275457785195836,0.0383507872418657,-0.0620090011189073,0.0157454321246421,9.0,1.5555555555555556,0.5555555555555556,84.0,0.5714285714285714
Allianz SE,Europe (Germany),2016,2017-03-10,215,6,0.0002685389609734,1.3242493041772447,-0.0064536122768838,0,0.0035642437900511,-0.0144369347562806,-0.0183198696437522,0.002250006738331,-0.0017560843809213,-0.0063227028443986,0.0091500917921802,-0.0319851554596063,0.0064536122768838,7.0,1.7142857142857142,0.8571428571428571,40.0,0.7
Allianz SE,Europe (Germany),2017,2018-03-02,216,5,0.0004569286720286,0.7805509631588697,-0.0235858949368857,0,-0.0284146361577184,-0.0166627672246095,-0.0204263174068873,-0.0314533634050906,-0.041952312117059,-0.0271214714550301,0.001630164851569,-0.050068589511737,0.0235858949368857,4.0,1.5,1.0,44.0,0.5681818181818182
Allianz SE,Europe (Germany),2018,2019-03-01,216,5,0.0005058912866811,0.4854054781954335,0.0150002922031181,0,0.0135358760131594,0.0085845512029071,0.0054219326955564,-0.0061792365881064,-0.0041350832958892,0.0280668925799761,0.0259604747008519,0.0254173015937976,0.0150002922031181,9.0,2.2222222222222223,0.5555555555555556,59.0,0.6949152542372882
Allianz SE,Europe (Germany),2019,2020-02-21,217,4,0.0002782213225457,0.7588715900290169,-0.0043818843532375,0,-0.0234580225544602,0.0084545822920672,-0.0620265172062593,-0.2514339928942953,-0.2202136453556559,-0.1781975542659999,-0.1680330239620477,-0.2214888769506729,0.0043818843532375,8.0,1.75,0.75,42.0,0.6428571428571429
Allianz SE,Europe (Germany),2020,2021-03-05,216,5,-0.0004632392558483,0.8398407512573149,0.0368120539442725,0,0.0349711963357908,0.0185774566001427,-0.0121853373323972,-0.0129975896463982,0.0062356109646271,-0.012785212026346,0.0130601579514447,0.0491737862939581,0.0368120539442725,9.0,2.111111111111111,0.7777777777777778,42.0,0.7142857142857143
Allianz SE,Europe (Germany),2021,2022-03-04,216,5,0.0002701060214726,0.5269581678787647,-0.0452707238839903,0,-0.0187728768099978,-0.0442830694483215,0.0597126520327459,0.0628130025420924,0.0818468066817002,0.0903674344116497,0.0769139619035271,0.0620089555830906,0.0452707238839903,15.0,1.8666666666666667,0.6,49.0,0.5714285714285714
Allianz SE,Europe (Germany),2022,2023-03-03,214,7,0.0004922952181597,0.3738352541458079,-0.0011620218924121,0,-0.0069579535496705,0.0028206239100961,0.0042988085458589,-0.0763261268757263,-0.0557996963750222,-0.0375469065192884,-0.0209057344988495,-0.08656354552895,0.0011620218924121,12.0,2.0,0.8333333333333334,39.0,0.6153846153846154
Allianz SE,Europe (Germany),2023,2024-03-07,215,6,0.0004065634124014,0.6221079475565324,0.0077630437451483,0,0.0289110086892736,0.0122368898841886,0.0314658516401275,0.065468590967715,0.0328864561763365,0.0454056977567915,0.0553204842602483,0.0287483169915407,0.0077630437451483,11.0,1.9090909090909092,0.7272727272727273,38.0,0.7631578947368421
American International Group (AIG),United States,2012,2013-04-01,221,0,0.0012004372027887,0.4679526721985814,0.0138075381961306,0,-0.0168013527207664,0.0001060558071057,0.0287521244956578,-0.0180541043470038,0.0340090758990159,0.0750121954708921,0.0505733647202142,0.0554802399170882,0.0138075381961306,7.0,1.1428571428571428,0.5714285714285714,41.0,0.5365853658536586
American International Group (AIG),United States,2013,2014-04-02,221,0,0.0010711236964057,0.3438763607313495,0.0152479304091656,0,0.0060430662927702,0.0174570108388331,0.0207549802031631,0.0327180692947219,0.0320394327399816,0.0242332885491504,0.0441644081215609,0.0165327601550097,0.0152479304091656,2.0,1.0,1.0,22.0,0.6818181818181818
American International Group (AIG),United States,2014,2015-03-31,221,0,0.0002879966216276,0.8240961452012499,0.0160053892543535,0,0.0127854443018729,0.0066213696406334,0.0041117582978209,0.014712718749061,0.0127369707449211,0.0398982007124101,0.0774017277616338,0.1050633865425682,0.0160053892543535,3.0,1.3333333333333333,1.0,90.0,0.6222222222222222
American International Group (AIG),United States,2015,2016-04-01,221,0,0.0002558650174799,0.8711697217627405,0.0064968199478955,0,0.0206293595584997,0.0105039364509823,-0.012727121201282,0.0101508714728932,0.0181120228801261,0.0263698243666559,0.0229242249884935,-0.075621142119526,0.0064968199478955,24.0,1.125,0.08333333333333333,102.0,0.3333333333333333
American International Group (AIG),United States,2016,2017-04-03,221,0,0.0001730044796638,1.00876676583117,-0.0011378874013881,0,0.0020784571634645,-0.0023418613572137,-0.013755487998126,-0.0602214879180856,-0.0380123617217881,-0.0441533552661244,-0.0408579275079993,-0.0309283537971256,0.0011378874013881,3.0,1.0,0.0,85.0,0.4235294117647059
American International Group (AIG),United States,2017,2018-04-02,221,0,-0.000650368692568,0.7213468352445448,-0.0138926248346713,0,0.0038348114135123,-0.002890297089805,-0.0126583735716818,0.0156752243419175,0.0372415997886916,-0.0295456605500401,0.0017866357919943,0.0233907934763217,0.0138926248346713,8.0,1.625,0.875,96.0,0.5208333333333334
American International Group (AIG),United States,2018,2019-04-01,221,0,-0.0010215875768255,1.014985495788536,-0.0038982999445691,0,-0.0015761690833638,0.0015250407187228,0.0258973119650337,0.0502202007502058,0.0855417328127261,0.2150172518839875,0.2726794108282216,0.2360318266677127,0.0038982999445691,6.0,1.0,0.8333333333333334,75.0,0.7066666666666667
American International Group (AIG),United States,2019,2020-03-30,221,0,-9.164095523516194e-05,1.0198083698187903,-0.1080737889607318,0,-0.1579251423883209,-0.0664381918463447,-0.2005399405243561,-0.1757003707871615,-0.0922611382407282,-0.0282144421976836,0.111573152417959,0.0680497294443587,0.1080737889607318,12.0,1.5,0.5833333333333334,61.0,0.7704918032786885
American International Group (AIG),United States,2020,2021-04-01,221,0,8.049726889349731e-05,1.7396257995635709,-0.0612528507676086,0,-0.038903278154083,-0.0312622263246597,-0.0507698432772309,-0.058281489854683,-0.0266788174559963,0.0342749528217338,0.0195106836382985,-0.0860271361067963,0.0612528507676086,14.0,1.5714285714285714,0.6428571428571429,50.0,0.6
American International Group (AIG),United States,2021,2022-03-31,221,0,0.000983804467119,1.1337098806795587,0.0279611623273153,0,-0.0299449350830365,0.0147837567513891,-0.0084534624385781,0.0190181331539668,0.0157453604745691,0.0405598095368065,-0.0016459282688884,-0.0469322074549617,0.0279611623273153,31.0,1.2580645161290323,0.3870967741935484,96.0,0.46875
American International Group (AIG),United States,2022,2023-04-03,221,0,0.0002899752229905,0.9312504718462454,-0.0119311565553425,0,0.0151608884952684,-0.0111046742982627,0.0128634450020107,0.0090205758414639,0.0201871925060463,0.0274331706207421,0.0845732655798101,0.0726246883680399,0.0119311565553425,14.0,1.5,0.6428571428571429,80.0,0.6125
American International Group (AIG),United States,2023,2024-04-01,221,0,0.0009872842050037,0.8165345096588915,0.0009433251702505,0,-0.0002674924250899,0.0041005921866899,-0.003147430531313,-0.0199338342679685,-0.0303542086237744,-0.0151724515887078,-0.0689719490170212,-0.1221754490088739,0.0009433251702505,8.0,1.25,0.5,112.0,0.6607142857142857
Assicurazioni Generali,Europe (Italy),2012,2013-03-14,214,7,0.0004753060769441,0.4851054620232838,0.036341995359961,0,0.02234925445991,0.0566706236467623,0.042222539064997,0.0095372086309639,0.0514968404614009,0.119085683236273,0.1216927009036215,0.0916659436748318,0.036341995359961,3.0,1.3333333333333333,0.6666666666666666,12.0,0.75
Assicurazioni Generali,Europe (Italy),2013,2014-03-13,216,5,0.0006184086673461,0.2564522655678988,-0.016786867451391,0,0.0002751435627758,-0.0205168537478448,-0.0109219009028446,0.0251234952825892,-0.0183243721182255,0.0082277234329266,-0.0278355609381525,-0.0233077480928823,0.016786867451391,2.0,1.5,0.5,17.0,0.6470588235294118
Assicurazioni Generali,Europe (Italy),2014,2015-03-13,216,5,0.0006798668475588,0.7517856515262626,-0.0547081743324665,0,-0.0498109634962176,-0.0018352998409293,-0.0160929634419372,0.0099239763341292,-0.0206691024555882,-0.0914429991646616,-0.0300284575608431,-0.0725479185146954,0.0547081743324665,2.0,1.0,0.5,24.0,0.5833333333333334
Assicurazioni Generali,Europe (Italy),2015,2016-03-17,216,5,-0.0009117759203955,0.7840933879413042,-0.0113759974550795,0,-0.0254698970681107,-0.0176023346174504,-0.0588389188093911,-0.0796799426781525,-0.0511397947267641,-0.0327308662122895,-0.0330921753865817,-0.0437691820938579,0.0113759974550795,1.0,1.0,0.0,22.0,0.5909090909090909
Assicurazioni Generali,Europe (Italy),2016,2017-03-16,215,6,0.0004125836923379,1.898716988002237,0.0144237577585939,0,0.0203787502943924,0.0236465100127452,0.0260092157433232,0.0128476456969244,0.0056136894512935,-0.0032706362671574,0.0293840015334278,0.0055427275482664,0.0144237577585939,2.0,1.0,0.0,18.0,0.5555555555555556
Assicurazioni Generali,Europe (Italy),2017,2018-03-15,216,5,0.0002123871573963,0.6692673429386174,0.0167570197674867,0,0.0284390641354619,0.026903876762396,0.039951366559896,0.0463921476351852,0.0446430221990396,0.0821169752092171,0.0250365447870424,-0.0165752133640306,0.0167570197674867,6.0,1.5,0.16666666666666666,21.0,0.5714285714285714
Assicurazioni Generali,Europe (Italy),2018,2019-03-14,215,6,0.0002551024594782,0.3439002002362687,0.0306115651697013,0,0.0344287368467961,0.0307623343868903,0.0348026863519301,0.0434723227143506,0.041753838713489,0.0627769290323048,0.0676601348446618,0.0610858002245547,0.0306115651697013,7.0,1.8571428571428572,0.7142857142857143,25.0,0.8
Assicurazioni Generali,Europe (Italy),2019,2020-03-12,216,5,0.0004716721207348,0.5867995223462816,-0.0647378479164276,0,-0.1048160850033181,-0.0934874046009656,-0.1463919814951071,-0.0501815118279394,-0.0628125185164487,-0.0955400831273061,-0.1307092932141121,-0.0332612438470852,0.0647378479164276,10.0,1.7,0.3,33.0,0.5151515151515151
Assicurazioni Generali,Europe (Italy),2020,2021-03-17,216,5,-0.0002998068811271,0.7779497291301186,0.0094778723660581,0,-0.0054637793154782,0.006960575469738,0.0178541687981256,-0.0045356898294308,-0.0058076903320519,-0.0230182655489276,0.0348056903851078,0.049919742023759,0.0094778723660581,9.0,1.7777777777777777,0.5555555555555556,30.0,0.4666666666666667
Assicurazioni Generali,Europe (Italy),2021,2022-03-16,216,5,0.0005380084766702,0.4862626747093487,0.0253827501236328,0,0.0565030190429958,0.0200995073446542,0.0270413788536281,0.0803339099933516,0.0403420762209338,0.0088421838501336,0.0160399583673679,-0.0604545492460213,0.0253827501236328,9.0,1.7777777777777777,0.5555555555555556,30.0,0.4666666666666667
Assicurazioni Generali,Europe (Italy),2022,2023-03-16,214,7,0.0002541648786973,0.3956474874316297,-0.0641459739119376,0,-0.015537134786812,-0.0108900657055401,0.0302129125763663,0.0401567410143012,0.0462469499616569,0.0358601283215403,0.0674333821275242,0.0892002001030828,0.0641459739119376,14.0,1.7857142857142858,0.42857142857142855,38.0,0.5526315789473685
Assicurazioni Generali,Europe (Italy),2023,2024-03-13,215,6,0.0007095994103727,0.5049678247990822,0.01132035232867,0,0.0203882403217311,0.0119597634008265,0.0167746103015596,0.0089664427743462,0.0067314799331715,0.0022652424737378,0.0665888444273212,0.039644388004828,0.01132035232867,7.0,2.142857142857143,0.8571428571428571,22.0,0.5454545454545454
China Life Insurance Company Limited,China / Hong Kong,2012,2013-03-27,214,7,0.000876007728926,0.351321571590709,-0.050029354699451,0,-0.0638348474296469,-0.033147199003993,-0.0758023773267829,-0.0280675011690432,-0.0095173826853162,-0.0130278038670207,-0.0899358230614656,-0.1801731147620959,0.050029354699451,7.0,1.2857142857142858,0.42857142857142855,43.0,0.5116279069767442
China Life Insurance Company Limited,China / Hong Kong,2013,2014-04-09,215,6,0.0003752175639152,0.162396957697976,0.0221138027566713,0,-0.0128707903186068,0.0111892053852356,-0.0599582822130595,-0.1242612597376235,-0.1132822242326692,-0.1126229453994987,-0.0593774621265601,-0.0781792904584693,0.0221138027566713,11.0,1.6363636363636365,0.9090909090909091,44.0,0.5909090909090909
China Life Insurance Company Limited,China / Hong Kong,2014,2015-04-16,215,6,0.0022643524501007,0.40443584198251,-0.0023461168033575,0,-0.0854244540875486,0.0195931671729122,-0.017168152179606,-0.0443629058448862,-0.0746013293810194,-0.0633655530966135,-0.1785130300818356,-0.2511894090325973,0.0023461168033575,7.0,1.5714285714285714,0.7142857142857143,38.0,0.7105263157894737
China Life Insurance Company Limited,China / Hong Kong,2015,2016-04-15,216,5,-0.0035076534818535,0.7310879328609594,0.0187298289291156,0,0.0687240242651075,-0.0146342842215378,-0.036324148915317,-0.0765207059493179,-0.0944984640733216,-0.0409927905461075,0.0156008190726475,0.0578248698045569,0.0187298289291156,6.0,1.8333333333333333,0.6666666666666666,43.0,0.7209302325581395
China Life Insurance Company Limited,China / Hong Kong,2016,2017-04-11,215,6,0.0011510909490748,0.4092421402605431,-0.0179245111266581,0,-0.0278614980878663,-0.0060522915881767,-0.0228492176352963,-0.0358921199380482,0.036209740356875,0.0398217006321585,-0.0291420132262373,0.0014756325534149,0.0179245111266581,3.0,1.0,0.6666666666666666,56.0,0.8214285714285714
China Life Insurance Company Limited,China / Hong Kong,2017,2018-04-11,216,5,0.000105637426691,0.3020596110043589,0.0064322524403264,0,0.0123913978811623,-0.0029294871363372,-0.0240334435388142,0.0007204677042533,0.0175819906623118,-0.0065178450591131,0.0033252087218439,-0.082005304719129,0.0064322524403264,3.0,1.0,0.3333333333333333,37.0,0.7297297297297297
China Life Insurance Company Limited,China / Hong Kong,2018,2019-04-11,214,7,0.0003721573853578,0.6342512490809551,-0.0372273875420136,0,-0.0362032279906637,-0.0299967805409473,0.0076244014975055,-0.0445903587089733,-0.1348500236873851,-0.1668010976736097,-0.1303568915161181,-0.0973301894247338,0.0372273875420136,11.0,1.7272727272727273,0.09090909090909091,87.0,0.5977011494252874
China Life Insurance Company Limited,China / Hong Kong,2019,2020-04-16,215,6,-0.0007141441461758,0.4743437669361127,0.0214759707281604,0,0.0364914810656745,0.0163794315339554,0.0144603429067162,-0.009093911831933,-0.0807280823444439,-0.0867909923728096,-0.02244740155183,0.1924106292865591,0.0214759707281604,14.0,1.8571428571428572,0.5714285714285714,87.0,0.6896551724137931
China Life Insurance Company Limited,China / Hong Kong,2020,2021-04-15,216,5,-0.0006109537518201,0.5184190961188434,-0.0048436998635279,0,-0.0066952943203652,-0.0084923548157395,0.0016496499929317,0.0077936850641178,-0.0075080376977085,0.0463297404718291,-0.0086372825109108,-0.054262139860286,0.0048436998635279,20.0,1.8,0.8,81.0,0.7283950617283951
China Life Insurance Company Limited,China / Hong Kong,2021,2022-04-13,214,7,-0.0004971866486291,0.1190438078442835,0.0150311326720391,0,-0.0196863645175857,0.0139906264105771,0.0008986462434843,-0.0515415592055498,-0.0360993993961384,0.0080703729548828,0.1072022364051034,0.0998822118464604,0.0150311326720391,9.0,1.6666666666666667,0.6666666666666666,63.0,0.7301587301587301
China Life Insurance Company Limited,China / Hong Kong,2022,2023-04-19,214,7,0.0009310607931865,0.1503858981412836,0.0439720937670264,0,0.062586228206894,0.0177177536732515,-0.0128273269155382,0.0531671640533204,0.0436905790853164,-0.0642607966240217,-0.1071663271610258,-0.141370566605325,0.0439720937670264,6.0,1.1666666666666667,0.6666666666666666,44.0,0.6818181818181818
China Life Insurance Company Limited,China / Hong Kong,2023,2024-04-19,214,7,-0.0020375836682329,0.7560990355410934,0.0677700494197428,0,0.0865872317193992,0.0374467030894852,0.1284560577953833,0.2629391277654869,0.317976233637485,0.2740928145868615,0.2413093318384906,0.293029514710438,0.0677700494197428,12.0,1.5,0.9166666666666666,53.0,0.8301886792452831
Chubb,United States,2013,2014-04-07,221,0,0.0002282561482342,0.2384108626961271,-0.0123937312748899,0,0.0056498743086997,-0.0077551285906562,0.0107900811323124,0.03384110007197,0.0257811450945136,0.0318108480168578,0.0363920022778283,0.0309920337504915,0.0123937312748899,9.0,1.0,0.0,320.0,0.2375
Chubb,United States,2014,2015-04-06,221,0,0.0005862712743114,0.5566162310749512,-0.0057656294561585,0,-0.0117155591488078,-0.00334446560137,-0.0032720948642345,-0.0533579649336395,-0.0624416567623456,-0.0562468224733167,-0.1027160723482245,-0.1128252525733332,0.0057656294561585,19.0,1.4210526315789473,0.21052631578947367,413.0,0.2179176755447942
Chubb,United States,2015,2016-04-08,221,0,0.0007289280270424,0.6955023369166365,-0.0029445842683465,0,-0.004859382526367,0.0012089285703427,-0.00153897616101,-0.0289297009603583,0.0139464649909928,0.0322810964539063,0.0084594323266659,0.041307099330523,0.0029445842683465,8.0,1.125,0.0,244.0,0.1721311475409836
Chubb,United States,2016,2017-04-03,221,0,0.0002958029780227,0.6942509102803698,0.0050996953256388,0,0.0041964430904043,0.0087453554395193,0.0126000635249826,-0.0115333596498999,-0.0143268690229068,-0.0266799304020336,0.0128425228811354,0.0204881115383899,0.0050996953256388,14.0,1.2857142857142858,0.14285714285714285,267.0,0.16104868913857678
Chubb,United States,2017,2018-04-02,221,0,-5.7918517786231206e-05,0.7063579302576117,-0.0241922874980133,0,-0.0055590018649812,-0.0038593872927881,-0.0148185124087678,0.0035380693357773,-0.011642754657951,-0.0331713213362189,-0.0590391607743821,-0.0927971941153642,0.0241922874980133,18.0,1.5555555555555556,0.3888888888888889,377.0,0.18037135278514588
Chubb,United States,2018,2019-04-01,221,0,-2.217391724092333e-05,0.7180334205585912,-0.0063212673025452,0,-0.023688387139895,-0.0096305921733091,-0.0361597870725672,-0.0329482855451033,0.0108615509706219,0.028684137831815,0.0668218111753772,0.0340045099490215,0.0063212673025452,29.0,1.6206896551724137,0.4482758620689655,384.0,0.2630208333333333
Chubb,United States,2019,2020-03-30,221,0,0.0003014429894942,0.7293162675855729,0.0325160915070373,0,0.0297738720261421,0.0180830477819401,-0.0025528007362072,-0.0016597858282526,-0.0517964822015032,-0.1359467547435401,0.0167728079439222,0.0388718114495838,0.0325160915070373,55.0,1.3636363636363635,0.4,433.0,0.2586605080831409
Chubb,United States,2020,2021-04-01,221,0,9.725576671950032e-06,1.102032819435501,-0.0406164337115852,0,-0.0211291398127116,-0.0148622323316493,-0.02031624378474,0.0171100241883629,0.0370160740807924,0.0246130726014983,-0.0025213552987414,-0.0680315342240042,0.0406164337115852,48.0,1.3541666666666667,0.25,476.0,0.16806722689075632
Chubb,United States,2021,2022-04-04,221,0,0.0010367294597762,0.8227928675372365,-0.0091951825034437,0,-0.0055837759976949,-0.01637446800511,0.0132446975673662,-0.0072236459955135,0.005116228708277,0.0336970087525686,-0.0012899880760694,-0.0093765456113991,0.0091951825034437,62.0,1.5,0.3225806451612903,512.0,0.26171875
Chubb,United States,2022,2023-04-03,221,0,0.0001920331518283,0.5880549041201056,0.0023315089114824,0,0.0037533633292899,0.0057776717110471,0.0175405941551884,0.0339568273240275,0.0253072924747143,0.0188526649239967,-0.0332003338794987,-0.0632852123789523,0.0023315089114824,26.0,1.5769230769230769,0.38461538461538464,421.0,0.33729216152019004
Chubb,United States,2023,2024-04-01,221,0,0.0009825552954923,0.3511134543481005,-0.007881433929439,0,-0.0101809074099097,-0.0093360154961942,-0.0262521517099931,-0.0292113983479465,-0.0495036158015792,-0.0456517408670425,-0.0220134745093878,-0.0579024842827876,0.007881433929439,31.0,1.4193548387096775,0.1935483870967742,439.0,0.1845102505694761
Dai-ichi Life Holdings,Japan,2014,2014-09-24,214,7,-0.0003012911768341,0.6004369676613739,0.0016975095996926,0,0.0164265945168609,0.0026906322751957,-0.0129592685422482,-0.088386711239463,-0.0976161993365654,0.0320284229510453,0.0895438372994568,0.1737480069470724,0.0016975095996926,24.0,1.4583333333333333,0.6666666666666666,63.0,0.6031746031746031
Dai-ichi Life Holdings,Japan,2015,2015-09-28,214,7,0.0022214128830481,0.2578515810435052,-0.0260352024692254,0,-0.0026913202482157,-0.041724237471472,-0.0018822360342253,0.0195854889263131,0.0314405992763976,0.1291907092461019,0.0022151312397419,-0.0933920976793864,0.0260352024692254,24.0,1.4583333333333333,0.7083333333333334,62.0,0.6129032258064516
Dai-ichi Life Holdings,Japan,2016,2016-09-27,214,7,-0.0022606453793353,0.6124145568564999,-0.0792583841995048,0,-0.0886440976577719,-0.0383672504800772,-0.0234156783466791,0.0652843706629694,0.095062705617402,0.1897185337919643,0.4123790296266681,0.4456327485377758,0.0792583841995048,11.0,1.2727272727272727,0.45454545454545453,63.0,0.6190476190476191
Dai-ichi Life Holdings,Japan,2017,2017-08-28,213,8,0.0020126709649873,0.744776328418256,-0.0202460711259966,0,-0.0288955586942709,-0.0224327781137495,-0.0250732386951857,-0.0143580737815813,0.024715082430795,0.0678300695093412,0.0851082505108742,0.0363035729131986,0.0202460711259966,7.0,1.0,0.14285714285714285,39.0,0.4358974358974359
Dai-ichi Life Holdings,Japan,2018,2018-08-29,213,8,0.0009376750844174,-0.1224017886571468,0.0067024152710691,0,0.0132315380830252,0.0101032639600241,-0.0166731861215686,0.0866735183734089,0.139506601151317,0.1263152179351571,-0.0180713440194498,-0.1088171873705226,0.0067024152710691,36.0,1.1666666666666667,0.5833333333333334,122.0,0.4098360655737705
Dai-ichi Life Holdings,Japan,2019,2019-08-30,212,9,-0.0007065901036147,0.3039956082954831,0.0160625040970515,1,0.0198407018891936,0.0168142326797887,0.0450799922906273,0.1343373933678129,0.1797344211472936,0.2023996957792009,0.2840271969714469,0.2359021640238626,0.0160625040970515,9.0,1.0,0.4444444444444444,28.0,0.32142857142857145
Dai-ichi Life Holdings,Japan,2020,2020-08-31,213,8,0.0001517019623435,0.3469068917828079,0.0453022033102914,0,0.0010408764953027,0.0033916965655694,-0.0010067506526893,-0.0241345598106832,-0.0649682404268355,0.0024392385707644,-0.0050914412133061,0.0469552124861364,0.0453022033102914,36.0,1.3888888888888888,0.3611111111111111,137.0,0.26277372262773724
Dai-ichi Life Holdings,Japan,2021,2021-08-31,213,8,0.0014638486552438,0.4928080713683652,-0.0012596072924884,0,0.0053455651130337,0.0109025172808871,0.0458860559860939,0.0357563097340796,0.0960871835340714,0.0407826137295096,0.008008272521871,-0.062698427103216,0.0012596072924884,46.0,1.2173913043478262,0.391304347826087,184.0,0.2826086956521739
Dai-ichi Life Holdings,Japan,2022,2022-09-30,213,8,0.0004885629043961,0.02416650431859,0.0041926484185672,0,0.0089496853083163,-0.0221682109386106,-0.0076910290841698,-0.0077814411975257,0.0021327089383101,0.0297747165654678,0.0569457136853292,0.2417287146830135,0.0041926484185672,5.0,1.6,0.2,77.0,0.35064935064935066
Dai-ichi Life Holdings,Japan,2023,2023-09-29,213,8,0.0003040555699925,0.1948391431785779,0.0193452106726466,0,0.0204675175292615,0.0091011601929149,-0.0008158048671871,-0.001516143223598,-0.0102818991114997,-0.0048445844265227,0.0331785395252881,-0.0746937679431524,0.0193452106726466,17.0,1.1764705882352942,0.7058823529411765,102.0,0.5294117647058824
MS&AD Insurance Group Holdings,Japan,2013,2013-10-04,212,9,0.0034216038942727,0.0877971906691968,-0.0622417864045593,0,-0.08243419318283,-0.0405455340322047,-0.006658121680326,-0.0392947696791925,-0.0672203547282437,0.0024836423371985,-0.0526037818299958,-0.1108907702142714,0.0622417864045593,6.0,1.1666666666666667,0.16666666666666666,28.0,0.6071428571428571
MS&AD Insurance Group Holdings,Japan,2014,2014-10-21,213,8,-0.0002505798774197,0.5166837713453309,0.009954600055481,0,-0.0216328854554744,-0.0192215949529384,-0.0072480484756813,0.1265230665916012,0.1568129965364186,0.3085211208643203,0.3015946600193556,0.2303913327195192,0.009954600055481,5.0,1.4,0.8,30.0,0.8
MS&AD Insurance Group Holdings,Japan,2015,2015-10-19,214,7,0.0021246563152206,0.6825552242271299,0.024076204551785,0,0.040206724014292,-0.0080354311793742,0.0297970472583324,0.0570560276490563,0.0451435888136403,-0.0548396173246738,-0.1040204981177138,-0.1767295982913083,0.024076204551785,42.0,1.3571428571428572,0.30952380952380953,182.0,0.2802197802197802
MS&AD Insurance Group Holdings,Japan,2018,2018-10-12,213,8,-0.0006446733063739,-0.0291856553860062,-0.0627694168799032,0,-0.0572968156897271,-0.0416582761494556,-0.0310249838949943,-0.0702420390434532,-0.029538190285574,-0.0589929769181719,-0.0868922569590964,-0.0614622344503066,0.0627694168799032,47.0,1.3404255319148937,0.3829787234042553,171.0,0.36257309941520466
MS&AD Insurance Group Holdings,Japan,2020,2020-11-06,213,8,-0.0006938700831677,0.1710523233444857,0.0183625445460328,0,0.076647262702643,0.0259295959807243,0.0621369070841391,0.0845438289079514,0.1257392682580329,0.0921591034198349,0.174525158697522,0.1280866960649542,0.0183625445460328,36.0,1.3055555555555556,0.6388888888888888,146.0,0.4726027397260274
MS&AD Insurance Group Holdings,Japan,2022,2022-10-25,212,9,0.000986451990876,0.1160264219841565,0.0165917001024048,0,-0.0159459076896391,0.0117421368707622,0.0044773136791381,-0.0200295197489142,0.0068792411107715,-0.0680672623341216,0.0202758464406762,0.0115550986667109,0.0165917001024048,56.0,1.3214285714285714,0.5535714285714286,143.0,0.4825174825174825
MS&AD Insurance Group Holdings,Japan,2023,2023-10-23,212,9,0.0014495567976839,0.0252663545397081,-0.026822551744145,0,-0.0313148179121985,-0.0104131865864957,-0.016486155412376,0.02947038336704,-0.0309942959495923,0.0079640844173896,-0.0785576138243784,0.0067709098819034,0.026822551744145,47.0,1.446808510638298,0.7446808510638298,127.0,0.5354330708661418
"MetLife, Inc.",United States,2012,2013-04-12,221,0,-1.558826283162326e-06,0.4694886311967747,-0.0338863797329184,0,-0.0067871905978094,-0.0210835457656093,-0.0299335009580183,0.0764970457473114,0.0880779500746108,0.1243648443960829,0.1768751241030825,0.2760645271555139,0.0338863797329184,9.0,1.2222222222222223,0.3333333333333333,102.0,0.39215686274509803
Munich Re,Europe (Germany),2012,2013-03-13,214,7,0.0010661856577519,0.2264295602918134,0.0109532264801479,0,0.0293737656133469,0.0061527479440307,0.0169454740926806,0.0041467350731742,0.0182373509119716,0.0318562301441989,-0.0033440023252706,-0.0622622234696046,0.0109532264801479,4.0,1.5,0.0,44.0,0.22727272727272727
Munich Re,Europe (Germany),2013,2014-03-12,216,5,6.444966989104721e-05,0.2491182037078226,-0.0162500410451826,0,-0.0251663702622345,-0.022352290722834,-0.0181469043418298,0.0336206175523497,0.045016216388734,0.0728055424169314,0.0590752967219164,0.0758014789360577,0.0162500410451826,1.0,2.0,0.0,33.0,0.5454545454545454
Munich Re,Europe (Germany),2014,2015-03-11,216,5,0.0008980044814941,0.6612684588999864,0.0344656135243213,0,0.0398863490597685,0.0167068133474564,0.0228491473038261,0.0424203911862709,0.0468768089513661,-0.0472469142755788,-0.1090767170119301,-0.176271842046895,0.0344656135243213,1.0,1.0,0.0,40.0,0.125
Munich Re,Europe (Germany),2015,2016-03-09,216,5,4.411558848735787e-06,0.5084008111755451,0.0053683917673643,0,0.0213459728294696,-0.0043541842635934,0.0290884281099231,-0.0318227570914879,-0.0356977478594999,-0.0124311227167488,-0.0846125440385668,-0.0736947902700983,0.0053683917673643,3.0,2.0,1.0,46.0,0.30434782608695654
Munich Re,Europe (Germany),2016,2017-03-08,215,6,-0.0003509843071213,0.8962727031867378,0.0018545194907767,0,4.300877549738222e-05,-0.0008383946052978,-0.0226129635261889,0.0054324203641984,0.0145769998832137,0.0215180592874435,0.0039619093120413,-0.0002655452516281,0.0018545194907767,2.0,1.0,1.0,42.0,0.42857142857142855
Munich Re,Europe (Germany),2017,2018-03-07,216,5,-0.0001670612645297,0.7629321167239965,0.0155072624678209,0,0.0158978866953789,0.008825205920462,-0.0065536038080455,0.0580865811970537,0.0646720987121103,0.0673491935247194,0.076625055346867,0.0342615205184398,0.0155072624678209,1.0,3.0,1.0,56.0,0.5
Munich Re,Europe (Germany),2018,2019-03-06,215,6,0.0007139438126811,0.3783590465571302,0.0036035216198211,0,0.0053368831472729,0.0023990347361529,-0.0047749157576342,-0.015407016706424,0.0030033643181318,0.0159547976038192,0.0041350736426255,0.0398056625476022,0.0036035216198211,2.0,1.0,0.0,49.0,0.6530612244897959
Munich Re,Europe (Germany),2019,2020-03-18,216,5,0.0007899236120789,0.6159695998096401,0.0153479464657694,0,0.0038140489623917,0.0763402922289906,0.1936116068888398,0.1361821765699485,0.1481131303967652,0.1690483513312384,0.1336383333674015,0.2409527593331801,0.0153479464657694,9.0,2.2222222222222223,0.5555555555555556,60.0,0.7333333333333333
Munich Re,Europe (Germany),2020,2021-03-10,216,5,-0.0003213373325698,0.851325328305928,-0.0303133729572911,0,0.0201575500884567,-0.0117416765459962,-0.0378341552177814,-0.0145877049320128,-0.0247067920667952,-0.0648431654837588,-0.0717375049324055,-0.1060428367263819,0.0303133729572911,15.0,1.7333333333333334,0.5333333333333333,74.0,0.43243243243243246
Munich Re,Europe (Germany),2021,2022-03-16,216,5,0.0002328804094653,0.6398360213812717,-0.0607184740274396,0,-0.055748885307931,-0.0415427346225225,-0.0341106005728477,-0.0438797624841861,-0.0309363161308229,0.0041870888243771,0.0031212209861611,-0.0158091377568999,0.0607184740274396,28.0,2.0357142857142856,0.5714285714285714,86.0,0.5465116279069767
Munich Re,Europe (Germany),2022,2023-03-09,214,7,0.0019498500230919,0.3263738570904363,-0.0086790694525663,0,-0.0489600429361024,-0.000520785800512,-0.0676061781118191,-0.0534404237937736,-0.044275957653831,-0.0425475280551976,-0.0807657486162596,-0.0768391829219209,0.0086790694525663,20.0,1.85,0.65,84.0,0.47619047619047616
Munich Re,Europe (Germany),2023,2024-03-13,215,6,0.0011346209706307,0.2221123441714955,0.0038565104154106,0,0.0093504756442264,0.0039064472104025,0.0098387056792043,-0.0541644788007502,-0.0762266770037802,-0.0549291039752295,0.0226727114760671,0.0106219393322147,0.0038565104154106,7.0,2.0,0.42857142857142855,80.0,0.575
People's Insurance Company of China (PICC),China / Hong Kong,2013,2014-04-24,215,6,-0.0010201605295758,0.2204401462043432,-0.0350022355881137,0,-0.0488340661075664,-0.0199453790902151,-0.0259266791615547,0.0122505060988318,0.0237576735491686,0.0571114460381448,0.059498091126722,0.1186179127500103,0.0350022355881137,7.0,1.5714285714285714,0.42857142857142855,41.0,0.6829268292682927
People's Insurance Company of China (PICC),China / Hong Kong,2014,2015-04-28,215,6,0.001270405003907,0.1791095722973044,0.0169646084544664,0,0.0552137869040196,-0.0164371410108988,0.0380652511472635,0.0109024593768666,-0.0009560139789876,-0.1046785498769071,-0.1507937515921549,-0.2584116961289494,0.0169646084544664,8.0,1.375,0.875,52.0,0.7692307692307693
People's Insurance Company of China (PICC),China / Hong Kong,2015,2016-04-29,216,5,-0.0019366515611283,0.9505631769557444,-0.0385451531788297,0,-0.022611332719732,-0.0437398847282448,-0.039354863858393,-0.02742605706234,0.0015869840069901,0.0164262296708586,0.0070992260898039,0.052128270842677,0.0385451531788297,3.0,2.0,0.6666666666666666,60.0,0.7666666666666667
People's Insurance Company of China (PICC),China / Hong Kong,2016,2017-04-26,215,6,-0.0005121109133223,0.4835437058144638,0.025077157482266,0,0.0212649726159534,0.0115947928428701,-0.0158618607589273,0.0424599346425264,0.0523507621984352,0.0316513364042894,0.0636749155844817,0.167363838158955,0.025077157482266,18.0,1.5555555555555556,0.5,68.0,0.6617647058823529
People's Insurance Company of China (PICC),China / Hong Kong,2017,2018-04-23,216,5,0.0015887335230415,0.0075386026896488,-0.0180615768656287,0,-0.0240896138071458,0.0050387950364491,0.0299026032416344,0.0257235880465745,-0.0085984453133825,0.0691301850108113,-0.0699532224567373,-0.103083325073058,0.0180615768656287,18.0,1.6111111111111112,0.5,68.0,0.6617647058823529
People's Insurance Company of China (PICC),China / Hong Kong,2018,2019-03-28,215,6,-0.0004869457256612,0.5551593081985307,0.0082831369058004,0,0.0020464113643781,0.0088529074953106,0.0134327942366597,-0.0109554154650512,-0.044381478722832,-0.1234447108319636,-0.0873668345514242,-0.0682854953373271,0.0082831369058004,15.0,1.8666666666666667,0.5333333333333333,96.0,0.59375
People's Insurance Company of China (PICC),China / Hong Kong,2019,2020-03-27,216,5,-0.0011212909788773,0.5076853281693954,0.0025523496407046,0,0.1161930358880363,0.0255130804790566,0.0868026425218391,0.0586910994381912,0.0773162111135444,0.0302655771900036,-0.0247929913800941,0.0259893297737157,0.0025523496407046,15.0,1.6,0.8,114.0,0.7017543859649122
People's Insurance Company of China (PICC),China / Hong Kong,2020,2021-03-26,216,5,-0.0005737661129117,0.4656301174628751,0.009997037242431,0,0.0186350014374641,7.56800832243075e-06,-0.0075040157368889,0.0120738263309326,0.0163350043085181,0.0966152061720698,0.1321123639808196,0.107515000686892,0.009997037242431,10.0,1.6,0.5,80.0,0.675
People's Insurance Company of China (PICC),China / Hong Kong,2021,2022-04-01,215,6,0.0004825332164359,0.1413944616873165,0.041734570550804,0,0.0438427593570043,0.028212108976167,0.0034057332275035,-0.0655935186830986,-0.0087131306796677,-0.0398040499585495,-0.0383033193429324,-0.0071914668170128,0.041734570550804,5.0,2.2,1.0,63.0,0.8253968253968254
People's Insurance Company of China (PICC),China / Hong Kong,2022,2023-04-11,214,7,0.0004082720303741,-0.0083269925770812,0.0292438266473998,0,0.0209024494721522,0.0296222739252756,0.0613684330132714,0.1578733962670707,0.2081994215590813,0.1548695713046384,0.1408229776053617,0.123873846276544,0.0292438266473998,9.0,1.5555555555555556,0.7777777777777778,60.0,0.8166666666666667
People's Insurance Company of China (PICC),China / Hong Kong,2023,2024-04-18,214,7,-0.0001732229187168,0.3206034504197516,0.0210968489668873,0,0.0277938839039465,0.0158784049750685,0.0350940070557112,0.0896029794797923,0.1456622809406286,0.0579405862833545,0.029607910988013,0.0513361790538473,0.0210968489668873,9.0,1.3333333333333333,0.4444444444444444,57.0,0.6666666666666666
Ping An Insurance Group,China / Hong Kong,2012,2013-03-27,214,7,0.0005420118908901,0.3777458102743026,-0.0042637527846366,0,-0.0173162741718991,0.0031440078755094,-0.0472854315985145,-0.0084538491240346,-0.0153978574188382,-0.0249968773900551,-0.0795455389469064,-0.1927520082658702,0.0042637527846366,18.0,2.111111111111111,0.8333333333333334,113.0,0.6548672566371682
Ping An Insurance Group,China / Hong Kong,2013,2014-03-20,216,5,-1.212618572391386e-05,0.10281133787723,0.0074376983522254,0,0.0422904769533589,-0.0054560709505269,0.0478362038755007,0.0630025408215934,-0.0098591025572299,-0.0667762709182511,-0.0363035665651891,0.0055508084167923,0.0074376983522254,24.0,2.125,0.625,122.0,0.6639344262295082
Ping An Insurance Group,China / Hong Kong,2014,2015-03-19,216,5,0.0020254751982734,0.167567294079358,0.0500531762526655,0,0.0657018765517601,0.0440700859456632,0.0255044681926044,0.1437926861134283,0.190888082155752,0.1622389751434366,0.2007701385053738,0.1212709051038831,0.0500531762526655,19.0,1.6842105263157894,0.5263157894736842,133.0,0.631578947368421
Ping An Insurance Group,China / Hong Kong,2015,2016-03-17,217,4,-0.0002065581433767,0.8457511570706866,0.0439063084268719,0,0.0510888447157533,0.0412057291226472,0.0326413160767358,-0.0014240844824201,0.0451121982521596,0.0340565437869469,-0.0506665990357385,-0.0520046113541304,0.0439063084268719,4.0,1.75,1.0,155.0,0.6903225806451613
Ping An Insurance Group,China / Hong Kong,2016,2017-03-16,216,5,0.0003732382350714,0.5177983822779586,0.0173755001788557,0,0.0354465665785849,0.0222613311839978,0.0410798423867345,0.0164268042409638,0.0010919100923774,0.0191749382117691,0.1492729860657282,0.134768454608998,0.0173755001788557,1.0,2.0,0.0,55.0,0.6
Ping An Insurance Group,China / Hong Kong,2017,2018-03-22,216,5,0.0032243303649795,0.4898463752874062,-0.0671582579921959,0,-0.0930331969388723,-0.031605048635039,-0.1112160362768116,-0.1442118867476485,-0.1235202237668444,-0.2411519365869129,-0.2892357677015653,-0.3430225494178886,0.0671582579921959,4.0,2.0,0.5,67.0,0.5671641791044776
Ping An Insurance Group,China / Hong Kong,2018,2019-03-13,215,6,-9.915293733667405e-05,0.4521362658015867,0.0494006751685239,0,0.0520160712311492,0.0291934678937717,0.0530258054658045,0.085324596728539,0.0946860646363591,0.1176203959958566,0.0155207547951,0.0583260653739895,0.0494006751685239,11.0,2.1818181818181817,0.45454545454545453,67.0,0.5522388059701493
Ping An Insurance Group,China / Hong Kong,2019,2020-03-30,215,6,0.0001220051932804,0.49998467736948,0.0081980734262594,0,-0.0051856479885328,-0.0055499151020894,-0.0233972895909453,-0.0230282317665488,-0.0256238060899289,-0.0466914761312404,-0.0478920587821857,-0.0701712790524807,0.0081980734262594,13.0,1.4615384615384615,0.8461538461538461,84.0,0.6071428571428571
Ping An Insurance Group,China / Hong Kong,2020,2021-03-17,216,5,0.0001037365411228,0.2452334838019816,-0.0196402983337028,0,-0.0226913672675692,-0.0171661468630015,-0.0445827212599075,-0.079543332092389,-0.0928234153276015,-0.15744459365184,-0.1593839203836065,-0.204792907086404,0.0196402983337028,10.0,1.7,0.7,84.0,0.6785714285714286
Ping An Insurance Group,China / Hong Kong,2021,2022-03-17,215,6,-0.001825723421257,0.3543495683288666,0.2205614438561155,0,0.0354950915128087,0.148187550517043,0.1345802301090902,0.1911220894865627,0.1338665250254298,0.0986520591767796,0.0367901086026421,0.194613491475579,0.2205614438561155,21.0,1.619047619047619,0.47619047619047616,98.0,0.5306122448979592
Ping An Insurance Group,China / Hong Kong,2022,2023-03-15,215,6,0.0012934898793716,0.2285790951184723,-0.0396208186982447,0,-0.0034828639736882,-0.006109262567437,0.0091139650426569,-0.0231112088466144,0.0275102043233708,0.0486946676693847,-0.0114445512211163,-0.0235068999612007,0.0396208186982447,21.0,1.6666666666666667,0.6666666666666666,100.0,0.67
Ping An Insurance Group,China / Hong Kong,2023,2024-03-21,215,6,-0.0022679738339044,0.6787797341180289,-0.0409887739161673,0,-0.0828685704206942,-0.0354573625625764,-0.0403530575172645,-0.0968334810908854,0.0095584383778302,0.1622867391253207,0.2544077778453826,0.1850003927890414,0.0409887739161673,24.0,1.4166666666666667,0.4166666666666667,129.0,0.49612403100775193
Power Corporation of Canada,Canada,2012,2013-03-13,215,6,0.0003810764243881,0.2498214191632057,-0.016387533973209,0,-0.0007146107481122,-0.0156530426168681,0.0037865596487882,-0.0468673019870979,-0.0508483592461303,-0.0607568641768773,-0.0017753906717278,0.0104272476041596,0.016387533973209,3.0,1.0,0.0,182.0,0.3626373626373626
Power Corporation of Canada,Canada,2013,2014-03-19,217,4,0.0004034466320524,0.2159244291320375,0.0071504355098344,0,0.0197334446332019,-0.004997933308365,-0.0210894904116041,-0.0040950665807657,-0.0137646839346174,-0.0043789686822445,-0.04381066593945,-0.0608036846765642,0.0071504355098344,6.0,1.6666666666666667,0.16666666666666666,164.0,0.3902439024390244
Power Corporation of Canada,Canada,2014,2015-03-18,217,4,0.000114739756703,0.4807186912329804,-0.0104059491247033,0,0.0261661254480629,-0.0136991781651732,0.0067927047262209,0.0165083912062861,-0.0064804389618602,-0.0235913958409617,-0.0508564887545853,-0.035177980961183,0.0104059491247033,10.0,1.6,0.4,115.0,0.391304347826087
Power Corporation of Canada,Canada,2015,2016-03-23,217,4,-0.0002666300345345,0.7164798340809905,-0.0145420956211132,0,-0.0044077679188449,-0.0112276948074595,-0.0118053238798931,-0.0110076728280656,0.0024189433478921,-0.0267088692183964,-0.021880778408564,-0.0484162747503041,0.0145420956211132,9.0,1.5555555555555556,0.3333333333333333,115.0,0.34782608695652173
Power Corporation of Canada,Canada,2016,2017-03-24,217,4,-5.900246266825276e-05,0.6564958310215456,-0.017099963138365,0,-0.0252572903930827,-0.0313070907978898,-0.0381204839955593,-0.0434832174264292,-0.0353812734604991,-0.0497224195647613,-0.1369041305074826,-0.1111863041067092,0.017099963138365,15.0,1.6,0.26666666666666666,145.0,0.31724137931034485
Power Corporation of Canada,Canada,2017,2018-03-23,217,4,-0.0004397700786487,0.4703584951043466,-0.0458357774098451,0,-0.0283705958973604,-0.0383219402938809,0.0054298046696866,-0.012596959647678,0.0137714301611072,0.0279169535934712,0.0395034328910848,0.0731004383670309,0.0458357774098451,10.0,1.9,0.2,121.0,0.3305785123966942
Power Corporation of Canada,Canada,2018,2019-03-20,216,5,-0.0004071011101388,0.3676120258865756,0.051023981149074,0,0.0538387263643532,0.0353301433440098,0.0399138762791534,0.0342836003495757,0.0601676394475733,0.009068767285016,-0.0296569224516475,-0.0568052076412439,0.051023981149074,10.0,1.9,0.4,106.0,0.3018867924528302
Power Corporation of Canada,Canada,2019,2020-03-18,217,4,0.0001822665219189,0.5599527684723531,0.0090651575498627,0,-0.1290455089952661,0.0063069026259684,0.0498953341983954,0.0170729260290087,-0.0864957105848795,0.0102136557474216,-0.0226395924867551,0.0607801342695815,0.0090651575498627,15.0,1.2,0.4,103.0,0.33980582524271846
Power Corporation of Canada,Canada,2020,2021-03-17,217,4,-0.0001095049605291,1.267599097226143,0.0442090714133299,0,0.0253048462094026,0.0402505122412581,0.0388418568283339,0.0174352107174578,0.0131172936811816,0.0465255537309538,0.1312051543401948,0.1461313696393387,0.0442090714133299,18.0,1.5555555555555556,0.5,93.0,0.46236559139784944
Power Corporation of Canada,Canada,2021,2022-03-17,216,5,0.001222234565842,0.3228325448071115,-0.0221281750266924,0,-0.0511250604356846,-0.0233751412011309,-0.0124305798321522,-0.0246990563897725,-0.0258492233814969,-0.0360867960145829,-0.1155997057585807,-0.1404820458829361,0.0221281750266924,14.0,1.6428571428571428,0.5714285714285714,86.0,0.5697674418604651
Power Corporation of Canada,Canada,2022,2023-03-16,216,5,-6.106246071867856e-05,0.5356807155722269,-0.051486279900507,0,-0.0506983648545663,-0.0352663875790601,-0.0155712869224445,-0.0228995304193964,-0.0114076186623465,0.0176504844575843,-0.000528847369205,-0.0431211576531365,0.051486279900507,19.0,1.5789473684210527,0.5263157894736842,144.0,0.6319444444444444
Power Corporation of Canada,Canada,2023,2024-03-20,216,5,0.0003322084486708,0.6293582849399162,0.014868034829501,0,-0.0314475420300786,0.0082397526372087,-0.0272837478052222,-0.0620099377122928,-0.040561084028721,-0.0269722939772173,0.0152228805397934,-0.0420991599738482,0.014868034829501,11.0,1.9090909090909092,0.6363636363636364,71.0,0.7464788732394366
"Prudential Financial, Inc.",United States,2015,2016-03-28,221,0,-0.0003729077006023,1.1826546435347127,-0.03316578379928,0,-0.0226392814467492,-0.0033863793413141,0.0145351490051499,0.048757826569521,0.0756245666481333,0.0606430216982601,0.1050620281103534,0.0359816908138198,0.03316578379928,23.0,1.391304347826087,0.7391304347826086,122.0,0.7049180327868853
"Prudential Financial, Inc.",United States,2016,2017-03-30,221,0,0.0014102385307857,1.2301461320490978,0.007278540437683,0,0.0052736430916321,0.0136348540464106,0.0081824276796772,-0.0108557899333275,-0.0299993437077379,-0.0616587308819481,-0.107574104862048,-0.1440176981947002,0.007278540437683,32.0,1.375,0.5625,112.0,0.6517857142857143
"Prudential Financial, Inc.",United States,2017,2018-03-29,221,0,-0.0005847341321158,1.3661710375222842,-0.0053767528574146,0,0.0063558194120054,-0.0073675447073707,-0.0050097194056221,0.0132001322315502,0.0226117175220197,-0.0694291477502165,-0.0538267165201824,-0.0583166753906564,0.0053767528574146,46.0,1.565217391304348,0.717391304347826,126.0,0.7380952380952381
"Prudential Financial, Inc.",United States,2018,2019-03-28,221,0,-0.0003387806290741,1.2190879774211802,0.0006207878044341,0,0.0391814182623435,-0.0047572273774385,0.0325511882450844,0.0913084672576315,0.0867202955176978,0.0888304995753393,0.0817339215760845,0.0618237523960968,0.0006207878044341,104.0,1.6730769230769231,0.6923076923076923,169.0,0.6745562130177515
"Prudential Financial, Inc.",United States,2019,2020-03-27,221,0,-0.0007129949243409,1.553340599242534,-0.0353613268329221,0,0.0092636227628982,-0.0082193931589534,-0.0773775226215799,-0.0721343914216566,-0.0034370140057272,-0.0615822252211946,-0.0496467620526281,-0.0210719792105301,0.0353613268329221,18.0,1.1666666666666667,0.4444444444444444,58.0,0.43103448275862066
"Prudential Financial, Inc.",United States,2020,2021-03-26,221,0,-0.0008804936086677,1.6922900575631084,-0.0051089178464521,0,0.029698086727981,-0.0202320525976766,-0.0371140663078068,-0.0019279208829282,-0.0043649301068042,0.082500265946458,0.1083604533066217,0.0323218917116082,0.0051089178464521,32.0,1.5,0.8125,75.0,0.64
"Prudential Financial, Inc.",United States,2021,2022-03-25,221,0,0.0010420536841662,1.114454491803735,0.0014208335537345,0,-0.0147531104337337,-0.0027765868288758,-0.0192501031398587,0.0120015173656977,-0.0051765549284405,-0.0145834451038454,-0.0584381068944901,-0.0972787461016857,0.0014208335537345,45.0,1.7333333333333334,0.5333333333333333,87.0,0.5747126436781609
"Prudential Financial, Inc.",United States,2022,2023-03-23,221,0,-5.411934394517286e-05,0.9641349254689704,-0.0513358072140902,0,-0.0194744424571251,-0.0181395550063504,0.0110927992536688,0.0338917382541738,0.0353838563876686,-0.006648421948147,-0.0169052110621276,0.0096370498464253,0.0513358072140902,22.0,1.3636363636363635,0.5454545454545454,71.0,0.704225352112676
"Prudential Financial, Inc.",United States,2023,2024-03-28,221,0,0.0005478601756244,1.0686338957298402,-0.0026406779279202,0,0.0067983813928461,-0.0042797059754597,-0.0045893221923148,-0.0072239314161167,-0.0377626276661641,0.0031271459897645,0.0005954507692063,-0.0367441795403508,0.0026406779279202,17.0,1.411764705882353,0.5294117647058824,52.0,0.7115384615384616
Sompo Holdings,Japan,2017,2017-09-05,213,8,0.0012624568696434,0.5239788355605883,-0.0133763819155151,1,-0.0339380522912408,-0.0133763819155151,-0.0153965800770879,0.0068930598032206,0.0146403958336118,-0.054945567075886,0.0045416242115667,-0.0928307587500979,0.0133763819155151,24.0,1.2916666666666667,0.7083333333333334,70.0,0.42857142857142855
Sompo Holdings,Japan,2021,2021-08-27,213,8,0.0011093979099276,0.2351249291821938,0.0058364514823558,0,-0.0067601561617466,-0.0001621985602349,0.0187759021923046,0.040376142172625,0.0404929857889496,0.023710985105379,-0.0269780810423562,-0.0253564411489479,0.0058364514823558,31.0,1.3548387096774193,0.3225806451612903,114.0,0.34210526315789475
Sompo Holdings,Japan,2022,2022-08-26,212,9,0.001729602330936,0.1464247008687473,0.0021817941083277,0,0.0100165180784768,-0.0088753294484921,-0.0110308395050922,0.0062290544077757,-0.0352347855320858,-0.0019540814213472,0.0138366318963871,-0.0805795411065142,0.0021817941083277,60.0,1.2833333333333334,0.31666666666666665,186.0,0.20430107526881722
Sompo Holdings,Japan,2023,2023-08-30,212,9,0.0005363101169587,0.0337786268273261,0.0057355026351462,0,0.0228013400739699,0.0154854280342815,0.0373338528092442,0.0832495385934899,0.0762668764714052,0.0244604697777455,0.0640925620060724,0.0631619403389778,0.0057355026351462,18.0,1.5,0.5,72.0,0.4027777777777778
Swiss Re,Europe (Switzerland),2014,2015-03-12,216,5,0.0005250710893573,0.4491666199637658,0.0176498754067403,0,0.0279325910204571,0.0069491263433387,0.0146612997415001,0.0259744729815074,0.0413086349626598,-0.0201663106422914,-0.0334599589218843,-0.0194553563095597,0.0176498754067403,8.0,1.125,0.625,54.0,0.6296296296296297
Swiss Re,Europe (Switzerland),2015,2016-03-16,217,4,0.0006883567214582,0.5877222177999237,0.0072701275802738,0,0.0007065189401375,0.0042599732517241,0.0048956365662037,-0.0385757521142185,0.0075833503857774,-0.0348895158446217,-0.0052208314778582,-0.097138948634498,0.0072701275802738,5.0,1.0,0.6,44.0,0.6363636363636364
Swiss Re,Europe (Switzerland),2016,2017-03-16,216,5,0.0002162788332137,0.8155990665673978,0.0047476158092432,0,0.0023311508881281,0.0033052919665176,0.0018192591349537,0.0017278590663374,-0.0042006367253679,0.0034054670268152,0.0004167980282656,-0.0220661096432053,0.0047476158092432,4.0,1.25,0.25,67.0,0.14925373134328357
Swiss Re,Europe (Switzerland),2017,2018-03-15,216,5,-0.0001649371110271,0.6724174540486763,0.0084802130473083,0,-0.0050298616421071,0.0145397930285328,0.0072210463363608,0.0073381610300586,-0.0025298172536681,0.0487017589206567,0.0074134800967772,-0.0207910364225181,0.0084802130473083,17.0,1.4705882352941178,0.47058823529411764,82.0,0.3902439024390244
Swiss Re,Europe (Switzerland),2018,2019-03-14,215,6,0.0002265942711564,0.3299216969156329,0.0183562640680519,0,0.011099780295596,0.0171243414544341,-0.0145156101210409,0.006079098086643,0.0028359731714464,0.0382106173031806,0.0045699281328077,0.0395960384442464,0.0183562640680519,11.0,1.4545454545454546,0.5454545454545454,93.0,0.27956989247311825
Swiss Re,Europe (Switzerland),2019,2020-03-19,216,5,0.0002674270657114,0.5388598877210623,0.0084746558860323,0,-0.0519906959188826,0.0424298939380232,0.2146441957848906,0.2795290550167583,0.277489969582573,0.155156501100857,0.1271208246877223,0.2154776389492857,0.0084746558860323,21.0,2.0,0.5238095238095238,109.0,0.6422018348623854
Swiss Re,Europe (Switzerland),2020,2021-03-18,216,5,-0.000201244945054,0.991190797389101,0.0106697933294053,0,0.0071939056213997,0.0205333170715982,0.04383184185733,0.0213083048175765,-0.0210491480931649,-0.0074981852145398,0.0041993238910723,0.0082306451193515,0.0106697933294053,12.0,2.0833333333333335,0.6666666666666666,75.0,0.49333333333333335
Swiss Re,Europe (Switzerland),2021,2022-03-17,216,5,0.0005672923722448,0.4412769139535157,-0.0094237576807781,0,-0.0109896772546635,-0.0086429237204757,-0.0092004738463347,-0.009238227470667,0.0268385981680734,-0.0032013744800954,0.005272099811459,-0.0038230322636882,0.0094237576807781,20.0,1.9,0.55,94.0,0.5
Swiss Re,Europe (Switzerland),2022,2023-03-16,215,6,0.0007121444801055,0.3324084844077973,-0.0386215370098536,0,-0.0308956205199237,0.0088880169377899,0.0392310231684459,0.0511031710382472,0.0152811168194392,0.0485903090016025,0.0616091197724632,0.0072831237713368,0.0386215370098536,19.0,2.0,0.631578947368421,96.0,0.40625
Swiss Re,Europe (Switzerland),2023,2024-03-13,216,5,0.0004163776317134,0.4361011601778319,0.0262382370464937,0,0.0417860364191746,0.0253241248483509,0.0439728501884855,-0.0253888325123595,-0.0435298286385717,-0.0440789560702555,0.0420962514344512,0.038572358246885,0.0262382370464937,20.0,1.55,0.8,76.0,0.6710526315789473
Talanx AG,Europe (Germany),2013,2014-03-26,216,5,0.000237862789898,0.2363225810333755,0.0260993891427176,0,0.046689380090844,0.0087079309355542,0.0173868609573946,0.0221712460617405,0.0485016214087513,0.0545137278737184,0.050965953549284,0.003556665725247,0.0260993891427176,1.0,1.0,0.0,41.0,0.43902439024390244
Talanx AG,Europe (Germany),2014,2015-03-25,216,5,0.0004303327949771,0.5458711838997855,-0.0239191265466893,0,-0.0781148094136812,-0.0279031142050261,0.0157439063388296,0.0246768186409642,-0.0123161594075604,-0.0482903242268882,-0.0382942402807544,-0.0452200411369578,0.0239191265466893,1.0,2.0,0.0,58.0,0.3103448275862069
Talanx AG,Europe (Germany),2016,2017-03-30,215,6,0.0003044106212819,0.8874676403451033,0.0432231933708389,0,0.044823309192408,0.0217602201124808,0.0273961050303054,0.0302974839801921,0.0258707420039247,0.0498595656753375,0.0069237144034811,0.0131219005367781,0.0432231933708389,1.0,3.0,-1.0,53.0,0.6037735849056604
Talanx AG,Europe (Germany),2017,2018-03-28,216,5,0.0002896736954151,0.3722639601691134,0.034006262958353,0,0.0035965586428339,0.014598289849463,0.0226114938748737,0.028610488629391,0.0379211633810733,-0.0040819385353949,-0.0227541224689977,-0.085807401923006,0.034006262958353,1.0,1.0,1.0,43.0,0.5348837209302325
Talanx AG,Europe (Germany),2019,2020-03-27,216,5,0.0013356882651186,0.5062063323844602,-0.0994578404562689,0,-0.0558853140969239,-0.0487705451834584,-0.0611698703607189,-0.0658360461559284,-0.0356393796867483,-0.079329837190027,0.0046283221032059,-0.0889498696025411,0.0994578404562689,5.0,2.0,0.8,35.0,0.9142857142857143
Talanx AG,Europe (Germany),2020,2021-03-30,215,6,-0.0013642953818466,0.918933141317739,0.0114725103060906,0,-0.0017630441613653,0.0005107543858857,-0.0035028968497218,-0.0187501012844088,-0.0369485197663389,0.0240272976233167,0.0300975418105525,0.0378562619453897,0.0114725103060906,6.0,2.1666666666666665,0.6666666666666666,42.0,0.5952380952380952
Talanx AG,Europe (Germany),2021,2022-03-30,216,5,0.0007879529401427,0.6492084874893265,0.0100884868843573,0,0.0179066142004406,-0.0012252358290117,-0.0130020033537134,0.0325864770439465,0.033122724503206,0.0441644666492542,0.0266043445163098,-0.0241912014067646,0.0100884868843573,6.0,2.0,1.0,38.0,0.8157894736842105
Talanx AG,Europe (Germany),2022,2023-03-30,214,7,0.0008271537950008,0.3357582153696657,-0.0017257462337887,0,-0.0074999287715264,-0.0048884439670008,0.0169987720580755,0.0437712909528789,0.0275502828527771,0.1452546674039939,0.1850264028553381,0.1530766109802704,0.0017257462337887,10.0,1.6,0.7,50.0,0.84
Talanx AG,Europe (Germany),2023,2024-03-27,215,6,0.0021711720205787,0.3084232451950621,0.0228307359925066,0,0.0151798439383728,0.0133511475703991,-0.0180051044010257,-0.0743034734421645,-0.0478754924025065,-0.0742512043776914,-0.0476156205260968,-0.0801957215327497,0.0228307359925066,8.0,2.125,0.875,47.0,0.8723404255319149
The Allstate Corporation,United States,2012,2013-04-12,221,0,0.0015977303984175,0.3036016402804224,-0.0109151356355299,0,-0.0148373444286907,-0.0170755774047972,-0.0238779883111118,-0.0613234506804103,-0.0628396771607918,-0.0826721159008681,-0.1378859623339227,-0.0873589825532515,0.0109151356355299,8.0,2.0,0.75,51.0,0.47058823529411764
The Allstate Corporation,United States,2013,2014-04-11,221,0,0.0003971395650888,0.2334502877171657,-0.0169049037553722,0,-0.0040258368638038,-0.0057273608261699,0.0005823666786542,0.0174699006519997,0.0365092692086793,0.033143194036238,0.0415079165739928,0.0204493524925842,0.0169049037553722,9.0,1.4444444444444444,0.5555555555555556,49.0,0.6122448979591837
The Allstate Corporation,United States,2014,2015-04-10,221,0,0.0010650196294211,0.4482402777723913,0.0013405903121181,0,-0.0089338758641389,-0.0024869334881482,-0.0202740726748352,-0.0490450344919489,-0.0972594217294812,-0.1080003518710654,-0.1207063181599286,-0.1408967386696592,0.0013405903121181,9.0,1.4444444444444444,0.5555555555555556,49.0,0.6122448979591837
The Allstate Corporation,United States,2015,2016-04-08,221,0,-2.369677737852484e-05,0.6411483968894348,0.0005644678506414,0,-0.0049510463856705,0.0028212869995766,-0.0150717244221465,-0.0364565864458472,0.0031957977810736,0.0022471277412389,0.0007949318714736,0.0382666841814728,0.0005644678506414,6.0,1.1666666666666667,0.16666666666666666,44.0,0.4772727272727273
The Allstate Corporation,United States,2016,2017-04-07,221,0,0.0006867151668569,0.4529877856378617,-0.0033101914868049,0,-0.0096496319625488,-0.0026356316938664,-0.0028508339455678,-0.0202582898437402,0.0134496788710996,0.0028889592823735,0.0282001769703999,0.0298546130942559,0.0033101914868049,18.0,1.6666666666666667,0.5,55.0,0.4727272727272727
The Allstate Corporation,United States,2017,2018-04-06,221,0,0.0001532677089802,0.7735642967423071,-0.0072137832859064,0,0.0042958354384028,-0.0070354234822848,-0.0117510068678372,0.0020500590998869,-0.0348554499959144,-0.0442082681715992,-0.0662413541608863,-0.0683942385828108,0.0072137832859064,4.0,1.0,0.0,16.0,0.0
The Allstate Corporation,United States,2018,2019-04-05,221,0,-8.370975397245495e-05,0.7556719534848838,-0.0120563333170441,0,-0.0071230721958965,-0.0159659248200027,0.0038836775655759,0.0060564536891311,0.00856510534797,0.0142346242035549,0.0525060537781106,0.0607121955494903,0.0120563333170441,8.0,1.75,0.5,25.0,0.56
The Allstate Corporation,United States,2019,2020-04-03,221,0,0.0007413176261684,0.8296837924096547,0.0238827794697883,0,-0.0101695433881399,0.0487466669017005,0.0652338017523147,0.0841151821865351,0.062475165362127,0.0129501682022206,-0.02508949436477,-0.0702157152144891,0.0238827794697883,14.0,1.5,0.5714285714285714,34.0,0.6470588235294118
The Allstate Corporation,United States,2020,2021-04-09,221,0,-0.0008819458007753,0.903385010100338,0.0185343235542042,0,0.0013991629496741,0.0181568663967269,0.0308964102907815,0.0828719210724137,0.1148123458140911,0.1737614047113165,0.1201579589529031,0.1345198644675062,0.0185343235542042,18.0,1.6111111111111112,0.5,45.0,0.5111111111111111
The Allstate Corporation,United States,2021,2022-04-08,221,0,0.0002888050038906,0.5682414839340683,0.0344922322970513,0,0.0502342115461312,0.0272508165829396,0.0068534986083079,-0.0534983171049162,-0.0194579547911413,-0.056589792585916,-0.0443742928144075,0.0067082068409533,0.0344922322970513,19.0,1.4210526315789473,0.42105263157894735,51.0,0.49019607843137253
The Allstate Corporation,United States,2022,2023-04-11,221,0,7.377845001100936e-05,0.6831063356044292,0.0063154519455882,0,-0.0194493473114942,-0.0006966644907505,-0.0275353444750668,-0.0358790256648085,0.013374962920747,-0.0061692771620993,-0.0705735404223328,-0.0980678626210325,0.0063154519455882,24.0,1.5,0.4166666666666667,75.0,0.48
The Allstate Corporation,United States,2023,2024-04-01,221,0,0.0015756646044824,0.475852107122291,0.0158598684156164,0,0.0070646491427119,-0.0012289636641277,-0.009216113599404,0.0117749438185786,-0.0389746626793634,-0.0627668809440523,-0.1243734959448361,-0.1877514689162265,0.0158598684156164,34.0,1.7058823529411764,0.47058823529411764,139.0,0.2805755395683453
The Progressive Corporation,United States,2018,2019-04-11,221,0,0.0010184039864291,0.9964088924232208,0.0024438468628606,0,-0.005149169388168,-0.0005523121468593,0.0287475715213002,0.0015844513107811,0.0069624916077471,0.0997556082470079,0.0841520551869024,0.0643745901161104,0.0024438468628606,23.0,1.434782608695652,0.30434782608695654,184.0,0.45652173913043476
The Progressive Corporation,United States,2019,2020-04-09,221,0,0.0004056147553959,0.8563087329577169,-0.008613468542625,0,0.0061128437580304,-0.0170086055827411,0.0241093969657861,-0.0521853126888332,-0.1078221158934165,-0.1101684401385736,-0.1013201120593688,-0.1437219038300235,0.008613468542625,39.0,1.4871794871794872,0.3076923076923077,183.0,0.2786885245901639
The Progressive Corporation,United States,2021,2022-04-07,221,0,0.0004023919513573,0.4357612620919969,0.0411681337305881,0,0.0531352006229351,0.0127970632256831,-0.0363276933254982,-0.0556640604354598,-0.0329092695378697,-0.0080317212117068,0.0298196779372319,0.0776272433912006,0.0411681337305881,49.0,1.4081632653061225,0.40816326530612246,187.0,0.44385026737967914
The Progressive Corporation,United States,2022,2023-04-06,221,0,0.0011885055024937,0.5905201840730542,0.0294130146977409,0,0.0203300945366275,0.0124390532138573,-0.0889816504785554,-0.0997827792360932,-0.1530985727806348,-0.1259816644087793,-0.1901181862028864,-0.2116523108872424,0.0294130146977409,69.0,1.6231884057971016,0.36231884057971014,274.0,0.28832116788321166
The Progressive Corporation,United States,2023,2024-04-04,221,0,0.0014740557877057,-0.0216514455276123,0.0007427683933799,0,-0.0048409301265,-0.0018493856956346,-0.0495353705015899,-0.0263906976606383,-0.0382935625709505,-0.0607468487870356,-0.0554645510963992,-0.0905792169896179,0.0007427683933799,108.0,1.5092592592592593,0.4351851851851852,287.0,0.397212543554007
"The Travelers Companies, Inc.",United States,2012,2013-04-19,221,0,0.0014282248119843,0.2719186257801841,-0.0105485092194143,0,-0.0057066316898728,0.002873569374007,-0.0014336002528286,-0.0156467087029312,-0.0237416395738219,-0.0598005300256136,-0.1320399431330256,-0.1131816093244666,0.0105485092194143,21.0,1.7619047619047619,0.38095238095238093,113.0,0.17699115044247787
"The Travelers Companies, Inc.",United States,2013,2014-04-21,221,0,-6.139758929961001e-05,0.1911399143223993,-0.0003436887693852,0,0.021304370101724,0.0021274641235286,0.0366133665266608,0.0593285162154918,0.0698242196781717,0.071576092911798,0.090966504802554,0.099218892375602,0.0003436887693852,15.0,1.8666666666666667,0.4,71.0,0.6056338028169014
"The Travelers Companies, Inc.",United States,2014,2015-04-17,221,0,0.0009228682724427,0.5225794346807675,-0.0215575370411089,0,-0.0592469468750074,-0.0250465448056061,-0.0529651854531472,-0.0654276489610558,-0.0846937997596859,-0.1032001047078876,-0.1201357921455787,-0.1043918153656166,0.0215575370411089,14.0,1.8571428571428572,0.21428571428571427,80.0,0.6
"The Travelers Companies, Inc.",United States,2015,2016-04-15,221,0,0.0005381296622595,0.7279991570641604,-0.0039425426203834,0,-0.0147198001043346,0.0021831656910849,-0.0501920251634982,-0.0371248130896427,-0.0176231498522152,-0.0280280817624079,-0.0423306175202595,-0.016230318559314,0.0039425426203834,14.0,1.5714285714285714,0.35714285714285715,143.0,0.48951048951048953
"The Travelers Companies, Inc.",United States,2016,2017-04-13,221,0,0.0001027364193561,0.5972225624843154,0.0078334902989104,0,-0.000150921132411,0.0039430741494145,-0.0199833095849972,-0.0215931233480307,-0.0260515277919429,-0.0097295721537033,0.0233225833993655,0.001832265711739,0.0078334902989104,22.0,1.6818181818181819,0.4090909090909091,140.0,0.5
"The Travelers Companies, Inc.",United States,2017,2018-04-13,221,0,0.0002811903483694,0.7232166676584683,-0.0011935369678004,0,-0.0156676470478059,-0.0014067139032917,-0.0069263140197264,-0.0607349849762638,-0.0647608255859496,-0.0632591331603101,-0.0942314478397173,-0.1162907704453319,0.0011935369678004,31.0,1.7741935483870968,0.3548387096774194,175.0,0.4514285714285714
"The Travelers Companies, Inc.",United States,2018,2019-04-12,221,0,-8.024462357347062e-05,0.7923670258899923,0.0054650135912952,0,0.0155338367688907,-0.0010187202931816,-0.0028779930974151,0.0440568969382388,0.0760610184964554,0.0960319817494616,0.1013646715978258,0.1034829762997204,0.0054650135912952,17.0,1.3529411764705883,0.4117647058823529,171.0,0.5730994152046783
"The Travelers Companies, Inc.",United States,2019,2020-04-13,221,0,-0.0005291270742013,0.7261905371730287,0.0067003650103609,0,-0.0060119691778804,-0.0262978248683276,-0.0742517574686981,-0.1216555528414515,-0.1558333273504533,-0.0848324404072233,0.0159165699751177,-0.0145569248075745,0.0067003650103609,21.0,1.2857142857142858,0.2857142857142857,184.0,0.5597826086956522
"The Travelers Companies, Inc.",United States,2020,2021-04-09,221,0,-0.0002140756211648,1.146794732317593,-0.0143791546483548,0,-0.0145179517605344,0.0060284745379114,0.015591885391154,0.0173433115985525,0.0379336680955074,0.0442135239872957,-0.0156905973105895,-0.0344943680796013,0.0143791546483548,51.0,1.5294117647058822,0.49019607843137253,196.0,0.5918367346938775
"The Travelers Companies, Inc.",United States,2021,2022-04-08,221,0,0.0006233264950843,0.7098820180120248,0.024497656982865,0,0.0370442960414568,0.0308886033804557,0.0300631742621465,-0.0234420211776871,0.0159734080538247,0.0003566422781118,0.0106804616990914,-0.0008870040745774,0.024497656982865,37.0,1.3513513513513513,0.40540540540540543,178.0,0.5449438202247191
"The Travelers Companies, Inc.",United States,2022,2023-04-14,221,0,0.0002843221572887,0.4671626093747581,-0.0209729886782495,0,-0.016484783144291,-0.0107434196947955,0.0373309601292911,0.049704307685934,0.0495139372573341,-0.0128230232833566,-0.0091626398504389,-0.0468021864908334,0.0209729886782495,31.0,1.2580645161290323,0.4838709677419355,193.0,0.5699481865284974
"The Travelers Companies, Inc.",United States,2023,2024-04-26,221,0,0.0007066343989242,0.418257008425497,-0.0084283532410094,0,-0.0110409314039414,-0.0118401051321002,-0.011906632664032,-0.0058248852838157,-0.0372573399176762,-0.0432186998431434,-0.1047093694889979,-0.0878189118970576,0.0084283532410094,14.0,1.3571428571428572,0.5,213.0,0.5821596244131455
Tokio Marine Holdings,Japan,2019,2019-08-30,212,9,0.0005750988144764,0.1976659648630047,0.0059860328982527,1,0.0099408302904415,0.0038983777220741,0.0165529910873857,0.0886199116947778,0.0695551444535493,0.0486556083126032,0.0673565222597574,0.059838777363017,0.0059860328982527,44.0,1.2727272727272727,0.4090909090909091,141.0,0.375886524822695
Tokio Marine Holdings,Japan,2020,2020-09-18,214,7,-0.0007732747323997,0.2454845618527331,-0.0176828939997764,0,-0.0313860050746133,-0.0159341158299319,-0.0138319310577418,0.0089621633974786,0.0216316174951941,0.0134236610464173,0.1814015371386165,0.1454319824220199,0.0176828939997764,43.0,1.4186046511627908,0.3953488372093023,191.0,0.28272251308900526
Tokio Marine Holdings,Japan,2021,2021-10-18,214,7,0.0007277530239034,0.2853746102499294,0.0113894899538639,0,-0.005529322657542,-0.0079133119085049,-0.0282004143532182,-0.0512932655517742,-0.0510956960955274,-0.0757519781398298,0.0004558038937632,0.0952832168774842,0.0113894899538639,52.0,1.3461538461538463,0.38461538461538464,174.0,0.2988505747126437
Tokio Marine Holdings,Japan,2022,2022-09-27,213,8,0.0015330024915125,0.1566235096798205,-0.0335108403611107,0,-0.002914937144987,-0.0007731236705712,0.0304944945648594,0.0288080359477575,0.0216744448298485,0.0500680079737548,-0.0160123395398336,0.0095820999832315,0.0335108403611107,51.0,1.4509803921568627,0.5098039215686274,159.0,0.389937106918239
Tokio Marine Holdings,Japan,2023,2023-09-29,213,8,0.000962700492561,-0.0836552027977539,-0.0575905289932048,0,-0.0893130642213594,-0.0459869150899274,-0.0613056860510705,-0.0846068958757395,-0.0974650546181831,-0.0360133762093411,0.0214832221857512,-0.0619127429136684,0.0575905289932048,37.0,1.3243243243243243,0.4864864864864865,139.0,0.38848920863309355
Zurich Insurance Group,Europe (Switzerland),2013,2014-03-13,216,5,4.113133771200153e-05,0.2183262992027033,-0.0216440264031266,0,-0.0197938346133779,-0.0155152905484795,-0.0140907185173395,0.0260733152486677,0.0069114554191441,0.0061104668135116,0.053378748332165,0.0563195768675347,0.0216440264031266,4.0,2.0,1.0,52.0,0.6346153846153846
Zurich Insurance Group,Europe (Switzerland),2014,2015-03-12,216,5,0.0007460239184978,0.3785108238595594,0.0332860550762214,0,0.0404587109176486,0.0145703185824404,0.0284068467594494,0.0346184806404559,0.0246717102807443,-0.0464006143077459,-0.0240597319671379,-0.0634472259016399,0.0332860550762214,6.0,1.8333333333333333,0.8333333333333334,33.0,0.5151515151515151
Zurich Insurance Group,Europe (Switzerland),2015,2016-03-10,217,4,-0.0009633355688002,0.6765759479082428,0.0040138440620706,0,0.0086764786584406,0.0050889434772785,0.0025399818502835,-0.0194585428197706,-0.0240236021394616,0.0338766668416584,0.1706093370642334,0.1373245421984791,0.0040138440620706,3.0,2.3333333333333335,1.0,38.0,0.34210526315789475
Zurich Insurance Group,Europe (Switzerland),2016,2017-03-16,216,5,0.0011220130789862,0.9554573977579462,-0.000590538064084,0,0.0030622703002616,0.0046928889103428,0.0059982697368082,-0.011796086452324,-0.0131345885731263,-0.0185004985803105,-8.818945528168021e-05,-0.0264502660887307,0.000590538064084,1.0,1.0,0.0,60.0,0.6666666666666666
Zurich Insurance Group,Europe (Switzerland),2017,2018-03-15,216,5,0.0001918813008599,0.6747865770318815,0.017231154661653,0,0.0047654396783391,0.0163704419006495,0.0085481181640727,0.0269980215411937,0.0498717771584031,0.0810101510186818,0.0405985382686355,0.0109481470111622,0.017231154661653,14.0,1.3571428571428572,0.5,66.0,0.48484848484848486
Zurich Insurance Group,Europe (Switzerland),2018,2019-03-14,215,6,0.000494959043988,0.4483209164569741,0.0214373697500222,0,0.0213114113225499,0.0157223593496291,-0.0004549230052585,-0.0082827567515664,-0.003054214925322,0.00940350752773,0.0203918533189311,0.0353223155524962,0.0214373697500222,16.0,1.4375,0.625,53.0,0.6226415094339622
Zurich Insurance Group,Europe (Switzerland),2019,2020-03-19,216,5,0.0006961970951439,0.658112410128803,0.0770514383594629,0,0.0331283682151063,0.0800130904056774,0.1658965948976523,0.1325494424604894,0.0738398018575797,0.0016266334256208,-0.0276671145928655,0.0274178250420856,0.0770514383594629,21.0,1.619047619047619,0.5714285714285714,67.0,0.5074626865671642
Zurich Insurance Group,Europe (Switzerland),2020,2021-03-18,216,5,-0.000426991232308,0.8233826859216836,0.0191038462178277,0,0.013488325765135,0.0213323623716737,0.0397827655047631,0.0288857720548971,0.0164260740943685,0.0086024929910819,0.0137647119739958,0.0285057774846647,0.0191038462178277,23.0,1.7826086956521738,0.8260869565217391,62.0,0.6935483870967742
Zurich Insurance Group,Europe (Switzerland),2021,2022-03-17,216,5,0.0005594375035534,0.4109042644099304,0.0059046527983564,0,0.0135453354656417,0.0093649953821597,0.0095774541545934,0.0183967857588018,0.0902634398334285,0.0688663138694672,0.067140257871785,0.0598725274198501,0.0059046527983564,21.0,1.3333333333333333,0.5238095238095238,63.0,0.5555555555555556
Zurich Insurance Group,Europe (Switzerland),2022,2023-03-16,215,6,0.0001987383287031,0.1947755963430624,-0.0352370870186383,0,-0.0314593404698263,0.0027663430305338,0.0409150341981033,0.1093125907339104,0.077952929680732,0.098534697476452,0.0936371644656101,0.089533618034706,0.0352370870186383,21.0,1.3333333333333333,0.7142857142857143,59.0,0.6949152542372882
Zurich Insurance Group,Europe (Switzerland),2023,2024-03-15,216,5,0.0003137743161323,0.2966705476215753,-0.002856668755938,0,0.0010935152633146,-0.0024132027574555,-0.0095183141742746,-0.0416824928015473,-0.0306928450617614,-0.0370996775861442,0.0012493694490112,-0.0079170654915216,0.002856668755938,1.0,1.0,1.0,38.0,0.7631578947368421
