Company,Year,Total Assets (Million USD),Total Liabilities (Million USD),Total Equity (Million USD),Leverage,Revenue Growth YoY (%),"Net Income, Adj",ROA,ROE,ROE_sign_flip_risk,Size,Region
AIG,2012,548633.0,449630.0,99003.0,4.541579548094502,8.6607,6074.5,0.011072064567752943,0.0613567265638415,0,13.215185008793538,N. America
AIG,2013,541329.0,440218.0,101111.0,4.353809180010088,-4.7897,6545.0,0.012090614025851192,0.06473084036356085,0,13.201782506077503,N. America
AIG,2014,515581.0,408309.0,107272.0,3.80629614438064,-4.653,7908.0,0.01533803611847605,0.07371914385860243,0,13.153049699096654,N. America
AIG,2015,496842.0,406632.0,90210.0,4.507615563684736,-9.5387,3728.0,0.007503391420210046,0.041325795366367366,0,13.116027347090814,N. America
AIG,2016,498264.0,421406.0,76858.0,5.4829165473991,-5.9086,-911.3077,-0.001828965568453671,-0.011857031148351505,0,13.118885336024494,N. America
AIG,2017,498301.0,432593.0,65708.0,6.583566688987642,-7.302,-11200.7692,-0.022477918366609742,-0.17046279296280514,0,13.11895959109068,N. America
AIG,2018,491984.0,434675.0,57309.0,7.584759810849953,-5.5878,1140.6076,0.002318383524667469,0.01990276570870195,0,13.106201474620445,N. America
AIG,2019,525064.0,457637.0,67427.0,6.787147581829237,3.0679,2174.962,0.004142279798272211,0.03225654411437555,0,13.171275438905884,N. America
AIG,2020,586481.0,519282.0,67199.0,7.7275257072277865,-8.5369,1926.3418,0.003284576652952099,0.02866622717599964,0,13.281895550983997,N. America
AIG,2021,596112.0,527200.0,68912.0,7.6503366612491295,8.0118,3107.5823,0.005213084621681832,0.0450949370211284,0,13.298183847855924,N. America
AIG,2022,522228.0,478774.0,43454.0,11.017950016108989,-5.2908,1547.1266,0.002962550073914076,0.03560377870851936,0,13.165859553112652,N. America
AIG,2023,539306.0,488005.0,51301.0,9.512582600729031,-34.9331,2809.59,0.00520963979633084,0.05476676867897312,0,13.19803840679653,N. America
AIG,2024,161322.0,118772.0,42550.0,2.7913513513513513,-5.148,2485.33,0.015406020257621403,0.0584096357226792,0,11.991157646629274,N. America
AXA,2012,1005400.0000000001,931577.5497,73851.7317,12.614159861331999,17.2309,4953.4583,0.004926853292222001,0.06707301489045517,0,13.820896030240611,Europe
AXA,2013,1041700.0000000001,965225.8633,76451.7316,12.625297597575932,3.4518,5903.016,0.005666714025151194,0.07721232569178328,0,13.85636455197254,Europe
AXA,2014,1016500.0,934157.51,82325.98,11.347056056909375,-2.9648,6314.293,0.006211798327594688,0.0766986679053198,0,13.831875912050538,Europe
AXA,2015,963890.262,884959.638,78930.624,11.211866740088107,-4.6027,6151.6235,0.006382078689368479,0.07793709447932402,0,13.778732731013276,Europe
AXA,2016,941618.2301,861587.5941,80030.636,10.765722192936215,9.7871,7143.4723,0.0075863785042069145,0.08925922193096154,0,13.75535519550969,Europe
AXA,2017,1046100.0,955583.0964,90484.7852,10.560704700661654,8.3106,6219.1157,0.005945048943695632,0.06873106551840497,0,13.860579521331852,Europe
AXA,2018,1065800.0,981944.8688,83887.0452,11.705560333647323,-20.0929,6368.6222,0.005975438356164383,0.07591901925757662,0,13.879236248844819,Europe
AXA,2019,876847.9062,793049.2479,83798.6583,9.463746365256542,24.7752,7299.0605,0.008324203602916695,0.08710235519367499,0,13.684088831228932,Europe
AXA,2020,983610.0525,890484.8925,93125.16,9.562237450115521,-14.6057,4711.2414,0.004789745070239611,0.05059042475739102,0,13.79898480938175,Europe
AXA,2021,882974.0526,797318.3132,85655.7394,9.30840500338965,10.8681,11785.4357,0.013347431518850046,0.13759072985131454,0,13.69105109365037,Europe
AXA,2022,683744.1827,631163.8837,52580.299,12.003809329802404,-29.1649,5230.5801,0.007649908009959586,0.0994779451520426,0,13.43533912474795,Europe
AXA,2023,712947.564,654972.204,57975.36,11.297423664122137,-5.2418,7411.4424,0.010395494387298306,0.12783779867861106,0,13.477163153915031,Europe
AXA,2024,676578.2938,622268.8116,54309.4822,11.457829947787644,4.7109,8597.9696,0.012708018685774753,0.1583143357606897,0,13.424803453525332,Europe
Allianz,2012,916461.7059,846566.4348,69895.2711,12.11192719445651,9.9158,6949.9789,0.00758349078336542,0.09943417903131933,0,13.728275562410241,Europe
Allianz,2013,981128.717,908255.2309,72873.4861,12.46345247781415,-0.0556,8092.8703,0.00824853065635016,0.11105370050356353,0,13.796458939930028,Europe
Allianz,2014,975002.27,897922.85,77079.42,11.649320272518915,1.4576,8287.4266,0.008499904928426475,0.10751801972562847,0,13.790195078182402,Europe
Allianz,2015,922460.3772,850637.2038,71823.1734,11.843492337251698,6.6311,7726.5812,0.00837605754238785,0.10757783086203762,0,13.73479970242966,Europe
Allianz,2016,932153.3523,858181.9678,73971.3845,11.601539887360092,0.6428,8088.3609,0.008677071084969802,0.10934445738270587,0,13.745252621226747,Europe
Allianz,2017,1083500.0,1001100.0000000001,82473.3244,12.138470314893723,-0.3008,8407.5101,0.0077595847715736035,0.10194217537810323,0,13.895707099958551,Europe
Allianz,2018,1027900.0,954968.5376,72925.1908,13.09518051476939,-4.1315,9204.6198,0.008954781398968771,0.12622003040408913,0,13.843028444001014,Europe
Allianz,2019,1135500.0,1048600.0,86872.0356,12.070627708417598,9.8963,9224.8034,0.008124001232937033,0.10618841076172504,0,13.94258364052775,Europe
Allianz,2020,1295900.0,1192400.0,103418.61,11.529839745477144,-0.6593,8433.5169,0.006507845435604599,0.0815473820427484,0,14.074715992423506,Europe
Allianz,2021,1297400.0,1201500.0,95895.1692,12.529306846459999,5.8149,11787.2153,0.009085259210729151,0.1229177173191744,0,14.075872819761091,Europe
Allianz,2022,1002400.0,939528.2182,62911.0585,14.934230016174343,-35.8955,7504.0813,0.0074861146249002395,0.11928079862143791,0,13.817907682563996,Europe
Allianz,2023,1087800.0,1019700.0,68109.984,14.971373359888032,4.3899,9812.7173,0.009020699852914139,0.144071643006112,0,13.899667865970997,Europe
Allianz,2024,1081000.0,1014699.9999999999,66311.2175,15.302086709537491,7.6051,11286.8364,0.010441106753006475,0.1702100613670681,0,13.893397096621346,Europe
Allstate,2012,126947.0,106367.0,20580.0,5.16846452866861,3.0696,2581.0,0.020331319369500656,0.12541302235179785,0,11.751524955502674,N. America
Allstate,2013,123520.0,102040.0,21480.0,4.750465549348231,2.4626,3505.0,0.028375971502590674,0.1631750465549348,0,11.724158365258603,N. America
Allstate,2014,108479.0,86175.0,22304.0,3.863656743185079,1.9337,3250.7,0.029966168567188117,0.14574515781922523,0,11.594311884842648,N. America
Allstate,2015,104656.0,84631.0,20025.0,4.226267166042447,3.1618,2140.0,0.020447943739489376,0.10686641697877652,0,11.558434060200995,N. America
Allstate,2016,108610.0,88037.0,20573.0,4.27924950177417,5.2466,1836.5,0.016909124390019334,0.08926748651144704,0,11.595518763274082,N. America
Allstate,2017,112422.0,89871.0,22551.0,3.985233470799521,3.9451,2458.85,0.021871608759851273,0.10903507604984257,0,11.630014926826567,N. America
Allstate,2018,112249.0,90937.0,21312.0,4.266938813813814,4.4179,1435.93,0.012792363406355515,0.06737659534534535,0,11.62847489687885,N. America
Allstate,2019,119950.0,93952.0,25998.0,3.6138164474190324,-1.6993,3057.53,0.025490037515631513,0.11760635433494886,0,11.694830268267841,N. America
Allstate,2020,125987.0,95770.0,30217.0,3.169407949167687,2.0473,4668.121,0.03705240223197632,0.1544865804017606,0,11.743934006007574,N. America
Allstate,2021,99440.0,74313.0,25127.0,2.9574959207227285,21.2679,4348.9946,0.04373486122284795,0.1730805348827954,0,11.507309726184593,N. America
Allstate,2022,97989.0,80626.0,17363.0,4.643552381500893,6.0177,-571.7782,-0.005835126391737847,-0.03293084144445084,0,11.49261050645482,N. America
Allstate,2023,103362.0,85732.0,17630.0,4.8628474191718665,9.3573,119.8056,0.0011590874789574506,0.006795553034600114,0,11.545992668674424,N. America
Allstate,2024,111617.0,90250.0,21367.0,4.223803060794683,12.0866,4762.8006,0.04267092467993226,0.22290450694996955,0,11.622828647077453,N. America
Assicurazioni Generali,2012,583324.5561,554652.7539,28671.8022,19.344886311332047,7.679,46.2914,7.935787978736182e-05,0.0016145270421822318,0,13.276499010432671,Europe
Assicurazioni Generali,2013,620030.6584,590515.3039,29515.3545,20.007054426535856,2.8006,1906.2265,0.003074406844524513,0.06458423191224079,0,13.337524204830968,Europe
Assicurazioni Generali,2014,606594.78,577330.93,29263.85,19.728468058714082,4.9437,2369.9523,0.00390697773561454,0.08098566319879305,0,13.315616268858346,Europe
Assicurazioni Generali,2015,543894.3702,517047.744,26846.6262,19.259319221273323,4.4253,2391.9404,0.00439780319682375,0.08909649883678866,0,13.206510334557702,Europe
Assicurazioni Generali,2016,549692.7648,522620.7252,27072.0396,19.304815334268348,-6.8655,2300.9031,0.004185798408383927,0.08499186370871,0,13.217114791673719,Europe
Assicurazioni Generali,2017,645690.8002,614219.6086,31471.1916,19.516884406753764,-2.3757,2439.0683,0.003777455554956813,0.07750161897269883,0,13.378076030719965,Europe
Assicurazioni Generali,2018,590725.0804,562503.9168,28221.1636,19.93198880006493,-11.8278,2516.5979,0.004260184616329353,0.08917413667521491,0,13.2891060111717,Europe
Assicurazioni Generali,2019,577815.1446,544294.3338,33520.8108,16.23750502478896,28.0759,2673.113,0.004626242536184296,0.07974487896336922,0,13.26700927747036,Europe
Assicurazioni Generali,2020,665907.975,627037.365,38870.61,16.13140017612278,-10.7987,2438.1913,0.003661453821753674,0.06272583064685633,0,13.408906764299712,Europe
Assicurazioni Generali,2021,667475.785,631181.7714,36294.0136,17.390795582883673,18.2632,3702.6272,0.005547208278125025,0.10201757349867747,0,13.411258391444951,Europe
Assicurazioni Generali,2022,539016.0796,507983.0993,31032.9803,16.369136782521657,-51.3876,3763.4055,0.006981991154684654,0.1212711593800741,0,13.197500681728163,Europe
Assicurazioni Generali,2023,562727.2104,528114.5928,34612.6176,15.257863444572306,12.8142,4258.1115,0.00756691949723425,0.12302194388210616,0,13.240550261103113,Europe
Assicurazioni Generali,2024,557445.7803,523195.7648,34250.0155,15.275781840157123,9.7038,4243.5545,0.007612497304610058,0.12389934538861741,0,13.231120522519566,Europe
China Life,2012,304557.498,268775.4611,35782.0369,7.511463415320552,0.158,1753.0417,0.005756028702337185,0.048992227717477986,0,12.626615175892612,Asia
China Life,2013,325976.6374,289200.3172,36776.3201,7.86376441181781,12.4899,4028.3243,0.012357708614120454,0.10953581785905764,0,12.69458099336365,Asia
China Life,2014,361917.55,315629.0879,46288.4622,6.818742142183328,5.4759,5228.1672,0.014445741025822042,0.11294752410245333,0,12.799171702435167,Asia
China Life,2015,377389.5954,327106.1272,50283.4682,6.505241959423952,15.1289,5522.1619,0.014632522908181905,0.10982062490271902,0,12.841033342379157,Asia
China Life,2016,388626.4536,344294.8542,44331.5993,7.766353112372375,6.5685,2880.2943,0.007411472567857126,0.06497158562921505,0,12.870373887720737,Asia
China Life,2017,445324.2043,395328.0465,49996.1578,7.907168548459937,18.9678,4778.1628,0.01072962743516432,0.0955706000271885,0,13.006557844874157,Asia
China Life,2018,473126.8445,426126.7718,47000.0727,9.066513035414943,-2.477,1723.9736,0.0036437873268888254,0.03668023262440614,0,13.067118801713146,Asia
China Life,2019,535188.8445,476404.0555,58784.789,8.104206268393684,16.2658,8439.3358,0.015768893329390018,0.14356325749506393,0,13.19037494396906,Asia
China Life,2020,651499.2646,581494.2088,70005.0558,8.306460185694188,10.3602,3321.5875,0.005098374903062017,0.047447823047089124,0,13.38703154676666,Asia
China Life,2021,769729.8658,693089.4731,76640.3927,9.043396682647739,2.4699,4356.0069,0.005659137177265027,0.05683695955279207,0,13.553794908640494,Asia
China Life,2022,726244.1655,671889.2239,54354.9416,12.361143331630403,-2.4905,4358.705,0.006001707424388251,0.08018967313176177,0,13.495641553381049,Asia
China Life,2023,796165.0144,748607.4185,47557.5959,15.741069419785369,-57.3271,7262.4845,0.009121833248944127,0.15270924365627994,0,13.58756174786452,Asia
China Life,2024,927411.2941,856001.5892,71409.7049,11.987188441665163,50.4854,15020.6683,0.01619633963437625,0.21034491489685458,0,13.740152429105585,Asia
Chubb,2012,92545.0,65014.0,27531.0,2.3614834186916567,1.299,2795.15,0.030203144416229944,0.10152736914750644,0,11.435450291690817,Europe
Chubb,2013,94510.0,65685.0,28825.0,2.278751084128361,5.0342,3219.6,0.03406623637710295,0.1116947094535993,0,11.456460927989102,Europe
Chubb,2014,98248.0,68661.0,29587.0,2.3206475817081826,4.9102,2395.75,0.024384720299649866,0.08097306249366276,0,11.49525017329022,Europe
Chubb,2015,102306.0,73171.0,29135.0,2.5114467135747383,-1.3772,2523.0,0.0246613101870858,0.08659687660888965,0,11.535723601246207,Europe
Chubb,2016,159786.0,111511.0,48275.0,2.30991196271362,61.7045,4472.0,0.02798743319189416,0.0926359399274987,0,11.981590698964483,Europe
Chubb,2017,167022.0,115850.0,51172.0,2.263933401078715,2.4759,3168.5,0.018970554777214977,0.06191862737434534,0,12.025880819249345,Europe
Chubb,2018,167771.0,117459.0,50312.0,2.3346120209890286,3.7626,4232.0,0.025224860077128944,0.08411512164096041,0,12.0303552332879,Europe
Chubb,2019,176943.0,121612.0,55331.0,2.1978999114420485,4.0367,4527.0,0.02558451026601787,0.08181670311398674,0,12.08358292579361,Europe
Chubb,2020,190774.0,131333.0,59441.0,2.2094682121767804,5.1158,3235.0,0.016957237359388595,0.05442371427129422,0,12.158844760367133,Europe
Chubb,2021,200054.0,140340.0,59714.0,2.350202632548481,9.0951,5516.0,0.02757255541003929,0.09237364772080249,0,12.206342609086734,Europe
Chubb,2022,199017.0,148498.0,50519.0,2.9394485243175836,10.7784,6509.0,0.03270574875513147,0.12884261367010433,0,12.201145527193617,Europe
Chubb,2023,230682.0,166991.0,63691.0,2.6218932031213202,14.8451,9030.0,0.039144796733165135,0.14177827322541647,0,12.34879541771084,Europe
Chubb,2024,246548.0,178154.0,68394.0,2.6048191361815363,10.1226,9066.0,0.03677174424452845,0.13255548732344943,0,12.41531197967453,Europe
Daichi,2012,405042.5995,393040.3606,12002.2389,32.74725356449954,10.3303,348.5232,0.0008604606044653829,0.029038182201155817,0,12.911747524507849,Asia
Daichi,2013,378841.1271,361339.3229,17501.8043,20.645832664235655,10.3841,396.9201,0.001047721779940824,0.022678810321287844,0,12.844872206470233,Asia
Daichi,2014,365821.0537,346925.0315,18896.0221,18.359685952103117,14.812,997.665,0.0027271940472244067,0.05279762029914222,0,12.809899568504097,Asia
Daichi,2015,415483.1346,385554.6061,29928.5286,12.882511240462385,22.4333,1350.488,0.0032504038973812056,0.04512376863057678,0,12.9371973018401,Asia
Daichi,2016,443777.0844,417706.3378,26070.7467,16.022031996498203,-2.0217,1699.4674,0.0038295519524126197,0.0651867558515307,0,13.003077653176792,Asia
Daichi,2017,467036.6544,438851.7114,28184.943,15.570431041850963,-11.1046,2205.0697,0.004721406080712966,0.07823573388103003,0,13.054163022650156,Asia
Daichi,2018,504641.5741,469344.3513,35297.2227,13.296920137005566,8.6375,3152.9164,0.00624783323812163,0.08932477285245448,0,13.131603702005275,Asia
Daichi,2019,505021.7658,471496.5153,33525.2505,14.063922215883219,0.9236,2051.0724,0.004061354458160663,0.06117992764886276,0,13.132356807922752,Asia
Daichi,2020,556800.8814,521758.0349,35042.8465,14.889145346682954,-0.0891,382.4882,0.0006869389269612605,0.010914872454781892,0,13.229962970975231,Asia
Daichi,2021,574936.3077,531476.1414,43460.1664,12.229040646287078,10.4202,3228.5733,0.005615532115054142,0.0742881025876606,0,13.262014544426734,Asia
Daichi,2022,541964.1412,505698.0421,36266.099,13.944098098336962,4.1453,3685.1605,0.006799638979509665,0.10161447196181755,0,13.202955118085503,Asia
Daichi,2023,464364.6833,444316.7508,20047.9325,22.16272180684966,7.0891,1372.0919,0.0029547722928652785,0.06844056862222575,0,13.048425477895128,Asia
Daichi,2024,446340.9265,420685.6463,25655.2802,16.397624310491842,24.4582,2246.9476,0.005034150951873332,0.08758226698299712,0,13.00883834818312,Asia
MSAD,2012,175931.3082,157631.2477,18300.0605,8.613700905524329,10.5894,-2042.6583,-0.011610544597769324,-0.11162030311320556,0,12.077848903517456,Asia
MSAD,2013,168909.6052,147453.1734,21456.4318,6.872213179453259,15.0622,1114.5352,0.006598412202078844,0.05194410750067027,0,12.037118970332248,Asia
MSAD,2014,163754.2253,141576.7537,22177.4716,6.383809491610396,1.9871,986.5815,0.006024769731544754,0.04448575192854717,0,12.006121956523376,Asia
MSAD,2015,156629.0454,131316.4485,25312.5969,5.187790451480701,7.4756,1231.2037,0.007860634640629688,0.04863995997186681,0,11.961635520436246,Asia
MSAD,2016,180476.88,156252.2222,24224.6578,6.450131246023215,4.6537,1688.052,0.009353286692456119,0.06968321344048047,0,12.103357959908363,Asia
MSAD,2017,190767.2267,166201.3117,24565.915,6.765524984516147,8.1443,2177.3376,0.011413583127798334,0.08863246494176992,0,12.158809255422835,Asia
MSAD,2018,211569.6385,183623.9879,27945.6505,6.57075375289618,-2.0638,1464.1536,0.006920433434497739,0.05239289742065586,0,12.262309483321557,Asia
MSAD,2019,208833.9713,183754.5545,25079.4168,7.326906999687489,5.5102,1691.7091,0.008100737104547895,0.06745408449848803,0,12.249294819553704,Asia
MSAD,2020,215220.4027,192080.321,23140.0816,8.300762474407177,-8.6734,2678.816,0.01244684967778847,0.1157651924615512,0,12.279417910861266,Asia
MSAD,2021,218267.4442,190000.0,28267.4442,6.721513224036009,-3.1596,1321.4622,0.006054325714233108,0.046748556065072194,0,12.293476398113764,Asia
MSAD,2022,205938.1869,178768.4847,27169.7022,6.579699820927739,3.9217,2303.2434,0.011184149159856471,0.08477249338419321,0,12.235331339151397,Asia
MSAD,2023,183399.7439,159753.5814,23646.1625,6.756004548306729,1.235,1448.2902,0.00789690415701829,0.06124842455937618,0,12.119423442402217,Asia
MSAD,2024,178166.8451,148338.9175,29827.9276,4.973155342511962,25.0241,2567.3083,0.014409573782142478,0.08607062262012465,0,12.090475722275352,Asia
MetLife,2012,836781.0,771823.0,64958.0,11.881877520859632,6.2413,6195.75,0.007404267066293331,0.09538086147972537,0,13.637317666490087,N. America
MetLife,2013,885296.0,822313.0,62983.0,13.056110378991157,1.2155,6354.85,0.007178220617736893,0.10089786132765985,0,13.69367733134653,N. America
MetLife,2014,902337.0,829678.0,72659.0,11.41879189088757,1.2893,8127.6,0.009007277768727206,0.11185950811324132,0,13.712743343459046,N. America
MetLife,2015,877933.0,809437.0,68496.0,11.817288600794207,-16.7475,2201.65,0.0025077653989541344,0.03214275286148097,0,13.685325559910524,N. America
MetLife,2016,898764.0,831062.0,67702.0,12.275294673717172,1.7553,3433.55,0.0038203021037780775,0.05071563617027562,0,13.708775765086612,N. America
MetLife,2017,719892.0,661022.0,58870.0,11.228503482249023,3.3453,5355.7,0.007439588160446289,0.09097502972651605,0,13.486856479741112,N. America
MetLife,2018,687538.0,634580.0,52958.0,11.982703274292836,6.6165,5338.29,0.00776435629739738,0.10080233392499717,0,13.440872379722656,N. America
MetLife,2019,740463.0,674081.0,66382.0,10.154575035401162,1.7214,4201.923,0.005674723787684192,0.06329913229489921,0,13.515030945202609,N. America
MetLife,2020,795146.0,720329.0,74817.0,9.627878690671906,-2.8374,4590.035,0.005772568811262334,0.061350161059652214,0,13.586281024574019,N. America
MetLife,2021,759708.0,691959.0,67749.0,10.213567727936944,7.7714,6982.0635,0.009190456728111328,0.10305780897135014,0,13.540689427908422,N. America
MetLife,2022,663072.0,632947.0,30125.0,21.010688796680498,0.6994,7011.4522,0.010574194355967376,0.23274530124481327,0,13.404638860556808,N. America
MetLife,2023,687584.0,657331.0,30253.0,21.72779559051995,-0.57,5410.3112,0.007868582165960814,0.1788355270551681,0,13.440939282877455,N. America
MetLife,2024,677457.0,649754.0,27703.0,23.45428292964661,2.6771,6145.7186,0.009071747136718641,0.22184307114752916,0,13.426101361087088,N. America
Munich RE,2012,341031.5952,304820.3469,36211.2483,8.41783592696527,9.5061,4342.8547,0.012734464375516607,0.11993109610639963,0,12.739730406518941,Europe
Munich RE,2013,350670.8168,314560.1836,36110.6332,8.711012677562243,-3.4829,4478.7308,0.012771894852471797,0.12402803282884557,0,12.767603218522638,Europe
Munich RE,2014,330310.64,293660.95,36649.69,8.012644854567665,-0.6245,5192.9987,0.015721560468049105,0.14169284105813718,0,12.70778882399962,Europe
Munich RE,2015,292151.9688,258504.3132,33647.6556,7.682684234321514,-1.0739,4237.8581,0.014505663327913882,0.1259480942856536,0,12.585029386963813,Europe
Munich RE,2016,282453.9335,248930.294,33523.6395,7.425515180116408,-1.8361,3351.0031,0.011863892488507334,0.09995940625718756,0,12.551270749015085,Europe
Munich RE,2017,319450.9884,285551.3528,33899.6356,8.423434286119582,0.1674,424.6759,0.001329392975514112,0.012527447345186212,0,12.674359140093632,Europe
Munich RE,2018,309396.3936,279048.5936,30347.8,9.19501886792453,-8.4608,2618.9069,0.008464568282543808,0.08629643334936964,0,12.642378560944573,Europe
Munich RE,2019,322893.2637,288559.4733,34333.7904,8.404532967032967,13.7721,3097.1078,0.009591738658498375,0.09020582242501254,0,12.685077094652012,Europe
Munich RE,2020,364238.985,327571.32,36667.665,8.933520037340802,0.3101,1448.4125,0.003976544410807646,0.03950108358413332,0,12.805565483380578,Europe
Munich RE,2021,355704.333,320470.356,35233.977,9.095492001938926,8.0543,3505.4836,0.009855048912209907,0.099491567471932,0,12.78185513947607,Europe
Munich RE,2022,288544.7001,259362.5806,29182.1195,8.887722517893192,-15.2893,5595.0144,0.01939045977299515,0.19172748572974627,0,12.57260529261642,Europe
Munich RE,2023,302924.5752,269985.9408,32938.6344,8.196634308555304,-2.1141,4981.5249,0.01644476978043477,0.1512365339590399,0,12.621239126771432,Europe
Munich RE,2024,296514.3735,262626.573,33887.8005,7.749885478699038,6.5531,6171.1094,0.020812176243456205,0.18210415869274257,0,12.599850973479334,Europe
New China Life,2012,79180.9142,73426.6239,5754.2903,12.760326655747628,2.8441,456.1696,0.005761105496304058,0.07927469352736688,0,11.27949056643838,Asia
New China Life,2013,93491.6727,86995.4068,6496.2659,13.391601904718831,14.788,719.2913,0.007693640291452396,0.11072380827268784,0,11.445627649278434,Asia
New China Life,2014,103700.261,95908.9152,7791.3458,12.309672508695481,10.8231,1041.2186,0.010040655538947969,0.13363783699601678,0,11.549259911090054,Asia
New China Life,2015,101820.4239,92904.6628,8915.7611,10.42027279084452,10.7344,1300.8886,0.01277630312438721,0.14590886693902105,0,11.530965990676888,Asia
New China Life,2016,100750.897,92231.0763,8519.8207,10.825471514911106,-8.3109,683.3364,0.0067824348998103716,0.0802054907094465,0,11.520406382995102,Asia
New China Life,2017,109160.5576,99367.1139,9793.4437,10.146289389502488,-0.8235,795.4718,0.007287172376994161,0.08122493214516566,0,11.600575082907433,Asia
New China Life,2018,106698.9896,97162.6081,9536.3815,10.188624280603706,6.2076,1198.8765,0.011236062351615747,0.12571608004566515,0,11.577766967704239,Asia
New China Life,2019,126227.1304,114097.8545,12129.2759,9.406815002039817,13.2525,2108.8566,0.01670684101997141,0.17386500376333264,0,11.745838185382272,Asia
New China Life,2020,153875.4749,138297.5855,15577.8894,8.877812773532721,18.4512,2075.3076,0.013486928968691685,0.13322135924267123,0,11.943898949753317,Asia
New China Life,2021,177423.42,160351.0014,17072.4186,9.392400992323372,7.9315,2318.1722,0.013065762118665055,0.13578463920747585,0,12.086294358182334,Asia
New China Life,2022,176113.4143,161908.2133,14205.2011,11.397812122490825,-50.5197,3750.3747,0.021295224528504297,0.2640141926607431,0,12.078883465915945,Asia
New China Life,2023,197608.4324,182809.2435,14799.1889,12.352652887618728,-34.3373,1262.9017,0.006390930208097739,0.08533587269772602,0,12.19404273747446,Asia
New China Life,2024,231840.5622,218651.944,13188.6182,16.578836439438362,84.2419,4123.1287,0.017784328423268464,0.3126278005378911,0,12.353805182499809,Asia
People Insurance China,2012,110449.0778,97082.2775,13366.8003,7.262940668007136,8.8989,1036.4358,0.009383833895623526,0.07753806271797148,0,11.612309859334003,Asia
People Insurance China,2013,124796.6096,109133.2364,15663.3732,6.967415958651869,18.5617,1310.8523,0.010503909554927525,0.08368901661616542,0,11.734440567881776,Asia
People Insurance China,2014,126014.2733,105784.0642,20230.2091,5.229014869648579,15.3479,2120.783,0.016829704639498167,0.10483248045122776,0,11.744150459676632,Asia
People Insurance China,2015,130014.3353,105783.8921,24230.4432,4.365743177986938,15.5023,3095.5633,0.023809399885460165,0.12775512500737088,0,11.775399994896722,Asia
People Insurance China,2016,134325.9795,109807.3404,24518.6391,4.478525090733931,9.8105,1660.3751,0.012360789075801976,0.06771889309305099,0,11.808024807586069,Asia
People Insurance China,2017,151829.0378,123107.7197,28721.318,4.286283787533706,8.5242,2379.1186,0.015669720591484904,0.08283458997250752,0,11.930510415505168,Asia
People Insurance China,2018,149979.6467,119987.4973,29992.1495,4.000630141564212,3.0479,1911.3867,0.012744307258059435,0.06372956696551543,0,11.918254875205186,Asia
People Insurance China,2019,162740.7588,127226.4985,35514.2603,3.582405980732196,10.5861,3203.1744,0.019682680747092594,0.09019403397231955,0,11.99991377689186,Asia
People Insurance China,2020,192435.3475,150525.1869,41910.1606,3.5916156069323195,5.5138,2893.019,0.015033719311884734,0.06902906022268976,0,12.167515519154477,Asia
People Insurance China,2021,216619.7826,169909.8504,46709.9322,3.6375529228449617,2.2354,2016.9025,0.009310795513650376,0.04317930694834106,0,12.28589894178845,Asia
People Insurance China,2022,205300.6407,161104.282,44196.3587,3.6451935575407486,-19.4379,3765.8857,0.018343273002752007,0.08520805357659476,0,12.232230723800987,Asia
People Insurance China,2023,219213.9357,172334.1125,46879.8231,3.6760828242118513,6.91,3130.423,0.01428021895598857,0.06677548661654399,0,12.297803407308898,Asia
People Insurance China,2024,241981.6697,191645.8887,50335.781,3.807349064475626,18.818,5836.4807,0.024119515776694387,0.11595093160469686,0,12.396617257228701,Asia
Ping An,2012,456177.3857,422552.8468,33624.5389,12.566799742791417,25.0992,3177.5762,0.00696565919225487,0.09450170333785603,0,13.03063701658226,Asia
Ping An,2013,555203.2252,515598.2751,39604.9501,13.018531112857026,24.2443,4569.0941,0.008229588540942072,0.11536674300720809,0,13.227089497235669,Asia
Ping An,2014,645344.4276,588345.362,56999.0656,10.32201766479484,25.7653,6391.6864,0.009904302457170545,0.11213668737755587,0,13.377539449531703,Asia
Ping An,2015,734513.9114,670765.0096,63748.9017,10.521985347396189,30.829,8627.7911,0.011746259622986905,0.1353402312811924,0,13.506964214375866,Asia
Ping An,2016,803623.0673,733524.7921,70098.2751,10.464234548618728,11.8755,9401.5401,0.011698942554731716,0.13411942143495054,0,13.59688561646365,Asia
Ping An,2017,997906.0046,907550.3712,90355.6334,10.044203521681029,24.691,13198.1693,0.013225864198793298,0.14606913596158796,0,13.813414367090497,Asia
Ping An,2018,1038400.0,939058.9518,99388.3841,9.448377295833307,9.9901,22359.9151,0.021533046128659476,0.22497513469484004,0,13.853191624931963,Asia
Ping An,2019,1180900.0,1058500.0,122407.1574,8.64737015778458,17.4608,28928.1846,0.024496726733847066,0.23632755808117475,0,13.981787417589373,Asia
Ping An,2020,1459700.0,1308400.0,151352.0346,8.64474668912049,4.3769,29408.3036,0.020146813454819484,0.19430398592078124,0,14.193741493118669,Asia
Ping An,2021,1595600.0,1426100.0,169557.2757,8.41072725492015,-1.8584,27983.0437,0.01753763079719228,0.16503593599552036,0,14.28276039901339,Asia
Ping An,2022,1596000.0,1424000.0,171918.3602,8.283001294006061,-31.9442,20818.4923,0.013044168107769425,0.1210952237781989,0,14.28301105699189,Asia
Ping An,2023,1631200.0,1458100.0,173064.2708,8.425193676660383,3.666,13190.0355,0.008086093366846493,0.07621466544786089,0,14.304826498242383,Asia
Ping An,2024,1775200.0,1596400.0,178742.3624,8.931290705599402,7.3334,11163.9422,0.006288836300135196,0.06245828940660795,0,14.389423650600522,Asia
Power Corp Canada,2012,273024.4246,247088.1496,25936.275,9.526740042662256,1.6134,844.8044,0.0030942447776886547,0.03257231040309373,0,12.517316537564396,N. America
Power Corp Canada,2013,324618.9311,296969.3263,27649.6048,10.740454644762229,-11.3656,1093.8194,0.0033695490164221053,0.0395600374006069,0,12.690407253680553,N. America
Power Corp Canada,2014,325252.6905,298145.5015,27107.189,10.99876130645638,43.8128,1197.2533,0.003680994300645147,0.04416737198386746,0,12.692357668438923,N. America
Power Corp Canada,2015,305799.1033,280121.4926,25677.6106,10.909172857384167,-10.2372,1262.121,0.004127288099866708,0.04915258742961076,0,12.6306836401641,N. America
Power Corp Canada,2016,314292.9368,288225.2788,26067.658,11.056815261271264,32.6277,922.2816,0.0029344649274981732,0.035380301521525256,0,12.65808074973645,N. America
Power Corp Canada,2017,355648.599,326259.28,29389.3191,11.101287474196706,1.3123,1214.1928,0.0034140238522351106,0.04131408406804498,0,12.78169844088777,N. America
Power Corp Canada,2018,331989.8708,304064.1515,27925.7193,10.888319410272091,-6.4532,1109.9048,0.0033431887464682253,0.039744895666841425,0,12.712859737794643,N. America
Power Corp Canada,2019,367737.71,339547.6961,28190.0139,12.04496376995401,1.5448,971.5076,0.0026418492680557563,0.03446282798746687,0,12.815125218462686,N. America
Power Corp Canada,2020,492719.2982,462383.302,30335.9962,15.242067507906663,32.5355,1447.3234,0.002937419754589186,0.047709769953096184,0,13.107694916021543,N. America
Power Corp Canada,2021,523071.389,488501.0673,34570.3218,14.130648540853329,7.5089,2296.2717,0.004389977636494279,0.06642320870730223,0,13.16747323277589,N. America
Power Corp Canada,2022,520621.5817,490629.7118,29991.8699,16.35875700434403,-57.685,2433.3875,0.004674004277836875,0.08113490449623481,0,13.162778726119384,N. America
Power Corp Canada,2023,567485.4244,536240.63,31244.7944,17.162559085362393,6.5539,1912.9554,0.0033709330984536914,0.061224771573468895,0,13.248970344131207,N. America
Power Corp Canada,2024,591632.3836,561065.3231,30567.0605,18.355226636856365,10.2715,2077.6946,0.0035117999920111203,0.06797168474868559,0,13.290640747333503,N. America
Progressive,2012,22694.7,16687.7,6007.0,2.7780422840019976,7.0562,704.05,0.031022661678717936,0.11720492758448477,0,10.029886696032543,N. America
Progressive,2013,24408.2,18218.7,6189.5,2.943484934162695,6.4098,961.235,0.0393816422349866,0.15530091283625494,0,10.102674420397678,N. America
Progressive,2014,25787.6,18859.0,6928.6,2.7219063014173135,7.3725,1138.39,0.04414486032046411,0.16430303380192246,0,10.157649035219784,N. America
Progressive,2015,29819.3,22065.0,7754.3,2.8455179706743357,8.1767,1194.93,0.04007236923737311,0.1540990160298157,0,10.302911113864802,N. America
Progressive,2016,33427.5,24986.7,8440.8,2.9602288882570376,12.7761,996.745,0.029818113828434672,0.11808655577670364,0,10.41713419348882,N. America
Progressive,2017,38701.2,28912.7,9788.5,2.9537416355927877,14.5474,1559.96,0.040307794073568784,0.15936660366756908,0,10.563625886289081,N. America
Progressive,2018,46575.0,35538.7,11036.3,3.220164366680862,20.9027,2914.245,0.06257101449275362,0.26405996574939067,0,10.748819195469789,N. America
Progressive,2019,54910.5,41011.7,13898.8,2.9507367542521656,17.3309,3130.332,0.05700789466495479,0.22522318473537284,0,10.913459866040967,N. America
Progressive,2020,64098.3,47059.7,17038.6,2.761946404047281,8.0056,4390.0,0.06848855585873571,0.25765027643116223,0,11.06817312149623,N. America
Progressive,2021,71132.3,52900.7,18231.6,2.9015939358037692,12.5809,2131.732,0.029968551558152905,0.11692511902411198,0,11.172296802365764,N. America
Progressive,2022,75465.0,59574.0,15891.0,3.74891447989428,11.5478,2430.038,0.032200861326442724,0.15291913661821158,0,11.231424251593529,N. America
Progressive,2023,88690.8,68413.7,20277.1,3.373939074127957,19.8658,3585.851,0.04043092406427724,0.17684239856784256,0,11.392911442512474,N. America
Progressive,2024,105745.0,80154.0,25591.0,3.132116759798367,21.6264,8264.71,0.07815698141756111,0.32295377281075377,0,11.56878581446685,N. America
Prudentials,2012,709235.0,670123.0,39112.0,17.133437308242993,86.5525,2540.15,0.0035815350342270195,0.06494554101043158,0,13.47194220334629,N. America
Prudentials,2013,731781.0,695900.0,35881.0,19.394665700510018,-45.9172,4462.15,0.006097657632543069,0.12435968897187925,0,13.503236567852216,N. America
Prudentials,2014,766655.0,724306.0,42349.0,17.103260997898417,12.4328,3148.05,0.004106214659788302,0.07433587569954427,0,13.549792174724178,N. America
Prudentials,2015,757255.0,715332.0,41923.0,17.06299644586504,-0.0778,5704.74,0.007533446461231685,0.13607661665434248,0,13.537455331706905,N. America
Prudentials,2016,783962.0,737874.0,46088.0,16.010111091824335,10.1614,4234.224,0.005401057704327506,0.09187259156396459,0,13.57211582877011,N. America
Prudentials,2017,831921.0,777577.0,54344.0,14.308424113057558,4.7963,4816.28,0.005789347786628778,0.0886257912557044,0,13.63149276337205,N. America
Prudentials,2018,815078.0,766047.0,49031.0,15.623727845648672,4.5405,5105.122,0.006263353936678453,0.10412029124431482,0,13.61103909316499,N. America
Prudentials,2019,896552.0,832833.0,63719.0,13.070402862568464,3.1483,5468.05,0.006098976969545548,0.08581506301103282,0,13.706311573691542,N. America
Prudentials,2020,940722.0,872512.0,68210.0,12.791555490397302,-6.6589,7065.76,0.007510996872614864,0.1035883301568685,0,13.754402944526163,N. America
Prudentials,2021,937582.0,874974.0,62608.0,13.975434449271658,9.8326,3814.45,0.0040683908180831115,0.06092592001022233,0,13.751059499668385,N. America
Prudentials,2022,689029.0,657110.0,31919.0,20.58679783201228,-4.8722,3808.65,0.005527561249236244,0.11932234719132805,0,13.443038639095523,N. America
Prudentials,2023,721212.0,693102.0,28110.0,24.656776947705442,-11.2396,4336.21,0.006012393027292946,0.1542586268231946,0,13.488688409107981,N. America
Prudentials,2024,735587.0,707400.0,28187.0,25.096675772519248,29.1277,6726.1207,0.00914388196093732,0.23862492283676873,0,13.508424098907962,N. America
Sompo,2012,107628.9241,95519.7991,12109.125,7.8882494895378485,5.7507,-1117.0337,-0.010378564213483574,-0.09224726807263117,0,11.586444701924817,Asia
Sompo,2013,97412.4177,83790.1719,13622.2458,6.150980765594466,1.9343,727.7447,0.00747075903855736,0.053423254189114686,0,11.486708973290687,Asia
Sompo,2014,92168.4195,78680.9935,13487.426,5.833655250453274,7.3699,666.4916,0.00723123607430417,0.049415774366435815,0,11.431372829178757,Asia
Sompo,2015,85480.8754,70225.7524,15255.123,4.603420922925367,9.1599,1043.3594,0.012205764097731737,0.06839403392552129,0,11.356047950372691,Asia
Sompo,2016,90548.8533,75856.9511,14691.9022,5.163181054935147,-1.0218,1275.4246,0.01408548593955524,0.08681140009222223,0,11.413644799509672,Asia
Sompo,2017,107188.3479,90397.9427,16790.4052,5.383904773185581,4.5919,1545.22,0.014415932610899025,0.09202994100463996,0,11.582342826748427,Asia
Sompo,2018,112486.5656,94446.5826,18039.9831,5.235403053121485,10.6898,1383.3472,0.012297888131096073,0.07668228913141276,0,11.63058907660696,Asia
Sompo,2019,108497.3729,92428.8435,16068.5294,5.752165689786149,-3.4665,1268.1134,0.011687964105534576,0.07891907021684262,0,11.594481238766289,Asia
Sompo,2020,111132.2694,96170.4583,14961.8111,6.427728411836451,2.8824,1161.0111,0.010447110513159375,0.07759829958018918,0,11.618476387099593,Asia
Sompo,2021,118602.8026,100239.472,18363.3306,5.458675998568581,2.2966,1426.7587,0.012029721631552744,0.07769607437117099,0,11.68353539595796,Asia
Sompo,2022,113424.1115,96635.7848,16788.3268,5.756129598334957,8.6811,1957.2523,0.01725605141725091,0.11658411962769274,0,11.638889271131415,Asia
Sompo,2023,100559.4411,86104.8128,14454.6283,5.956902592922434,5.2977,162.3251,0.00161422038770659,0.011229974000784232,0,11.518504285372789,Asia
Sompo,2024,98022.5879,79067.6712,18954.9167,4.17135419012419,11.4233,2889.2307,0.029475152226622656,0.15242645197169344,0,11.492953219869761,Asia
Swiss RE,2012,215785.0,181759.0,34026.0,5.341768059719039,20.5706,4408.2316,0.020428813865653313,0.1295547992711456,0,12.282037820585874,Europe
Swiss RE,2013,213520.0,180543.0,32977.0,5.474815780695637,9.0616,4455.4786,0.02086679748969652,0.1351086696788671,0,12.271485784078406,Europe
Swiss RE,2014,204461.0,168420.0,36041.0,4.673011292694431,1.9725,3717.512,0.018182010261125595,0.10314674953525152,0,12.228132527231256,Europe
Swiss RE,2015,196135.0,162529.0,33606.0,4.836308992441825,-4.3463,4615.0576,0.02353000535345553,0.1373283818365768,0,12.186558476625871,Europe
Swiss RE,2016,215065.0,179349.0,35716.0,5.021530966513607,22.6965,3558.0,0.016543835584590705,0.09961921827752268,0,12.278695587000026,Europe
Swiss RE,2017,222526.0,188232.0,34294.0,5.488773546392955,-3.1044,415.6969,0.0018680823813846472,0.012121563538811454,0,12.312799227694127,Europe
Swiss RE,2018,207570.0,178843.0,28727.0,6.225606572214293,-12.9898,421.0,0.002028231439996146,0.014655202422807812,0,12.243223911160966,Europe
Swiss RE,2019,238567.0,207530.0,31037.0,6.686535425459935,32.6618,727.0,0.003047361957018364,0.02342365563682057,0,12.382405472291081,Europe
Swiss RE,2020,182622.0,155364.0,27258.0,5.699757869249395,-11.3189,-878.0,-0.0048077449595339,-0.032210727125981366,0,12.11517372181335,Europe
Swiss RE,2021,181567.0,157889.0,23678.0,6.668172987583411,5.8632,1437.0,0.007914433790281273,0.060689247402652254,0,12.10938001057493,Europe
Swiss RE,2022,170676.0,157867.0,12809.0,12.324693574830198,0.2438,474.409,0.00277958822564391,0.03703716137091108,0,12.047522301358228,Europe
Swiss RE,2023,133861.0,111322.0,22539.0,4.939083366608989,-5.3687,3111.0,0.023240525619859405,0.13802741914015706,0,11.804557227118288,Europe
Swiss RE,2024,127229.0,103989.0,23240.0,4.474569707401033,5.2601,3241.0,0.025473752053384056,0.1394578313253012,0,11.75374389132436,Europe
Talanx,2012,172022.895,153281.8353,18741.0597,8.178931061192873,12.8389,819.6638,0.004764852957508941,0.04373625681369554,0,12.055382857402295,Europe
Talanx,2013,183204.7907,167745.9428,15458.8479,10.85112835607885,4.9039,986.9152,0.005386950833704372,0.06384144577811648,0,12.118359880989429,Europe
Talanx,2014,178230.58,162621.58,15609.0,10.4184496124031,5.0317,1243.3246,0.006975933086230208,0.07965434044461528,0,12.090833384234674,Europe
Talanx,2015,165989.016,151394.8914,14594.1246,10.3736877373241,6.7303,1084.6567,0.006534508885816879,0.07432146358405081,0,12.019676896474738,Europe
Talanx,2016,165193.4422,149744.1966,15449.2456,9.692654287274713,-0.0798,1033.7609,0.0062578809802172645,0.06691335789237501,0,12.014872443155195,Europe
Talanx,2017,190424.8734,173324.7806,17100.0928,10.13589707536558,7.9281,789.447,0.004145713665996325,0.04616624068847159,0,12.157013030412095,Europe
Talanx,2018,185737.6976,169406.0004,16331.6972,10.372835004557885,2.739,807.9079,0.00434972496396445,0.04946870433037419,0,12.132090729431054,Europe
Talanx,2019,199420.3026,180768.9336,18651.369,9.691992775436484,11.8517,1043.9134,0.005234739825332107,0.05596980039374053,0,12.203169949782094,Europe
Talanx,2020,221315.2875,200411.76,20903.5275,9.587461255044156,3.3805,-183.6521,-0.000829821121146003,-0.008785698968750609,0,12.307343604086999,Europe
Talanx,2021,224900.8264,204468.6494,20432.177,10.0071886319309,10.7919,157.2961,0.0006994020543092144,0.007698450341341503,0,12.323414812462666,Europe
Talanx,2022,169746.8569,154394.7806,15352.0763,10.056931556547827,-8.707,3641.32,0.02145147230705513,0.23718746108628969,0,12.042063529196499,Europe
Talanx,2023,186456.06,167875.1784,18580.8816,9.034833869239014,6.014,4107.714,0.022030466588213865,0.22107207227454695,0,12.13595088709005,Europe
Talanx,2024,186715.6231,167575.1476,19140.4755,8.755014868883482,8.3288,4388.1514,0.023501790193795516,0.22926031278585526,0,12.13734200626449,Europe
Tokio Marine,2012,197730.3643,175251.0589,22479.3053,7.796106532704995,5.1739,114.4031,0.0005785813443727115,0.005089263145511886,0,12.194659585124548,Asia
Tokio Marine,2013,191354.723,166273.1798,25081.5432,6.629304204854509,12.7511,1548.7312,0.008093509142180932,0.06174784333046939,0,12.161884173068184,Asia
Tokio Marine,2014,183836.2278,157260.9489,26575.2789,5.917565324215656,7.9683,1833.3155,0.00997254742408286,0.06898574825493176,0,12.121800573942563,Asia
Tokio Marine,2015,174153.1471,144060.1501,30092.9971,4.787165253805843,3.9639,2343.7618,0.013458050222050797,0.07788396058430486,0,12.067690346833851,Asia
Tokio Marine,2016,194269.5822,163045.9733,31223.6089,5.221881103564553,5.2871,2136.3356,0.010996758091550577,0.06842052137028913,0,12.177002072415391,Asia
Tokio Marine,2017,203104.8693,171034.4354,32070.4339,5.333087663650225,14.8031,2500.6745,0.012312233126751532,0.07797445172701577,0,12.2214777221703,Asia
Tokio Marine,2018,215872.1051,179762.7471,36109.3579,4.978287002439331,3.2429,2568.8422,0.011899833926250068,0.07114062252544236,0,12.28244140528379,Asia
Tokio Marine,2019,203407.0777,170873.5307,32533.547,5.252225670321161,1.5332,2695.7251,0.013252857916654492,0.08285985847162623,0,12.222964558943016,Asia
Tokio Marine,2020,234310.3173,202517.0811,31793.2362,6.369816517766128,-0.3374,2401.5227,0.01024932545725335,0.0755356480508266,0,12.364401658097457,Asia
Tokio Marine,2021,232938.8663,199282.0541,33656.8122,5.921002052000635,-0.0877,1549.6195,0.006652472919672659,0.04604177872793312,0,12.35853132172628,Asia
Tokio Marine,2022,224135.0115,190632.0089,33503.0026,5.6899977347104995,7.1665,3758.7378,0.016769971700739846,0.11219107268910876,0,12.320003879179172,Asia
Tokio Marine,2023,206355.4869,179234.0062,27121.4808,6.608562693228756,9.5486,2680.1759,0.012988149432143839,0.09882114917560106,0,12.237355625086481,Asia
Tokio Marine,2024,202186.5517,167932.3817,34254.17,4.902538339127762,13.9649,4880.4728,0.024138464002499724,0.14247820922241,0,12.216946073465431,Asia
Travelers,2012,104938.0,79533.0,25405.0,3.1306042117693367,1.1736,2486.0,0.02369017896281614,0.09785475300137768,0,11.561124978549463,N. America
Travelers,2013,103812.0,79016.0,24796.0,3.1866430069366025,1.308,3752.0,0.036142257157168727,0.15131472818196484,0,11.550336849968375,N. America
Travelers,2014,103078.0,78242.0,24836.0,3.150346271541311,4.1114,3716.0,0.03605036962300394,0.14962151715252053,0,11.543241262172174,N. America
Travelers,2015,100184.0,76586.0,23598.0,3.2454445291973895,-1.0445,3412.0,0.0340573345045117,0.1445885244512247,0,11.514763774243868,N. America
Travelers,2016,100245.0,77024.0,23221.0,3.316997545325352,2.7786,2945.0,0.029378023841588108,0.12682485681064554,0,11.51537246861328,N. America
Travelers,2017,103483.0,79752.0,23731.0,3.360667481353504,4.097,2028.0,0.019597421798749553,0.08545783995617547,0,11.547162626989124,N. America
Travelers,2018,104233.0,81339.0,22894.0,3.552852275705425,5.1663,2411.0,0.023130870261817274,0.10531143531056172,0,11.5543840568194,N. America
Travelers,2019,110122.0,84179.0,25943.0,3.2447673746289944,4.3092,2518.0,0.02286554911825067,0.09705893690012721,0,11.609344121096703,N. America
Travelers,2020,116764.0,87563.0,29201.0,2.9986301838978116,1.6239,2667.0,0.022840944126614367,0.09133248861340365,0,11.667910082688888,N. America
Travelers,2021,120466.0,91579.0,28887.0,3.170249593242635,8.3367,3495.0,0.029012335430743944,0.12098868002907882,0,11.699122834422532,N. America
Travelers,2022,115717.0,94157.0,21560.0,4.367207792207792,7.0515,2978.0,0.025735198803978673,0.13812615955473098,0,11.658902834108325,N. America
Travelers,2023,125978.0,101057.0,24921.0,4.055094097347618,11.8124,3050.0,0.024210576449856323,0.12238674210505196,0,11.743862567514103,N. America
Travelers,2024,133189.0,105325.0,27864.0,3.7799669824863624,12.0186,4987.0,0.037443032082229016,0.17897645707723228,0,11.799524451095714,N. America
Zurich,2012,408831.0,371957.0,36874.0,10.087243043879155,33.3764,3095.3,0.0075710990604919886,0.08394261539295982,0,12.921057146699098,Europe
Zurich,2013,415053.0,380319.0,34734.0,10.94947313871135,2.5593,3429.7,0.008263282038679397,0.09874186675879541,0,12.936161501901873,Europe
Zurich,2014,406529.0,369699.0,36830.0,10.037985338039642,0.6997,3322.38,0.008172553495568582,0.09020852565843063,0,12.915410546138782,Europe
Zurich,2015,381973.0,349069.0,32904.0,10.608710187211281,-16.4654,1958.42,0.005127116314503905,0.05951920739119864,0,12.853105204462446,Europe
Zurich,2016,382679.0,350206.0,32473.0,10.784528685369384,11.4636,3037.06,0.007936312157186572,0.09352569827241092,0,12.854951796639321,Europe
Zurich,2017,422065.0,387172.0,34893.0,11.095979136216434,-5.4553,2549.26,0.006039970146778341,0.07305935287880091,0,12.952914609593007,Europe
Zurich,2018,395342.0,363539.0,31803.0,11.430965632173065,-26.0304,3488.24,0.00882334788613403,0.109682734333239,0,12.887506492059735,Europe
Zurich,2019,404688.0,367711.0,36977.0,9.944316737431377,53.2635,4113.03,0.010163459257502075,0.11123211726208183,0,12.910871678830567,Europe
Zurich,2020,439299.0,399453.0,39846.0,10.024920945640718,-17.2901,4047.12,0.009212677470242363,0.10156904080710737,0,12.992935553612543,Europe
Zurich,2021,435826.0,396657.0,39169.0,10.126809466670071,18.8867,5455.8,0.012518298587050796,0.13928872322499936,0,12.984998360107722,Europe
Zurich,2022,335412.0,308482.0,26930.0,11.454957296695136,-20.7012,4460.0,0.013297079412781892,0.1656145562569625,0,12.723114905906534,Europe
Zurich,2023,361382.0,335103.0,26279.0,12.751740933825488,9.3714,5195.8,0.014377583830960038,0.19771680809772063,0,12.79769084959109,Europe
Zurich,2024,358005.0,331067.0,26938.0,12.28996213527359,8.1174,6528.4,0.018235499504196867,0.24234909792857673,0,12.788302231765753,Europe
