Company,Year,Market Capitalization (Million USD),Total Assets (Million USD),Total Liabilities (Million USD),Tobins Q,Region
AIG,2024,44128.4081,161322.0,118772.0,1.0097842086014306,N. America
AIG,2021,46550.5635,596112.0,527200.0,0.9624878605027244,N. America
AIG,2020,32618.5877,586481.0,519282.0,0.9410374550923218,N. America
AIG,2019,44657.0503,525064.0,457637.0,0.9566339537656362,N. America
AIG,2023,46668.8945,539306.0,488005.0,0.9914109883813643,N. America
AIG,2018,34153.0776,491984.0,434675.0,0.9529335864580962,N. America
AIG,2017,53565.0807,498301.0,432593.0,0.9756313567502373,N. America
AIG,2016,65005.3838,498264.0,421406.0,0.9762121762760304,N. America
AIG,2015,73987.0128,496842.0,406632.0,0.9673477942686005,N. America
AIG,2014,77065.6696,515581.0,408309.0,0.9414130264691678,N. America
AIG,2013,74740.4326,541329.0,440218.0,0.9512855077041873,N. America
AIG,2022,46426.2583,522228.0,478774.0,1.0056914954770713,N. America
AIG,2012,52114.1643,548633.0,449630.0,0.9145351524607525,N. America
AXA,2015,66466.3173,963890.262,884959.638,0.987068749222409,Europe
AXA,2020,57686.8583,983610.0525,890484.8925,0.9639711879622133,Europe
AXA,2019,68169.3776,876847.9062,793049.2479,0.9821756081191633,Europe
AXA,2018,40328.927,1065800.0,981944.8688,0.9591610018765248,Europe
AXA,2017,70888.6445,1046100.0,955583.0964,0.9812367277506931,Europe
AXA,2016,61197.1627,941618.2301,861587.5941,0.9799988225610289,Europe
AXA,2014,56739.8122,1016500.0,934157.51,0.9748129091982293,Europe
AXA,2013,67268.5494,1041700.0000000001,965225.8633,0.9911629189785925,Europe
AXA,2012,42082.5367,1005400.0000000001,931577.5497,0.9684305613686093,Europe
AXA,2021,72197.2418,882974.0526,797318.3132,0.9847577654627898,Europe
AXA,2023,74071.1274,712947.564,654972.204,1.0225763691647876,Europe
AXA,2022,65632.0739,683744.1827,631163.8837,1.0190886814546056,Europe
AXA,2024,78664.6815,676578.2938,622268.8116,1.0359976066675287,Europe
Allianz,2023,104790.912,1087800.0,1019700.0,1.0337294649751794,Europe
Allianz,2012,62675.7507,916461.7059,846566.4348,0.9921223981825732,Europe
Allianz,2013,81554.4452,981128.717,908255.2309,1.0088479309081317,Europe
Allianz,2014,75493.0715,975002.27,897922.85,0.9983729796854729,Europe
Allianz,2015,80828.2688,922460.3772,850637.2038,1.0097620403245218,Europe
Allianz,2016,75353.7109,932153.3523,858181.9678,1.0014829388282402,Europe
Allianz,2017,101039.5078,1083500.0,1001100.0000000001,1.0172030528841718,Europe
Allianz,2018,84941.1378,1027900.0,954968.5376,1.0116837001653858,Europe
Allianz,2019,102161.9547,1135500.0,1048600.0,1.0134407350946721,Europe
Allianz,2020,101097.7668,1295900.0,1192400.0,0.9981462819662011,Europe
Allianz,2021,96515.3727,1297400.0,1201500.0,1.0004743122398643,Europe
Allianz,2024,118178.9167,1081000.0,1014699.9999999999,1.0479915973172989,Europe
Allianz,2022,86415.5582,1002400.0,939528.2182,1.0234874066241022,Europe
Allstate,2024,51089.35,111617.0,90250.0,1.2662887373787148,N. America
Allstate,2019,35871.55,119950.0,93952.0,1.0823138807836599,N. America
Allstate,2018,27433.16,112249.0,90937.0,1.0545319780131672,N. America
Allstate,2017,37172.05,112422.0,89871.0,1.130055060397431,N. America
Allstate,2016,27127.92,108610.0,88037.0,1.0603528220237548,N. America
Allstate,2015,23656.29,104656.0,84631.0,1.0346973895428835,N. America
Allstate,2014,29364.5,108479.0,86175.0,1.0650863300731017,N. America
Allstate,2013,24488.46,123520.0,102040.0,1.0243560556994817,N. America
Allstate,2012,19241.43,126947.0,106367.0,0.9894556783539586,N. America
Allstate,2023,36674.76,103362.0,85732.0,1.184253013680076,N. America
Allstate,2020,33418.72,125987.0,95770.0,1.025413098176796,N. America
Allstate,2021,33059.65,99440.0,74313.0,1.0797732300884955,N. America
Allstate,2022,35662.8,97989.0,80626.0,1.1867536152017064,N. America
Assicurazioni Generali,2016,23225.7327,549692.7648,522620.7252,0.993002806028565,Europe
Assicurazioni Generali,2024,42942.4411,557445.7803,523195.7648,1.0155933113267481,Europe
Assicurazioni Generali,2023,33301.427,562727.2104,528114.5928,0.9976699356708414,Europe
Assicurazioni Generali,2022,27536.1831,539016.0796,507983.0993,0.9935126291545978,Europe
Assicurazioni Generali,2021,33401.2972,667475.785,631181.7714,0.995666185253447,Europe
Assicurazioni Generali,2020,27366.3609,665907.975,627037.365,0.982723965574973,Europe
Assicurazioni Generali,2019,32419.9404,577815.1446,544294.3338,0.9980947706021757,Europe
Assicurazioni Generali,2018,26164.2519,590725.0804,562503.9168,0.9965179882008613,Europe
Assicurazioni Generali,2017,28595.2856,645690.8002,614219.6086,0.9955460012762931,Europe
Assicurazioni Generali,2015,28617.8343,543894.3702,517047.744,1.0032565295708957,Europe
Assicurazioni Generali,2014,32018.5246,606594.78,577330.93,1.004541210526078,Europe
Assicurazioni Generali,2013,36698.9417,620030.6584,590515.3039,1.0115858580582733,Europe
Assicurazioni Generali,2012,27940.2158,583324.5561,554652.7539,0.9987458330146578,Europe
China Life,2015,114920.7156,377389.5954,327106.1272,1.1712745878208173,Asia
China Life,2014,143782.5247,361917.55,315629.0879,1.2693819700094677,Asia
China Life,2019,124958.8112,535188.8445,476404.0555,1.1236461164690812,Asia
China Life,2012,95760.3134,304557.498,268775.4611,1.1969358065188727,Asia
China Life,2016,91670.6824,388626.4536,344294.8542,1.1218112729112477,Asia
China Life,2018,77536.6203,473126.8445,426126.7718,1.064541989014111,Asia
China Life,2017,120833.5236,445324.2043,395328.0465,1.159069201979148,Asia
China Life,2013,75327.6483,325976.6374,289200.3172,1.1182640829952926,Asia
China Life,2024,53416.823,927411.2941,856001.5892,0.9805988108895514,Asia
China Life,2023,92774.7698,796165.0144,748607.4185,1.0567937212539744,Asia
China Life,2022,124828.0618,726244.1655,671889.2239,1.0970377781300056,Asia
China Life,2021,110908.9109,769729.8658,693089.4731,1.0445201878250934,Asia
China Life,2020,138885.2205,651499.2646,581494.2088,1.1057256215665727,Asia
Chubb,2023,91590.938,230682.0,166991.0,1.1209454487129469,Europe
Chubb,2024,110714.4221,246548.0,178154.0,1.1716518572448367,Europe
Chubb,2022,91459.6252,199017.0,148498.0,1.2057142113487793,Europe
Chubb,2021,82460.7516,200054.0,140340.0,1.113703058174293,Europe
Chubb,2020,69376.7656,190774.0,131333.0,1.0520813402245588,Europe
Chubb,2019,70353.8941,176943.0,121612.0,1.0849024493763528,Europe
Chubb,2018,59319.8924,167771.0,117459.0,1.0536915938988265,Europe
Chubb,2016,61563.7868,159786.0,111511.0,1.0831661522286058,Europe
Chubb,2015,37925.2381,102306.0,73171.0,1.085921041776631,Europe
Chubb,2014,37756.4247,98248.0,68661.0,1.083151053456559,Europe
Chubb,2013,35178.8661,94510.0,65685.0,1.0672295640672944,Europe
Chubb,2012,27157.6584,92545.0,65014.0,0.9959658371603004,Europe
Chubb,2017,67779.9424,167022.0,115850.0,1.0994356575780435,Europe
Daichi,2021,19090.7425,574936.3077,531476.1414,0.9576136982938362,Asia
Daichi,2023,18031.6546,464364.6833,444316.7508,0.9956579861205823,Asia
Daichi,2020,13571.1859,556800.8814,521758.0349,0.961437452207309,Asia
Daichi,2022,21060.6329,541964.1412,505698.0421,0.9719437781135621,Asia
Daichi,2018,21301.1529,504641.5741,469344.3513,0.97226532529556,Asia
Daichi,2017,21077.9353,467036.6544,438851.7114,0.9847827624811797,Asia
Daichi,2024,24066.5326,446340.9265,420685.6463,0.9964405065597317,Asia
Daichi,2016,14359.5873,443777.0844,417706.3378,0.9736102658030803,Asia
Daichi,2015,17337.4207,415483.1346,385554.6061,0.9696952613681373,Asia
Daichi,2014,14441.3893,365821.0537,346925.0315,0.9878229181865155,Asia
Daichi,2013,13303.8474,378841.1271,361339.3229,0.9889189517723829,Asia
Daichi,2012,13675.0551,405042.5995,393040.3606,1.0041299759631825,Asia
Daichi,2019,15905.6303,505021.7658,471496.5153,0.9651111666997384,Asia
India Life Insurance,2019,,494386.3361,494256.8796,,Asia
India Life Insurance,2020,,464330.9376,464185.2487,,Asia
India Life Insurance,2021,,523434.3481,522479.851,,Asia
India Life Insurance,2022,,560385.353,558875.9074,,Asia
India Life Insurance,2023,41154.1321,557506.1467,551862.2806,1.0636948421289936,Asia
India Life Insurance,2024,69516.0172,637744.535,627799.4074,1.0934087025928023,Asia
MSAD,2012,12787.2625,175931.3082,157631.2477,0.9686650542396184,Asia
MSAD,2013,13636.3894,168909.6052,147453.1734,0.9537027962930792,Asia
MSAD,2014,14218.1286,163754.2253,141576.7537,0.9513945793739468,Asia
MSAD,2015,17199.5023,156629.0454,131316.4485,0.9482018512001988,Asia
MSAD,2017,18840.3628,190767.2267,166201.3117,0.9699867094623963,Asia
MSAD,2018,18711.5318,211569.6385,183623.9879,0.9563542346365544,Asia
MSAD,2019,17758.4731,208833.9713,183754.5545,0.9649437126803325,Asia
MSAD,2020,15971.1187,215220.4027,192080.321,0.9666901329517863,Asia
MSAD,2023,16522.6116,183399.7439,159753.5814,0.9611583378007105,Asia
MSAD,2021,16396.5671,218267.4442,190000.0,0.9456131575484861,Asia
MSAD,2022,17907.9376,205938.1869,178768.4847,0.955026482754763,Asia
MSAD,2024,28408.0086,178166.8451,148338.9175,0.9920303971302683,Asia
MSAD,2016,16827.6924,180476.88,156252.2222,0.959014332472946,Asia
MetLife,2016,59037.5192,898764.0,831062.0,0.9903595595729245,N. America
MetLife,2023,48329.2001,687584.0,657331.0,1.0262894425990134,N. America
MetLife,2022,56383.3522,663072.0,632947.0,1.0396010572004246,N. America
MetLife,2024,56432.602,677457.0,649754.0,1.0424080081835452,N. America
MetLife,2020,41922.1527,795146.0,720329.0,0.9586304310151846,N. America
MetLife,2019,46654.7829,740463.0,674081.0,0.9733582675974356,N. America
MetLife,2018,39360.672,687538.0,634580.0,0.980223161483438,N. America
MetLife,2017,52763.8293,719892.0,661022.0,0.9915179350513688,N. America
MetLife,2021,51588.0113,759708.0,691959.0,0.9787273680150795,N. America
MetLife,2014,61225.9798,902337.0,829678.0,0.987329545169931,N. America
MetLife,2013,60499.865,885296.0,822313.0,0.997195135864163,N. America
MetLife,2012,35960.1611,836781.0,771823.0,0.9653459639977485,N. America
MetLife,2015,52935.9552,877933.0,809437.0,0.9822765008263729,N. America
Munich RE,2024,67428.5341,296514.3735,262626.573,1.1131167207986967,Europe
Munich RE,2012,32041.9316,341031.5952,304820.3469,0.9877743975670206,Europe
Munich RE,2023,56635.7343,302924.5752,269985.9408,1.0782277234666564,Europe
Munich RE,2014,33796.9485,330310.64,293660.95,0.9913634586521343,Europe
Munich RE,2015,32643.1234,292151.9688,258504.3132,0.996561610711966,Europe
Munich RE,2017,32868.3189,319450.9884,285551.3528,0.9967715964656568,Europe
Munich RE,2018,31815.5918,309396.3936,279048.5936,1.0047440494794442,Europe
Munich RE,2019,42620.3404,322893.2637,288559.4733,1.0256634341176563,Europe
Munich RE,2020,41584.585,364238.985,327571.32,1.0134991590754625,Europe
Munich RE,2021,41554.0855,355704.333,320470.356,1.0177678704296245,Europe
Munich RE,2022,44818.6024,288544.7001,259362.5806,1.054190851173426,Europe
Munich RE,2016,29729.353,282453.9335,248930.294,0.9865667068148655,Europe
Munich RE,2013,39180.2263,350670.8168,314560.1836,1.0087534888931196,Europe
New China Life,2023,11157.1728,197608.4324,182809.2435,0.9815695309366769,Asia
New China Life,2024,9479.2536,231840.5622,218651.944,0.9840003640225817,Asia
New China Life,2014,21871.4694,103700.261,95908.9152,1.1357771278897746,Asia
New China Life,2015,21126.3611,101820.4239,92904.6628,1.1199228949586018,Asia
New China Life,2016,17904.0985,100750.897,92231.0763,1.0931433672496238,Asia
New China Life,2017,29568.0584,109160.5576,99367.1139,1.1811516461143472,Asia
New China Life,2018,12388.8562,106698.9896,97162.6081,1.0267338492210052,Asia
New China Life,2019,19167.24,126227.1304,114097.8545,1.0557563503004266,Asia
New China Life,2020,22555.8296,153875.4749,138297.5855,1.0453479685735156,Asia
New China Life,2021,15521.6777,177423.42,160351.0014,0.99125966064683,Asia
New China Life,2022,11624.8347,176113.4143,161908.2133,0.9853482694077779,Asia
New China Life,2012,13568.664,79180.9142,73426.6239,1.0986901171696755,Asia
New China Life,2013,11372.1476,93491.6727,86995.4068,1.052153112241835,Asia
People Insurance China,2014,19860.8618,126014.2733,105784.0642,0.9970690042458864,Asia
People Insurance China,2024,22033.1476,241981.6697,191645.8887,0.8830381101383069,Asia
People Insurance China,2023,26875.7346,219213.9357,172334.1125,0.9087462731959882,Asia
People Insurance China,2022,29757.2031,205300.6407,161104.282,0.92966823897496,Asia
People Insurance China,2021,28889.8086,216619.7826,169909.8504,0.9177354746361932,Asia
People Insurance China,2020,38499.079,192435.3475,150525.1869,0.9822741422284698,Asia
People Insurance China,2012,21401.1037,110449.0778,97082.2775,1.0727421501386225,Asia
People Insurance China,2018,17786.2647,149979.6467,119987.4973,0.918616392500143,Asia
People Insurance China,2017,20907.0834,151829.0378,123107.7197,0.9485326732407179,Asia
People Insurance China,2016,16742.2122,134325.9795,109807.3404,0.9421077968018838,Asia
People Insurance China,2015,20801.1787,130014.3353,105783.8921,0.9736239508352122,Asia
People Insurance China,2019,42321.7838,162740.7588,127226.4985,1.0418304765824895,Asia
People Insurance China,2013,20517.6789,124796.6096,109133.2364,1.038897737010317,Asia
Ping An,2017,190353.37,997906.0046,907550.3712,1.1002075707922843,Asia
Ping An,2013,61033.9641,555203.2252,515598.2751,1.0385967030221785,Asia
Ping An,2014,100192.3025,645344.4276,588345.362,1.0669305181120616,Asia
Ping An,2015,101433.3997,734513.9114,670765.0096,1.0513053562568644,Asia
Ping An,2016,92572.3514,803623.0673,733524.7921,1.0279659421369125,Asia
Ping An,2018,161392.96,1038400.0,939058.9518,1.0597572340138677,Asia
Ping An,2020,235602.9071,1459700.0,1308400.0,1.0577535843666506,Asia
Ping An,2021,139543.6629,1595600.0,1426100.0,0.9812256598771621,Asia
Ping An,2022,123108.2695,1596000.0,1424000.0,0.9693660836466165,Asia
Ping An,2012,60973.6234,456177.3857,422552.8468,1.059952740660375,Asia
Ping An,2024,107957.4726,1775200.0,1596400.0,0.9600932134970708,Asia
Ping An,2019,221007.1053,1180900.0,1058500.0,1.083501655771022,Asia
Ping An,2023,94786.1352,1631200.0,1458100.0,0.9519900289357528,Asia
Power Corp Canada,2012,11734.6359,273024.4246,247088.1496,0.9479839976924906,N. America
Power Corp Canada,2021,22359.5452,523071.389,488501.0673,0.9766556214757905,N. America
Power Corp Canada,2019,10991.987,367737.71,339547.6961,0.9532328982523984,N. America
Power Corp Canada,2018,8389.8023,331989.8708,304064.1515,0.9411550811688197,N. America
Power Corp Canada,2017,11997.5554,355648.599,326259.28,0.9510984616587792,N. America
Power Corp Canada,2016,10349.2889,314292.9368,288225.2788,0.9499881567176216,N. America
Power Corp Canada,2015,9694.5449,305799.1033,280121.4926,0.947733444514649,N. America
Power Corp Canada,2014,12619.0304,325252.6905,298145.5015,0.9554556840783458,N. America
Power Corp Canada,2013,13836.2166,324618.9311,296969.3263,0.9574473732841393,N. America
Power Corp Canada,2022,15703.2646,520621.5817,490629.7118,0.972554719584726,N. America
Power Corp Canada,2020,15504.379,492719.2982,462383.302,0.9698984447043524,N. America
Power Corp Canada,2024,20092.595,591632.3836,561065.3231,0.9822956521814031,N. America
Power Corp Canada,2023,18712.5802,567485.4244,536240.63,0.9779162359751349,N. America
Progressive,2013,16247.466,24408.2,18218.7,1.412073237682418,N. America
Progressive,2024,140411.46,105745.0,80154.0,2.085824010591517,N. America
Progressive,2023,93226.584,88690.8,68413.7,1.822514668939732,N. America
Progressive,2021,59988.66,71132.3,52900.7,1.5870337385407192,N. America
Progressive,2020,57864.576,64098.3,47059.7,1.6369275940235544,N. America
Progressive,2022,75867.379,75465.0,59574.0,1.7947575564831382,N. America
Progressive,2018,35184.456,46575.0,35538.7,1.5184789264626943,N. America
Progressive,2017,32761.344,38701.2,28912.7,1.593595134001013,N. America
Progressive,2016,20586.45,33427.5,24986.7,1.3633430558671753,N. America
Progressive,2015,18558.48,29819.3,22065.0,1.3623217178136307,N. America
Progressive,2014,15864.722,25787.6,18859.0,1.3465278661061908,N. America
Progressive,2019,42319.194,54910.5,41011.7,1.5175766747707633,N. America
Progressive,2012,12757.06,22694.7,16687.7,1.2974289151211518,N. America
Prudentials,2020,30949.8718,940722.0,872512.0,0.9603919880687386,N. America
Prudentials,2024,42026.8267,735587.0,707400.0,1.0188146700526246,N. America
Prudentials,2023,36772.1438,721212.0,693102.0,1.012010537539586,N. America
Prudentials,2022,36398.6532,689029.0,657110.0,1.0065014000862083,N. America
Prudentials,2021,40729.2332,937582.0,874974.0,0.9766646898084648,N. America
Prudentials,2019,37386.5499,896552.0,832833.0,0.9706291993102464,N. America
Prudentials,2017,48585.0544,831921.0,777577.0,0.9930775330830692,N. America
Prudentials,2018,33493.6005,815078.0,766047.0,0.9809375305185515,N. America
Prudentials,2012,24800.2295,709235.0,670123.0,0.9798208344201852,N. America
Prudentials,2016,44701.4884,783962.0,737874.0,0.9982314045833854,N. America
Prudentials,2014,41144.2363,766655.0,724306.0,0.9984285451735135,N. America
Prudentials,2015,36398.5225,757255.0,715332.0,0.9927046008279905,N. America
Prudentials,2013,42702.9553,731781.0,695900.0,1.0093224001443055,N. America
Sompo,2024,20819.7884,98022.5879,79067.6712,1.0190249180311632,Asia
Sompo,2023,13175.8312,100559.4411,86104.8128,0.9872831721615446,Asia
Sompo,2022,15165.6907,113424.1115,96635.7848,0.9856940823380398,Asia
Sompo,2021,13612.9044,118602.8026,100239.472,0.9599467626745609,Asia
Sompo,2019,13778.1145,108497.3729,92428.8435,0.9788896741111783,Asia
Sompo,2018,15342.1133,112486.5656,94446.5826,0.9760160719139246,Asia
Sompo,2017,14416.2289,107188.3479,90397.9427,0.9778504254752116,Asia
Sompo,2016,11453.0529,90548.8533,75856.9511,0.9642309186481989,Asia
Sompo,2015,12705.4456,85480.8754,70225.7524,0.9701725399035864,Asia
Sompo,2014,10582.3728,92168.4195,78680.9935,0.9684810348733385,Asia
Sompo,2013,8644.8935,97412.4177,83790.1719,0.9489043346062029,Asia
Sompo,2012,9287.5015,107628.9241,95519.7991,0.9737837804884273,Asia
Sompo,2020,11294.0237,111132.2694,96170.4583,0.9669961981357684,Asia
Swiss RE,2012,24769.8301,215785.0,181759.0,0.9571046648284172,Europe
Swiss RE,2013,31637.2737,213520.0,180543.0,0.9937255231360059,Europe
Swiss RE,2016,30925.0346,215065.0,179349.0,0.977723174854114,Europe
Swiss RE,2017,29484.3369,222526.0,188232.0,0.978386062302832,Europe
Swiss RE,2018,27462.9082,207570.0,178843.0,0.9939100457676928,Europe
Swiss RE,2019,32635.2601,238567.0,207530.0,1.0066994181927928,Europe
Swiss RE,2024,42627.4625,127229.0,103989.0,1.1523824167446102,Europe
Swiss RE,2020,27274.3988,182622.0,155364.0,1.000089796410071,Europe
Swiss RE,2021,28522.434,181567.0,157889.0,1.026681247142928,Europe
Swiss RE,2022,27108.8929,170676.0,157867.0,1.083783853031475,Europe
Swiss RE,2023,32722.4996,133861.0,111322.0,1.076075179477219,Europe
Swiss RE,2015,33483.9906,196135.0,162529.0,0.9993779315267545,Europe
Swiss RE,2014,28940.4329,204461.0,168420.0,0.9652717775028001,Europe
Talanx,2013,8592.5625,183204.7907,167745.9428,0.9625212562741132,Europe
Talanx,2014,7729.7174,178230.58,162621.58,0.9557916346341913,Europe
Talanx,2015,7841.0235,165989.016,151394.8914,0.9593159760643439,Europe
Talanx,2016,8470.6974,165193.4422,149744.1966,0.9577552952038432,Europe
Talanx,2017,10354.3267,190424.8734,173324.7806,0.9645751840105988,Europe
Talanx,2024,21953.8632,186715.6231,167575.1476,1.015067768049025,Europe
Talanx,2018,8627.2147,185737.6976,169406.0004,0.9585195541909204,Europe
Talanx,2019,12541.2203,199420.3026,180768.9336,0.969360448157298,Europe
Talanx,2020,9815.2726,221315.2875,200411.76,0.949898377896737,Europe
Talanx,2021,12259.1691,224900.8264,204468.6494,0.96365950258687,Europe
Talanx,2022,12026.8611,169746.8569,154394.7806,0.98041074067157,Europe
Talanx,2012,7161.2196,172022.895,153281.8353,0.9326843086787955,Europe
Talanx,2023,18217.4736,186456.06,167875.1784,0.9980509724382248,Europe
Tokio Marine,2019,34202.0279,203407.0777,170873.5307,1.0082026688494135,Asia
Tokio Marine,2014,23060.4534,183836.2278,157260.9489,0.9808806700286308,Asia
Tokio Marine,2015,28551.4595,174153.1471,144060.1501,0.9911483798847756,Asia
Tokio Marine,2016,25491.5822,194269.5822,163045.9733,0.9704944714705832,Asia
Tokio Marine,2017,31646.0871,203104.8693,171034.4354,0.9979107010015934,Asia
Tokio Marine,2018,32337.839,215872.1051,179762.7471,0.9825289191567718,Asia
Tokio Marine,2020,32051.0433,234310.3173,202517.0811,1.001100280614916,Asia
Tokio Marine,2021,32999.6168,232938.8663,199282.0541,0.9971786786359921,Asia
Tokio Marine,2022,39743.6428,224135.0115,190632.0089,1.0278432189519842,Asia
Tokio Marine,2023,38196.4379,206355.4869,179234.0062,1.0536693129239008,Asia
Tokio Marine,2024,61315.3204,202186.5517,167932.3817,1.1338424844405712,Asia
Tokio Marine,2013,21573.3401,191354.723,166273.1798,0.9816664932801268,Asia
Tokio Marine,2012,21078.2221,197730.3643,175251.0589,0.9929141722620092,Asia
Travelers,2018,31578.075,104233.0,81339.0,1.083314065603024,N. America
Travelers,2023,43469.818,125978.0,101057.0,1.1472385495880233,N. America
Travelers,2024,54585.674,133189.0,105325.0,1.200629736689967,N. America
Travelers,2012,27104.868,104938.0,79533.0,1.0161987840439117,N. America
Travelers,2013,29171.988,103812.0,79016.0,1.0421530073594574,N. America
Travelers,2015,33395.274,100184.0,76586.0,1.0977928012457079,N. America
Travelers,2016,34228.632,100245.0,77024.0,1.109807292134271,N. America
Travelers,2014,34104.87,103078.0,78242.0,1.0899209336618871,N. America
Travelers,2019,34990.725,110122.0,84179.0,1.0821609215234014,N. America
Travelers,2020,35429.388,116764.0,87563.0,1.0533416806549964,N. America
Travelers,2021,37730.916,120466.0,91579.0,1.0734142081583185,N. America
Travelers,2022,43516.429,115717.0,94157.0,1.1897424665347356,N. America
Travelers,2017,36812.696,103483.0,79752.0,1.126413961713518,N. America
Zurich,2019,61366.9536,404688.0,367711.0,1.0602685367492983,Europe
Zurich,2022,71179.8118,335412.0,308482.0,1.1319267402478148,Europe
Zurich,2021,64934.0652,435826.0,396657.0,1.059117779113683,Europe
Zurich,2020,62812.3191,439299.0,399453.0,1.0522794704745515,Europe
Zurich,2018,43838.6556,395342.0,363539.0,1.0304436553667458,Europe
Zurich,2012,39176.4049,408831.0,371957.0,1.005631678859969,Europe
Zurich,2016,41184.4802,382679.0,350206.0,1.0227644584625757,Europe
Zurich,2015,38932.5361,381973.0,349069.0,1.015782623640938,Europe
Zurich,2014,46748.5806,406529.0,369699.0,1.024398211689695,Europe
Zurich,2013,42986.021,415053.0,380319.0,1.0198818488241261,Europe
Zurich,2023,75426.6912,361382.0,335103.0,1.135999278325982,Europe
Zurich,2017,46104.5657,422065.0,387172.0,1.0265635996825133,Europe
Zurich,2024,84701.54,358005.0,331067.0,1.1613484169215513,Europe
